dataset_group	tool	unit	sample	n_rrach
Curlcake_m6A	DENA	Curlcake_m6A_rep1	Curlcake_m6A_rep1	112
Curlcake_m6A	DENA	Curlcake_m6A_rep2	Curlcake_m6A_rep2	113
Curlcake_m6A	DRUMMER	Curlcake_m6A_rep1	Curlcake_m6A_rep1	7
Curlcake_m6A	DRUMMER	Curlcake_m6A_rep2	Curlcake_m6A_rep2	12
Curlcake_m6A	ELIGOS2_diff	Curlcake_m6A_rep1	Curlcake_m6A_rep1	96
Curlcake_m6A	ELIGOS2_diff	Curlcake_m6A_rep2	Curlcake_m6A_rep2	101
Curlcake_m6A	ELIGOS2_solo	Curlcake_m6A_rep1	Curlcake_m6A_rep1	101
Curlcake_m6A	ELIGOS2_solo	Curlcake_m6A_rep2	Curlcake_m6A_rep2	96
Curlcake_m6A	EpiNano_Error	Curlcake_m6A_rep1	Curlcake_m6A_rep1	7
Curlcake_m6A	EpiNano_Error	Curlcake_m6A_rep2	Curlcake_m6A_rep2	9
Curlcake_m6A	MINES	Curlcake_m6A_rep1	Curlcake_m6A_rep1	89
Curlcake_m6A	MINES	Curlcake_m6A_rep2	Curlcake_m6A_rep2	92
Curlcake_m6A	NanoSPA_m6A	Curlcake_m6A_rep1	Curlcake_m6A_rep1	33
Curlcake_m6A	NanoSPA_m6A	Curlcake_m6A_rep2	Curlcake_m6A_rep2	33
Curlcake_m6A	Nanocompore	Curlcake_m6A_rep1	Curlcake_m6A_rep1	99
Curlcake_m6A	Nanocompore	Curlcake_m6A_rep2	Curlcake_m6A_rep2	82
Curlcake_m6A	Nanom6A	Curlcake_m6A_rep1	Curlcake_m6A_rep1	127
Curlcake_m6A	Nanom6A	Curlcake_m6A_rep2	Curlcake_m6A_rep2	130
Curlcake_m6A	m6Anet	Curlcake_m6A_rep1	Curlcake_m6A_rep1	81
Curlcake_m6A	m6Anet	Curlcake_m6A_rep2	Curlcake_m6A_rep2	85
Curlcake_m6A	xPore	Curlcake_m6A_rep1	Curlcake_m6A_rep1	87
Curlcake_m6A	xPore	Curlcake_m6A_rep2	Curlcake_m6A_rep2	79
Curlcake_m6A	yanocomp	Curlcake_m6A_rep1	Curlcake_m6A_rep1	23
Curlcake_m6A	yanocomp	Curlcake_m6A_rep2	Curlcake_m6A_rep2	123
Curlcake_IVT	DENA	Curlcake_IVT_rep1	Curlcake_IVT_rep1	20
Curlcake_IVT	DENA	Curlcake_IVT_rep3	Curlcake_IVT_rep3	14
Curlcake_IVT	ELIGOS2_solo	Curlcake_IVT_rep1	Curlcake_IVT_rep1	0
Curlcake_IVT	ELIGOS2_solo	Curlcake_IVT_rep3	Curlcake_IVT_rep3	0
Curlcake_IVT	EpiNano_Error	Curlcake_IVT_rep1	Curlcake_IVT_rep1	0
Curlcake_IVT	EpiNano_Error	Curlcake_IVT_rep3	Curlcake_IVT_rep2_partial	0
Curlcake_IVT	MINES	Curlcake_IVT_rep1	Curlcake_IVT_rep1	72
Curlcake_IVT	MINES	Curlcake_IVT_rep3	Curlcake_IVT_rep3	74
Curlcake_IVT	NanoSPA_m6A	Curlcake_IVT_rep1	Curlcake_IVT_rep1	28
Curlcake_IVT	NanoSPA_m6A	Curlcake_IVT_rep3	Curlcake_IVT_rep3	24
Curlcake_IVT	Nanocompore	Curlcake_IVT_rep1	Curlcake_IVT_rep1	1
Curlcake_IVT	Nanocompore	Curlcake_IVT_rep3	Curlcake_IVT_rep3	2
Curlcake_IVT	Nanom6A	Curlcake_IVT_rep1	Curlcake_IVT_rep1	1
Curlcake_IVT	Nanom6A	Curlcake_IVT_rep3	Curlcake_IVT_rep3	20
Curlcake_IVT	m6Anet	Curlcake_IVT_rep1	Curlcake_IVT_rep1	13
Curlcake_IVT	m6Anet	Curlcake_IVT_rep3	Curlcake_IVT_rep3	11
Curlcake_IVT	xPore	Curlcake_IVT_rep1	Curlcake_IVT_rep1	0
Curlcake_IVT	xPore	Curlcake_IVT_rep3	Curlcake_IVT_rep3	0
Curlcake_IVT	yanocomp	Curlcake_IVT_rep1	Curlcake_IVT_rep1	0
Curlcake_IVT	yanocomp	Curlcake_IVT_rep3	Curlcake_IVT_rep2_partial	0
