file	rows	bytes	fingerprint	source	generated_by	generated_at
harmonisation/manifest/result_file_inventory.csv	1814	164705	sha256=01cc221e8546ffd8d7bea34e1e8f29259ac03aba7dccec9099ed4d2ce87b3147		02_scan_result_files	2026-09-14 02:40:38
harmonisation/manifest/unmatched_files.csv	1241	108058	sha256=3bb8134027c86b15cdb837b106fef3651e4e2346db9e04706853408c48269819		02_scan_result_files	2026-09-14 02:40:38
harmonisation/manifest/replicate_matrix.csv	25	1917	sha256=81c6daa26874d22196dea34f412bf450fcabf7f8749f1b7109325c143b7be241		02_scan_result_files	2026-09-14 02:40:38
harmonisation/universe/RNA002/Human/HeLa_WT1__universe.tsv.gz	14137522	39328802	sha256=e1ee059c52797da2ad120458434a766ccf164ccf0c5549ad664a2ced5c7c6f93	$RNAMODBENCH_LOCAL/raw/result/Nanom6A/HeLa_WT1/result_final/extract.sort.bam	04_build_universe	2026-09-14 04:51:31
harmonisation/universe/RNA002/Human/HeLa_WT2__universe.tsv.gz	21070999	58916526	sha256=af2d160d74b7e89bf399c350dc4c460c230d94792b7777e2c205223a8cde8e34	$RNAMODBENCH_LOCAL/raw/result/Nanom6A/HeLa_WT2/result_final/extract.sort.bam	04_build_universe	2026-09-14 04:55:20
harmonisation/universe/RNA002/Human/HeLa_WT3__universe.tsv.gz	11033345	30786335	sha256=3ded158667c16e17a8a55a05dbc6b70c7c76dd41d35d1efe0a18fc912270a1d1	$RNAMODBENCH_LOCAL/raw/result/Nanom6A/HeLa_WT3/result_final/extract.sort.bam	04_build_universe	2026-09-14 04:57:45
harmonisation/universe/RNA002/Human/HeLa_IVT_rep1__universe.tsv.gz	14217239	40539731	sha256=e5d3d3f61be94710a5fe317537288107c08c3f5e282a0aceb8f4d40957ba5104	$RNAMODBENCH_LOCAL/raw/result/Nanom6A/HeLa_IVT_rep1_fast5/result_final/extract.sort.bam	04_build_universe	2026-09-14 05:00:37
harmonisation/universe/RNA002/Human/HeLa_IVT_rep2__universe.tsv.gz	18962788	53934378	sha256=81bccb721092e1c678d3c3e67d1441777067f0d0d92216c41675389fb7e63b7e	$RNAMODBENCH_LOCAL/raw/result/Nanom6A/HeLa_IVT_rep2_fast5/result_final/extract.sort.bam	04_build_universe	2026-09-14 05:04:12
harmonisation/universe/RNA002/Human/HeLa_IVT_rep3__universe.tsv.gz	10804462	30558091	sha256=9bb4fb36b095c5205cad1ce99b0a43bc24cce0fea80ba7482ac63d068300938d	$RNAMODBENCH_LOCAL/raw/result/Nanom6A/HeLa_IVT_rep3_fast5/result_final/extract.sort.bam	04_build_universe	2026-09-14 05:06:36
harmonisation/universe/RNA002/Arabidopsis/Arabidopsis_WT_rep1__universe.tsv.gz	18977917	61664621	sha256=a65b18b1c0be9181900422bc4a19111b80ec55dda7ac82ab21ee79b3ddb20864	$RNAMODBENCH_LOCAL/raw/result/Nanom6A/Arabidopsis_WT_rep1/result_final/extract.sort.bam	04_build_universe	2026-09-14 05:09:09
harmonisation/universe/RNA002/Arabidopsis/Arabidopsis_WT_rep2__universe.tsv.gz	16346908	52538125	sha256=aa71bc6bafb8410ae6024c6d90fa7e2094a4e109b57887d2a302cb4d4d437bb5	$RNAMODBENCH_LOCAL/raw/result/Nanom6A/Arabidopsis_WT_rep2/result_final/extract.sort.bam	04_build_universe	2026-09-14 05:11:15
harmonisation/universe/RNA002/Arabidopsis/Arabidopsis_WT_rep3__universe.tsv.gz	18656475	52520520	sha256=f3e8b8b060bbfaf5f891d36200d87a62b13673eb84a4c2cb4f78ce6d0764a743	$RNAMODBENCH_LOCAL/raw/result/Nanom6A/Arabidopsis_WT_rep3/result_final/extract.sort.bam	04_build_universe	2026-09-14 05:13:36
harmonisation/universe/RNA002/Arabidopsis/Arabidopsis_fip37_rep1__universe.tsv.gz	11090206	35021773	sha256=14bbfacf04c586c2cec64a0aeb2de4123cb0706185ae7aea5d8c23cad873f7d2	$RNAMODBENCH_LOCAL/raw/fastq_backup/Arabidopsis_fip37/Arabidopsis_fip37_rep1/fastq/Arabidopsis_fip37_rep1G_sort.bam	04_build_universe	2026-09-14 05:15:04
harmonisation/universe/RNA002/Arabidopsis/Arabidopsis_fip37_rep2__universe.tsv.gz	14843224	41610583	sha256=375b5f8252e923d1ad23a4cc6caedbfcdd53418a49ce07da308ef0bb05243805	$RNAMODBENCH_LOCAL/raw/result/Nanom6A/Arabidopsis_fip37_rep2/result_final/extract.sort.bam	04_build_universe	2026-09-14 05:16:57
harmonisation/universe/RNA002/Arabidopsis/Arabidopsis_fip37_rep3__universe.tsv.gz	8694312	27063305	sha256=83cfa87d4a2b75b5903b367dded67354f12082a9b602ef861757d207d39a0bd9	$RNAMODBENCH_LOCAL/raw/fastq_backup/Arabidopsis_fip37/Arabidopsis_fip37_rep3/fastq/Arabidopsis_fip37_rep3G_sort.bam	04_build_universe	2026-09-14 05:18:07
harmonisation/universe/RNA002/Mouse/mES_WT__universe.tsv.gz	21882196	61247520	sha256=8428a66106fedde6db3023484fd2444b885dc7d0b454f32e10fa7920fc736da1	$RNAMODBENCH_LOCAL/raw/result/Nanom6A/mES_WT/result_final/extract.sort.bam	04_build_universe	2026-09-14 05:22:54
harmonisation/universe/RNA002/Mouse/mES_KO__universe.tsv.gz	22772594	63659848	sha256=5bb580739eba24447b9ce9aad8c1abc16bbb49f9d69f39af8dbbe4fe084f741d	$RNAMODBENCH_LOCAL/raw/result/Nanom6A/mES_KO/result_final/extract.sort.bam	04_build_universe	2026-09-14 05:26:57
harmonisation/universe/RNA002/Mouse/mESCs_Mettl3_WT__universe.tsv.gz	12858008	45254721	sha256=b8a690e328adc86bfb9b1aceb524c485226fc87f22d49be0a6e27358446bf43a	$RNAMODBENCH_LOCAL/raw/result/Nanom6A/mESCs_Mettl3_WT/result_final/extract.sort.bam	04_build_universe	2026-09-14 05:29:46
harmonisation/universe/RNA002/Mouse/mESCs_Mettl3_KO__universe.tsv.gz	7221280	24804730	sha256=f0af4c9f8478b98fccac8bcd1b433a63fadde4e86d4749c10c5a8f7883547550	$RNAMODBENCH_LOCAL/raw/result/Nanom6A/mESCs_Mettl3_KO/result_final/extract.sort.bam	04_build_universe	2026-09-14 05:31:52
harmonisation/universe/RNA002/E.coli/E_ss_rd_RNA1__universe.tsv.gz	2776051	9923940	sha256=4295355e2e85ee3d755fdb153ccdf9fc8d338079a2defe744986abe35f844809	$RNAMODBENCH_LOCAL/raw/result/Nanom6A/E_ss_rd_RNA1/result_final/extract.sort.bam	04_build_universe	2026-09-14 05:32:21
harmonisation/universe/RNA002/E.coli/E_ss_rd_RNA2__universe.tsv.gz	3187946	11698028	sha256=5dadcc7f170265a0969099afe3040d1c1da51fd18ffa735307545945617c6230	$RNAMODBENCH_LOCAL/raw/result/Nanom6A/E_ss_rd_RNA2/result_final/extract.sort.bam	04_build_universe	2026-09-14 05:32:50
harmonisation/universe/RNA002/E.coli/E_IVT_neg1__universe.tsv.gz	1706583	5728412	sha256=017ee918a1b68a9d6503de26abd191f5b12ca84e23a9a4be85841f8672552cc1	$RNAMODBENCH_LOCAL/raw/result/Nanom6A/E_IVT_neg1/result_final/extract.sort.bam	04_build_universe	2026-09-14 05:33:06
harmonisation/universe/RNA002/E.coli/E_IVT_neg2__universe.tsv.gz	1178483	3914270	sha256=7e43781e9c4cfbcc247f39d2f03f505525d3e4f18a1f9b18abb7a6fb1b2b9ac2	$RNAMODBENCH_LOCAL/raw/result/Nanom6A/E_IVT_neg2/result_final/extract.sort.bam	04_build_universe	2026-09-14 05:33:16
harmonisation/universe/RNA002/Curlcake/RNA081120181__universe.tsv	10011	339319	sha256=6a3f70c5d877a63f902388a9c63dec1b91c13917b464ed475b31f9a8ffb7338d	$RNAMODBENCH_LOCAL/raw/result/Nanom6A/RNA081120181/result_final/extract.sort.bam	04_build_universe	2026-09-14 05:33:17
harmonisation/universe/RNA002/Curlcake/RNA081120181part__universe.tsv	9997	326574	sha256=729e10341aa1f3d0e062029fc303a679c7ae33f378fcaa53e1e2cf7d3536d391	$RNAMODBENCH_LOCAL/raw/result/Nanom6A/RNA081120181part/result_final/extract.sort.bam	04_build_universe	2026-09-14 05:33:17
harmonisation/universe/RNA002/Curlcake/RNAAB089716__universe.tsv	9995	326494	sha256=356a6fe1777a36ffaf6303401874b0eb4f47660f26cb10c40647991291bfb955	$RNAMODBENCH_LOCAL/raw/result/Nanom6A/RNAAB089716/result_final/extract.sort.bam	04_build_universe	2026-09-14 05:33:18
harmonisation/universe/RNA002/Curlcake/RNA081120182__universe.tsv	9991	333025	sha256=5d5b9f2a6df0f4778f28788f20d47f6e887eb5724eef86a94be173e23bda2451	$RNAMODBENCH_LOCAL/raw/result/Nanom6A/RNA081120182/result_final/extract.sort.bam	04_build_universe	2026-09-14 05:33:18
harmonisation/universe/RNA002/Curlcake/RNAAB090763__universe.tsv	9951	320490	sha256=b0d19096a3ae7995124b2ed603e6af44fffcde9114bfc35870c94b280344483d	$RNAMODBENCH_LOCAL/raw/result/Nanom6A/RNAAB090763/result_final/extract.sort.bam	04_build_universe	2026-09-14 05:33:18
harmonisation/universe/RNA004/Human/HeLa_RNA004_WT__universe.tsv.gz	35173469	109929904	sha256=3594beaf25c75ecfdcf97f71c18e09b46f97675db010aa3970ab4387e97c286d	$RNAMODBENCH_LOCAL/nanopore/data/ERP164259/HeLa_WT/minimap2/HeLa_WT_rna004_130bps_sup@v5.1.0_allG_sort.bam	04_build_universe	2026-09-14 05:39:17
harmonisation/universe/RNA004/Human/HeLa_RNA004_IVT__universe.tsv.gz	41260774	136013421	sha256=3b8091b839ce946ef0dac6c76036ce4e2f05c1cc0346802c7c1d409dc8214437	$RNAMODBENCH_LOCAL/nanopore/data/ERP164259/HeLa_IVT/minimap2/HeLa_IVT_rna004_130bps_sup@v5.1.0_allG_sort.bam	04_build_universe	2026-09-14 05:46:48
harmonisation/universe/RNA004/Curlcake/Curlcake_RNA004_IVT__universe.tsv	10101	292253	sha256=6d16a89039d64f6d085ec2b5dabc8ffa9bf3efe8074f05ea7180830cf9c37204		04_build_universe	2026-09-14 05:46:49
harmonisation/callsets/RNA002/Arabidopsis/Arabidopsis_WT/m5C/CHEUI_m5C/Arabidopsis_WT_rep3.tsv	105106	22719976	sha256=f8e374779e04fe95a69d294a8593834b3daeeb72b76ee726ef6472fd2bc3b40c	$RNAMODBENCH_LOCAL/raw/result/CHEUI/Arabidopsis_WT_rep3	01b_liftover_missing	2026-09-14 07:15:00
harmonisation/callsets/RNA002/Mouse/Mouse_WT/m5C/CHEUI_m5C/mES_WT.tsv	20425	3848386	sha256=dc20c64a6e059eefa9b4bee5c016d3c7cb5912bac532a790ceae194283498a8d	$RNAMODBENCH_LOCAL/raw/result/CHEUI/mES_WT	01b_liftover_missing	2026-09-14 07:15:21
harmonisation/callsets/RNA002/E.coli/E.coli_WT/m5C/CHEUI_m5C/E_ss_rd_RNA2.tsv	3567	755179	sha256=333a75737ca9d31f0f2451eff552f99e5ec2b784d3b596cc556309cbd2b33a3e	$RNAMODBENCH_LOCAL/raw/result/CHEUI/E_ss_rd_RNA2	01b_liftover_missing	2026-09-14 07:15:22
harmonisation/callsets/RNA002/E.coli/E.coli_IVT/m5C/CHEUI_m5C/E_IVT_neg1.tsv	2114	443195	sha256=42cac9d64f76f7963c33077cb24c19831103c0eab9ff57027e3d5ed5531c1746	$RNAMODBENCH_LOCAL/raw/result/CHEUI/E_IVT_neg1	01b_liftover_missing	2026-09-14 07:15:22
harmonisation/callsets/RNA002/E.coli/E.coli_IVT/m5C/CHEUI_m5C/E_IVT_neg2.tsv	579	121559	sha256=2c17de86d408583aa97a66da76758855a35bd89873cf6b995c58f8a729fcfa7c	$RNAMODBENCH_LOCAL/raw/result/CHEUI/E_IVT_neg2	01b_liftover_missing	2026-09-14 07:15:23
harmonisation/manifest/liftover_validation_nanocompore.csv	16	2379	sha256=46cc2d3ae7e57ce12524feb194487a6636fd89ca9a3ed80f92b04cbd30fce972		02b_validate_liftover	2026-09-14 12:15:39
harmonisation/callsets/RNA002/Curlcake/Curlcake_IVT/m6A/Nanocompore/RNA081120181part.tsv	8	1665	sha256=27f8050fc6f94e9ec5ab3fed12c342b025e9ef0ffcf9778ede37d5286f0ee181	$RNAMODBENCH_LOCAL/raw/result/Nanocompore/nanocompore_result1	01b_liftover_missing	2026-09-14 12:47:03
harmonisation/callsets/RNA002/Curlcake/Curlcake_m6A/m6A/Nanocompore/RNA081120182.tsv	1585	289453	sha256=af85ca64ece988e1853e07f43a581045481433a9a285e9be67132787e6c7cbe7	$RNAMODBENCH_LOCAL/raw/result/Nanocompore/nanocompore_result3	01b_liftover_missing	2026-09-14 12:47:04
harmonisation/callsets/RNA002/Curlcake/Curlcake_m6A/m6A/Nanocompore/RNAAB090763.tsv	1734	314544	sha256=d0a2d4a4bbcf077be4faae62dcaa4fe193349d602dbed45f819cb1e39b6d8328	$RNAMODBENCH_LOCAL/raw/result/Nanocompore/nanocompore_result4	01b_liftover_missing	2026-09-14 12:47:04
harmonisation/callsets/RNA002/Human/HeLa_WT/m6A/CHEUI_m6A/HeLa_WT1.tsv	20167	3715546	sha256=23977cff67f8d73a6f0873cc903dc723c9e8285a0bfa654ccaaa63fb998ffbbc	$RNAMODBENCH_LOCAL/raw/result/CHEUI/HeLa_WT1	01b_liftover_missing	2026-09-14 12:47:22
harmonisation/callsets/RNA002/Human/HeLa_WT/m6A/CHEUI_m6A/HeLa_WT2.tsv	31399	5801955	sha256=94110419725298ff807a20c74a01fb5cc0aebc974be75e662ebbd80342fe75ed	$RNAMODBENCH_LOCAL/raw/result/CHEUI/HeLa_WT2	01b_liftover_missing	2026-09-14 12:47:28
harmonisation/callsets/RNA002/Human/HeLa_WT/m6A/CHEUI_m6A/HeLa_WT3.tsv	17043	3172969	sha256=14db0e4ca07f1c1a1816ae0ae55aa91fa8fdc000addb89902ba18d62b045ecb0	$RNAMODBENCH_LOCAL/raw/result/CHEUI/HeLa_WT3	01b_liftover_missing	2026-09-14 12:47:32
harmonisation/callsets/RNA002/Human/HeLa_IVT/m6A/CHEUI_m6A/HeLa_IVT_rep1.tsv	23886	4818240	sha256=d55f95c7cb3bd412d0cbc5ad9796e1e64f3a308b09fbc3190e9153331c2ceb9d	$RNAMODBENCH_LOCAL/raw/result/CHEUI/HeLa_mRNA_IVT_rep1	01b_liftover_missing	2026-09-14 12:47:37
harmonisation/callsets/RNA002/Human/HeLa_IVT/m6A/CHEUI_m6A/HeLa_IVT_rep2.tsv	38007	7716305	sha256=6466c81ebf7fc93f7ff92cf89a14007e37e3526853ea0c6c0484cbee69ade771	$RNAMODBENCH_LOCAL/raw/result/CHEUI/HeLa_mRNA_IVT_rep2	01b_liftover_missing	2026-09-14 12:47:44
harmonisation/callsets/RNA002/Human/HeLa_IVT/m6A/CHEUI_m6A/HeLa_IVT_rep3.tsv	13590	2754830	sha256=53c0cb227b49c69f1f1906942334de7e14cb2e3b432c0a34286da62de2df28fb	$RNAMODBENCH_LOCAL/raw/result/CHEUI/HeLa_mRNA_IVT_rep3	01b_liftover_missing	2026-09-14 12:47:49
harmonisation/callsets/RNA002/Mouse/Mouse_WT/m6A/CHEUI_m6A/mES_WT.tsv	37351	6914436	sha256=d586ebdbe8a12f4116e5e797c33ac0936f64010ebeb8546cea90674c38eafcb3	$RNAMODBENCH_LOCAL/raw/result/CHEUI/mES_WT	01b_liftover_missing	2026-09-14 12:48:08
harmonisation/callsets/RNA002/Mouse/Mouse_KO/m6A/CHEUI_m6A/mES_KO.tsv	33329	6188161	sha256=5820a0b5e1a46209f76204efdd36d04695081ae72b4f69f5bb8636c6fa203547	$RNAMODBENCH_LOCAL/raw/result/CHEUI/mES_KO	01b_liftover_missing	2026-09-14 12:48:15
harmonisation/callsets/RNA002/Mouse/Mouse_WT/m6A/CHEUI_m6A/mESCs_Mettl3_WT.tsv	14586	2957467	sha256=97d27f0fb35fd24bdc8a99b5054229e63ec41db9a0e97b18fad2a8e12f0f4a65	$RNAMODBENCH_LOCAL/raw/result/CHEUI/mESCs_Mettl3_WT	01b_liftover_missing	2026-09-14 12:48:20
harmonisation/callsets/RNA002/Mouse/Mouse_KO/m6A/CHEUI_m6A/mESCs_Mettl3_KO.tsv	16210	3270205	sha256=088fb4110990e46222e937b83b394fffca21dd0a661652813c145ed18b3a35ea	$RNAMODBENCH_LOCAL/raw/result/CHEUI/mESCs_Mettl3_KO	01b_liftover_missing	2026-09-14 12:48:25
harmonisation/callsets/RNA002/E.coli/E.coli_WT/m6A/CHEUI_m6A/E_ss_rd_RNA1.tsv	11732	2434516	sha256=b4105c7a64985d4b057e07ee1e52ab2dbb6e4c9a70460cfdd541cd7d977f94eb	$RNAMODBENCH_LOCAL/raw/result/CHEUI/E_ss_rd_RNA1	01b_liftover_missing	2026-09-14 12:48:26
harmonisation/callsets/RNA002/E.coli/E.coli_WT/m6A/CHEUI_m6A/E_ss_rd_RNA2.tsv	7332	1514386	sha256=861aa53729705df001e7d2e170827b68a4e8fa6613029e499490448e8c8c6a6d	$RNAMODBENCH_LOCAL/raw/result/CHEUI/E_ss_rd_RNA2	01b_liftover_missing	2026-09-14 12:48:27
harmonisation/callsets/RNA002/E.coli/E.coli_IVT/m6A/CHEUI_m6A/E_IVT_neg1.tsv	2077	424533	sha256=0dcbc12eb2210a3810c7b0da8dc0123d4183bddb330763b4c240d6b8bdf24814	$RNAMODBENCH_LOCAL/raw/result/CHEUI/E_IVT_neg1	01b_liftover_missing	2026-09-14 12:48:27
harmonisation/callsets/RNA002/E.coli/E.coli_IVT/m6A/CHEUI_m6A/E_IVT_neg2.tsv	1013	208886	sha256=57cd7ff0be2052d3c85c03fabb554e15fd727d9a4a703148519c2f4a383ec142	$RNAMODBENCH_LOCAL/raw/result/CHEUI/E_IVT_neg2	01b_liftover_missing	2026-09-14 12:48:27
harmonisation/callsets/RNA002/Human/HeLa_WT/m5C/CHEUI_m5C/HeLa_WT1.tsv	14254	2699637	sha256=c72318203b69885c896d704cb43a33dfcee3aa988be96d2ce7a66fabb8ea6975	$RNAMODBENCH_LOCAL/raw/result/CHEUI/HeLa_WT1	01b_liftover_missing	2026-09-14 12:48:31
harmonisation/callsets/RNA002/Human/HeLa_WT/m5C/CHEUI_m5C/HeLa_WT2.tsv	21409	4050442	sha256=7c26743a4b4512f2d197b2a1b0e7e022cb5111d7b83949565a8e4dea002792a6	$RNAMODBENCH_LOCAL/raw/result/CHEUI/HeLa_WT2	01b_liftover_missing	2026-09-14 12:48:36
harmonisation/callsets/RNA002/Human/HeLa_WT/m5C/CHEUI_m5C/HeLa_WT3.tsv	14198	2686139	sha256=d76cca41466372e52c747af919b2561cbbadfafb55b592c532c1f176de1be403	$RNAMODBENCH_LOCAL/raw/result/CHEUI/HeLa_WT3	01b_liftover_missing	2026-09-14 12:48:40
harmonisation/callsets/RNA002/Human/HeLa_IVT/m5C/CHEUI_m5C/HeLa_IVT_rep1.tsv	10304	2124975	sha256=08d2ec1215c3d0ca58ce159207b55f1e15ba226e2b08c327d74c90a43cd0c8d3	$RNAMODBENCH_LOCAL/raw/result/CHEUI/HeLa_mRNA_IVT_rep1	01b_liftover_missing	2026-09-14 12:48:45
harmonisation/callsets/RNA002/Human/HeLa_IVT/m5C/CHEUI_m5C/HeLa_IVT_rep2.tsv	26606	5491310	sha256=d0018cbe2aa5884e2b5e64434838df8819657fab76d75d951f99d62ebacb4046	$RNAMODBENCH_LOCAL/raw/result/CHEUI/HeLa_mRNA_IVT_rep2	01b_liftover_missing	2026-09-14 12:48:51
harmonisation/callsets/RNA002/Human/HeLa_IVT/m5C/CHEUI_m5C/HeLa_IVT_rep3.tsv	16170	3332662	sha256=e671ea1d448d88d02afb27de6d1fcfb62c8430827546a3d9e30066a4171c78ef	$RNAMODBENCH_LOCAL/raw/result/CHEUI/HeLa_mRNA_IVT_rep3	01b_liftover_missing	2026-09-14 12:48:56
harmonisation/callsets/RNA002/Human/HeLa_WT/m6A/DENA/HeLa_WT1.tsv	20328	3813678	sha256=7cf3cc53be4ffc43036fcba5438fee7f3c5c0a1f9dc6280b7e53ebc8f7d7e873	$RNAMODBENCH_LOCAL/raw/result/DENA/HeLa_WT1_result	01b_liftover_missing	2026-09-14 12:49:00
harmonisation/callsets/RNA002/Human/HeLa_WT/m6A/DENA/HeLa_WT2.tsv	20496	3847353	sha256=e010c713f3863956aefc98e58d853e3c20786c3dec1a1ffa39d227f3fa89da0a	$RNAMODBENCH_LOCAL/raw/result/DENA/HeLa_WT2_result	01b_liftover_missing	2026-09-14 12:49:05
harmonisation/callsets/RNA002/Human/HeLa_WT/m6A/DENA/HeLa_WT3.tsv	17268	3238610	sha256=ed4ea1fa988f0748694377fbbaf9357528303e0bb43e09a9d26354e6db84b276	$RNAMODBENCH_LOCAL/raw/result/DENA/HeLa_WT3_result	01b_liftover_missing	2026-09-14 12:49:09
harmonisation/callsets/RNA002/Human/HeLa_IVT/m6A/DENA/HeLa_IVT_rep1.tsv	20699	4236888	sha256=d6e4542b03ba4f963252d55be8929258a663718482f5b6629b524c8e845a38c3	$RNAMODBENCH_LOCAL/raw/result/DENA/HeLa_mRNA_IVT_rep1_result	01b_liftover_missing	2026-09-14 12:49:14
harmonisation/callsets/RNA002/Human/HeLa_IVT/m6A/DENA/HeLa_IVT_rep2.tsv	28082	5749111	sha256=7f5558d2222dbf7f303f4075e7be4ff2c7ed6dc16b5c3c5e375d5f5a18a17d54	$RNAMODBENCH_LOCAL/raw/result/DENA/HeLa_mRNA_IVT_rep2_result	01b_liftover_missing	2026-09-14 12:49:20
harmonisation/callsets/RNA002/Human/HeLa_IVT/m6A/DENA/HeLa_IVT_rep3.tsv	10965	2243858	sha256=6c062499d99e3c2438433ff491ee9dd72272d43215e267be419a80bafe24582e	$RNAMODBENCH_LOCAL/raw/result/DENA/HeLa_mRNA_IVT_rep3_result	01b_liftover_missing	2026-09-14 12:49:24
harmonisation/callsets/RNA002/Mouse/Mouse_WT/m6A/DENA/mES_WT.tsv	38951	7274912	sha256=9abc16260599643c31faa42da816d8efe48693549f1602164826769ee5b6ca07	$RNAMODBENCH_LOCAL/raw/result/DENA/mES_WT_result	01b_liftover_missing	2026-09-14 12:49:39
harmonisation/callsets/RNA002/Mouse/Mouse_KO/m6A/DENA/mES_KO.tsv	25901	4837242	sha256=6f2fe726b7194f3ca6f8aa64352e9ecf5302676a5c8500a7590e9b7579485ab8	$RNAMODBENCH_LOCAL/raw/result/DENA/mES_KO_result	01b_liftover_missing	2026-09-14 12:49:44
harmonisation/callsets/RNA002/Mouse/Mouse_WT/m6A/DENA/mESCs_Mettl3_WT.tsv	37034	7586736	sha256=f987b85dd7687d371cfc7da2ec0efa696475311d32ac58a349bf1a191ace83ec	$RNAMODBENCH_LOCAL/raw/result/DENA/mESCs_Mettl3_WT_result	01b_liftover_missing	2026-09-14 12:49:49
harmonisation/callsets/RNA002/Mouse/Mouse_KO/m6A/DENA/mESCs_Mettl3_KO.tsv	13385	2742168	sha256=4bfd8e85a6c82d6763635e22e6f4785dd165e3a39eafbf48f2154e92a7b95d27	$RNAMODBENCH_LOCAL/raw/result/DENA/mESCs_Mettl3_KO_result	01b_liftover_missing	2026-09-14 12:49:53
harmonisation/callsets/RNA002/Human/HeLa_WT/m6A/DRUMMER/HeLa_WT1.tsv	440	86347	sha256=acd14ff8c32c8959ebb75be6e7a6584ba5945f1aebc7bf280627e7e40009cad7	$RNAMODBENCH_LOCAL/raw/result/DRUMMER/HeLa_WT_result1	01b_liftover_missing	2026-09-14 12:49:56
harmonisation/callsets/RNA002/Human/HeLa_WT/m6A/DRUMMER/HeLa_WT2.tsv	755	148107	sha256=126a8fe17bf101c5beda8d14b7afe82e56fcd7ded6ba09155f70cbdb6d649d6b	$RNAMODBENCH_LOCAL/raw/result/DRUMMER/HeLa_WT_result2	01b_liftover_missing	2026-09-14 12:49:59
harmonisation/callsets/RNA002/Human/HeLa_WT/m6A/DRUMMER/HeLa_WT3.tsv	311	60969	sha256=81b44ecb94f3aa9041899886dc55a94313347f68c757f48ffcf33427e6eed9c5	$RNAMODBENCH_LOCAL/raw/result/DRUMMER/HeLa_WT_result3	01b_liftover_missing	2026-09-14 12:50:02
harmonisation/callsets/RNA002/Human/HeLa_IVT/m6A/DRUMMER/HeLa_IVT_rep1.tsv	19	4101	sha256=a313dcf0171bee73034ca6aea39a35e21032225d05ecdcfbfd0a0f50242968cc	$RNAMODBENCH_LOCAL/raw/result/DRUMMER/HeLa_IVT_result1	01b_liftover_missing	2026-09-14 12:50:04
harmonisation/callsets/RNA002/Human/HeLa_IVT/m6A/DRUMMER/HeLa_IVT_rep2.tsv	11	2441	sha256=ff9fe730008136656d32bc510d7008654a6196ad6069cd525f15ec3aef5561f4	$RNAMODBENCH_LOCAL/raw/result/DRUMMER/HeLa_IVT_result2	01b_liftover_missing	2026-09-14 12:50:08
harmonisation/callsets/RNA002/Human/HeLa_IVT/m6A/DRUMMER/HeLa_IVT_rep3.tsv	76	15754	sha256=8ebdc5f48bd9de8db96856c3003bef63fdc6015e857f33d1550dc2f716bc5f23	$RNAMODBENCH_LOCAL/raw/result/DRUMMER/HeLa_IVT_result3	01b_liftover_missing	2026-09-14 12:50:10
harmonisation/callsets/RNA002/Mouse/Mouse_WT/m6A/DRUMMER/mES_WT.tsv	1916	375730	sha256=174eb7dc23860514bc3c8ff165f035ca6b824c2259064bd3c9bff8f0049066b3	$RNAMODBENCH_LOCAL/raw/result/DRUMMER/mES_WT_result	01b_liftover_missing	2026-09-14 12:50:15
harmonisation/callsets/RNA002/Mouse/Mouse_KO/m6A/DRUMMER/mES_KO.tsv	444	87130	sha256=70cafa0632b9c94a36d3f8d90a07133743e403190397c5ce97e555f620edcbf9	$RNAMODBENCH_LOCAL/raw/result/DRUMMER/mES_KO_result	01b_liftover_missing	2026-09-14 12:50:18
harmonisation/callsets/RNA002/Mouse/Mouse_WT/m6A/DRUMMER/mESCs_Mettl3_WT.tsv	564	120912	sha256=4f76757e64747c6bf05bda0164d2d5e92f195775f0e6b5d29a38409332474585	$RNAMODBENCH_LOCAL/raw/result/DRUMMER/mESCs_Mettl3_WT_result	01b_liftover_missing	2026-09-14 12:50:21
harmonisation/callsets/RNA002/E.coli/E.coli_WT/m6A/DRUMMER/E_ss_rd_RNA1.tsv	31	7003	sha256=220ebdd063271e15c5c49e8aea118bfcab7c848a5fdaffb49af406a4646ed030	$RNAMODBENCH_LOCAL/raw/result/DRUMMER/E_ss_rd_RNA_result1	01b_liftover_missing	2026-09-14 12:50:21
harmonisation/callsets/RNA002/E.coli/E.coli_WT/m6A/DRUMMER/E_ss_rd_RNA2.tsv	94	20702	sha256=f8b98b88128e6e52206ff78957c0669f0c687f4a8db4c1d1c1beba20e914ea45	$RNAMODBENCH_LOCAL/raw/result/DRUMMER/E_ss_rd_RNA_result2	01b_liftover_missing	2026-09-14 12:50:21
harmonisation/callsets/RNA002/Human/HeLa_WT/m6A/m6Anet/HeLa_WT1.tsv	8905	1863995	sha256=8ab45834b5039c41df917a056eae572bf01885f9f13f1f81c41f1671a9cdf977	$RNAMODBENCH_LOCAL/raw/result/m6Anet/HeLa_WT1_transcripts_inference	01b_liftover_missing	2026-09-14 12:50:24
harmonisation/callsets/RNA002/Human/HeLa_WT/m6A/m6Anet/HeLa_WT2.tsv	16976	3553815	sha256=39535fe1c881c5874718ce34c7bb465d9c7f9f2de8ae933b62e6bf104a929082	$RNAMODBENCH_LOCAL/raw/result/m6Anet/HeLa_WT2_transcripts_inference	01b_liftover_missing	2026-09-14 12:50:27
harmonisation/callsets/RNA002/Human/HeLa_WT/m6A/m6Anet/HeLa_WT3.tsv	6803	1424274	sha256=994d58428abe0cf8722dee9de6671ac1a08263f6203fdcf87bc02e8eefad6008	$RNAMODBENCH_LOCAL/raw/result/m6Anet/HeLa_WT3_transcripts_inference	01b_liftover_missing	2026-09-14 12:50:30
harmonisation/callsets/RNA002/Human/HeLa_IVT/m6A/m6Anet/HeLa_IVT_rep1.tsv	8030	1778252	sha256=3caed42f715866fb6cadbf3b149fee89da408093bfe64a806acc322cd961d532	$RNAMODBENCH_LOCAL/raw/result/m6Anet/HeLa_IVT_rep1_transcripts_inference	01b_liftover_missing	2026-09-14 12:50:33
harmonisation/callsets/RNA002/Human/HeLa_IVT/m6A/m6Anet/HeLa_IVT_rep2.tsv	14984	3318733	sha256=c7b525711bf5b7955dc7ff6d1efe0a3cdf25e836e1eea17ce4f6350632cb4068	$RNAMODBENCH_LOCAL/raw/result/m6Anet/HeLa_IVT_rep2_transcripts_inference	01b_liftover_missing	2026-09-14 12:50:37
harmonisation/callsets/RNA002/Human/HeLa_IVT/m6A/m6Anet/HeLa_IVT_rep3.tsv	5749	1272916	sha256=a58ef69b9dbe957df195eeec08ec05ecbe8ffc0eaa33a2417f0dc98242618593	$RNAMODBENCH_LOCAL/raw/result/m6Anet/HeLa_IVT_rep3_transcripts_inference	01b_liftover_missing	2026-09-14 12:50:40
harmonisation/callsets/RNA002/Mouse/Mouse_WT/m6A/m6Anet/mES_WT.tsv	29320	6113744	sha256=6761894dc7322212b8ffb64b35dfd6d6b98904d8c17262545dd5be4182b0313e	$RNAMODBENCH_LOCAL/raw/result/m6Anet/mES_WT_transcripts_inference	01b_liftover_missing	2026-09-14 12:50:49
harmonisation/callsets/RNA002/Mouse/Mouse_KO/m6A/m6Anet/mES_KO.tsv	17451	3639280	sha256=1113e03c27056b7cc41fec220a4d5b14c8388cab3c7697d38d582604074a874f	$RNAMODBENCH_LOCAL/raw/result/m6Anet/mES_KO_transcripts_inference	01b_liftover_missing	2026-09-14 12:50:53
harmonisation/callsets/RNA002/Mouse/Mouse_WT/m6A/m6Anet/mESCs_Mettl3_WT.tsv	31041	7034521	sha256=0833239e4965fc48123f289f0f7d444fd213aea497c8432f5a00e41990b37600	$RNAMODBENCH_LOCAL/raw/result/m6Anet/mESCs_Mettl3_WT_transcripts_inference	01b_liftover_missing	2026-09-14 12:50:57
harmonisation/callsets/RNA002/Mouse/Mouse_KO/m6A/m6Anet/mESCs_Mettl3_KO.tsv	8158	1849106	sha256=bfcd95e67687ffa1a8c6969afa86acb0e3704dd4f479011f3203013c8152d982	$RNAMODBENCH_LOCAL/raw/result/m6Anet/mESCs_Mettl3_KO_transcripts_inference	01b_liftover_missing	2026-09-14 12:51:00
harmonisation/callsets/RNA002/E.coli/E.coli_WT/m6A/m6Anet/E_ss_rd_RNA1.tsv	2648	614039	sha256=c09951f358ca50f2797c08282ab4b5e66bf44d16410196d3d6d9b9a86f05b610	$RNAMODBENCH_LOCAL/raw/result/m6Anet/E_ss_rd_RNA1_transcripts_inference	01b_liftover_missing	2026-09-14 12:51:01
harmonisation/callsets/RNA002/E.coli/E.coli_WT/m6A/m6Anet/E_ss_rd_RNA2.tsv	2779	644311	sha256=6d03effaec748a8308345ae589d26297e7e01a408bb3b557eeeb1f6ddbbf3a39	$RNAMODBENCH_LOCAL/raw/result/m6Anet/E_ss_rd_RNA2_transcripts_inference	01b_liftover_missing	2026-09-14 12:51:01
harmonisation/callsets/RNA002/E.coli/E.coli_IVT/m6A/m6Anet/E_IVT_neg1.tsv	731	167996	sha256=193ca413b5dacf9fa790fa5f0358da36cd67d9965a6feb3f5e4c0501dad6a81e	$RNAMODBENCH_LOCAL/raw/result/m6Anet/E_IVT_neg1_transcripts_inference	01b_liftover_missing	2026-09-14 12:51:01
harmonisation/callsets/RNA002/E.coli/E.coli_IVT/m6A/m6Anet/E_IVT_neg2.tsv	565	129975	sha256=0d65d2ba6baaa2a09e2c9035caab4c93c7824165c7d3e988ff34e5fb6396795e	$RNAMODBENCH_LOCAL/raw/result/m6Anet/E_IVT_neg2_transcripts_inference	01b_liftover_missing	2026-09-14 12:51:01
harmonisation/callsets/RNA002/Human/HeLa_WT/m6A/MINES/HeLa_WT1.tsv	39344	7111959	sha256=efcc4cbd806df6e5363f7ae5304bc2ec3fe8bf4bcfd5efbe04692afeb50fbef6	$RNAMODBENCH_LOCAL/raw/result/MINES/HeLa_WT1	01b_liftover_missing	2026-09-14 12:51:04
harmonisation/callsets/RNA002/Human/HeLa_WT/m6A/MINES/HeLa_WT2.tsv	78040	14107918	sha256=ae3a687e1ef04f0e8c002ac7f4d42fafc74dd4ba62be0d52a4d696cc146bd04e	$RNAMODBENCH_LOCAL/raw/result/MINES/HeLa_WT2	01b_liftover_missing	2026-09-14 12:51:10
harmonisation/callsets/RNA002/Human/HeLa_WT/m6A/MINES/HeLa_WT3.tsv	33352	6028475	sha256=04ca5d22b98ad780215998a74a5495c8d2a5d15ce8faa7166c1a377b7ea7c095	$RNAMODBENCH_LOCAL/raw/result/MINES/HeLa_WT3	01b_liftover_missing	2026-09-14 12:51:13
harmonisation/callsets/RNA002/Human/HeLa_IVT/m6A/MINES/HeLa_IVT_rep1.tsv	59887	11546771	sha256=0e110f0d4f4f302d28f984ff8b0b70c71e4abff4b8c8d921c9caf705b503b74a	$RNAMODBENCH_LOCAL/raw/result/MINES/HeLa_IVT_rep1	01b_liftover_missing	2026-09-14 12:51:18
harmonisation/callsets/RNA002/Human/HeLa_IVT/m6A/MINES/HeLa_IVT_rep2.tsv	86841	16747109	sha256=d9416b60cd7e779481ea318665247a1a4e67e836a5b00cb0dbfa2a1529d93560	$RNAMODBENCH_LOCAL/raw/result/MINES/HeLa_IVT_rep2	01b_liftover_missing	2026-09-14 12:51:24
harmonisation/callsets/RNA002/Human/HeLa_IVT/m6A/MINES/HeLa_IVT_rep3.tsv	40111	7732284	sha256=54148eb49cf070f2eb9a00fcfd876e6f73d615888a4c44ef1acb43408200f5f4	$RNAMODBENCH_LOCAL/raw/result/MINES/HeLa_IVT_rep3	01b_liftover_missing	2026-09-14 12:51:28
harmonisation/callsets/RNA002/Mouse/Mouse_WT/m6A/MINES/mES_WT.tsv	93690	16855643	sha256=b9365ba25f1a49bda6d4610bba2e0ab29e386898af37c271dabf053ea974aef9	$RNAMODBENCH_LOCAL/raw/result/MINES/mES_WT	01b_liftover_missing	2026-09-14 12:51:47
harmonisation/callsets/RNA002/Mouse/Mouse_KO/m6A/MINES/mES_KO.tsv	98692	17752883	sha256=ec96b9f71d695e1fb68fbd4f9ac04a7b974fc1100ff8e7a1a64f533daea1c025	$RNAMODBENCH_LOCAL/raw/result/MINES/mES_KO	01b_liftover_missing	2026-09-14 12:51:53
harmonisation/callsets/RNA002/Mouse/Mouse_WT/m6A/MINES/mESCs_Mettl3_WT.tsv	91016	18018826	sha256=2d036d03b02a3273bea8486c5fe1746c96706d282ded4f355696de476912009d	$RNAMODBENCH_LOCAL/raw/result/MINES/mESCs_Mettl3_WT	01b_liftover_missing	2026-09-14 12:51:59
harmonisation/callsets/RNA002/Mouse/Mouse_KO/m6A/MINES/mESCs_Mettl3_KO.tsv	41115	8138952	sha256=07513c439aa33ab0a6c0457376b04246706c5d57e20e8770151d59066138396c	$RNAMODBENCH_LOCAL/raw/result/MINES/mESCs_Mettl3_KO	01b_liftover_missing	2026-09-14 12:52:03
harmonisation/callsets/RNA002/Human/HeLa_WT/m6A/xPore/HeLa_WT1.tsv	25495	4932090	sha256=e3c77ebad29e3e3584d3f1c324c70a84b9644161865d5916e0ebbda19133ded8	$RNAMODBENCH_LOCAL/raw/result/xPore/HeLa_WTresult1	01b_liftover_missing	2026-09-14 12:52:16
harmonisation/callsets/RNA002/Human/HeLa_WT/m6A/xPore/HeLa_WT2.tsv	42039	8130459	sha256=466eedcbeabe37c5813b92beedb9338194b8f7e1a62b6a09c214bde92aff6c6b	$RNAMODBENCH_LOCAL/raw/result/xPore/HeLa_WTresult2	01b_liftover_missing	2026-09-14 12:52:31
harmonisation/callsets/RNA002/Human/HeLa_WT/m6A/xPore/HeLa_WT3.tsv	21413	4143393	sha256=e8a8d8e9ee706aa47583dc3795ec31802646f3581f5459d848c71cca109d4623	$RNAMODBENCH_LOCAL/raw/result/xPore/HeLa_WTresult3	01b_liftover_missing	2026-09-14 12:52:39
harmonisation/callsets/RNA002/Human/HeLa_IVT/m6A/xPore/HeLa_IVT_rep1.tsv	35948	7235184	sha256=55f4ea3b4b0cb99cfc446b2374daed85bb1c2af3eea00b15c6d4113835d59b1b	$RNAMODBENCH_LOCAL/raw/result/xPore/HeLa_IVTresult1	01b_liftover_missing	2026-09-14 12:52:57
harmonisation/callsets/RNA002/Human/HeLa_IVT/m6A/xPore/HeLa_IVT_rep2.tsv	26825	5398035	sha256=c24713f8035c4db9c90a5c37e357511c4db61a456be534314ef9611727507ac2	$RNAMODBENCH_LOCAL/raw/result/xPore/HeLa_IVTresult2	01b_liftover_missing	2026-09-14 12:53:10
harmonisation/callsets/RNA002/Human/HeLa_IVT/m6A/xPore/HeLa_IVT_rep3.tsv	28158	5668786	sha256=8facc4cc00f12fe60132b96c96b2f4a806b529366527071ecb65d0999eff427e	$RNAMODBENCH_LOCAL/raw/result/xPore/HeLa_IVTresult3	01b_liftover_missing	2026-09-14 12:53:24
harmonisation/callsets/RNA002/Mouse/Mouse_WT/m6A/xPore/mES_WT.tsv	60484	11269573	sha256=a228d54f8c5365fb9549a282cde8a69474caa2e50e4f9bda56e1f9ca66bbf546	$RNAMODBENCH_LOCAL/raw/result/xPore/mES_WT	01b_liftover_missing	2026-09-14 12:55:03
harmonisation/callsets/RNA002/Mouse/Mouse_KO/m6A/xPore/mES_KO.tsv	45677	8531720	sha256=cb94424c02073fa47809fbc15e792c90f8dcffe28fad9ff4d8d72d165ed215c1	$RNAMODBENCH_LOCAL/raw/result/xPore/mES_KO	01b_liftover_missing	2026-09-14 12:55:14
harmonisation/callsets/RNA002/Mouse/Mouse_WT/m6A/xPore/mESCs_Mettl3_WT.tsv	43485	8910261	sha256=ae5011bd38ac77a1e2f59de7158f2a22ab918a096fdb43d39b727c2650562a83	$RNAMODBENCH_LOCAL/raw/result/xPore/mESCs_Mettl3_WT	01b_liftover_missing	2026-09-14 12:55:33
harmonisation/callsets/RNA002/E.coli/E.coli_WT/m6A/xPore/E_ss_rd_RNA1.tsv	5714	1238708	sha256=254c574a216b3ea748c330289e977b9d05d3125d4bd0d7a5d1ede337cfc89680	$RNAMODBENCH_LOCAL/raw/result/xPore/E_ss_rd_RNA1_result	01b_liftover_missing	2026-09-14 12:55:35
harmonisation/callsets/RNA002/E.coli/E.coli_WT/m6A/xPore/E_ss_rd_RNA2.tsv	6641	1438791	sha256=b5f82c6a4e0cbc30c51328e7320e157c30a51a233510c8d13182a5171c6bebec	$RNAMODBENCH_LOCAL/raw/result/xPore/E_ss_rd_RNA2_result	01b_liftover_missing	2026-09-14 12:55:35
harmonisation/manifest/liftover_validation_full.csv	94	13687	sha256=f5c05b8c9556a3e6d65312a702a844227d9b963659c1a06bfe87e2b022b2f661		02b_validate_liftover	2026-09-14 16:13:04
harmonisation/manifest/universe_pending.csv	1	46	sha256=dd28a517fe40bb06607ad75c57a8a084f9e6970694149442c2d34b18e40bc1e7		04_build_universe	2026-09-14 18:23:57
harmonisation/callsets/RNA002/E.coli/E.coli_IVT/m6A/DRUMMER/E_IVT_neg1.tsv	0	218	sha256=c2df3a0083a767ee61f400a4c855501bf6a9270629d2c64ec295e804353cbcb2	$RNAMODBENCH_LOCAL/raw/result/DRUMMER/E_IVT_neg	01b_liftover_missing	2026-09-15 00:29:41
harmonisation/callsets/RNA002/E.coli/E.coli_WT/m6A/Nanocompore/E_ss_rd_RNA1.tsv	0	218	sha256=c2df3a0083a767ee61f400a4c855501bf6a9270629d2c64ec295e804353cbcb2	$RNAMODBENCH_LOCAL/raw/result/Nanocompore/E_ss_rd_RNA1_result	01b_liftover_missing	2026-09-15 00:38:45
harmonisation/callsets/RNA002/Mouse/Mouse_WT/m6A/NanoSPA_m6A/mESCs_Mettl3_WT.tsv	4178	658039	sha256=ee929eacd2ef4f3b1f7c1b398549155edeedc5b74cc618f5c2275bcec3fb47c8	$RNAMODBENCH_LOCAL/raw/result/NanoSPA/mESCs_Mettl3_WT	01b_liftover_missing	2026-09-15 00:38:58
harmonisation/callsets/RNA002/Mouse/Mouse_KO/m6A/NanoSPA_m6A/mESCs_Mettl3_KO.tsv	724	114326	sha256=e26bc9047192f95043508b5a38025cd0651561d47073402db9086794d67c0626	$RNAMODBENCH_LOCAL/raw/result/NanoSPA/mESCs_Mettl3_KO	01b_liftover_missing	2026-09-15 00:38:58
harmonisation/callsets/RNA002/E.coli/E.coli_WT/m6A/NanoSPA_m6A/E_ss_rd_RNA1.tsv	208	33370	sha256=9ec2fb2a949b174fb4516ba7a4b58d89fb1c9c42f17bead47cdc83bf750f14fb	$RNAMODBENCH_LOCAL/raw/result/NanoSPA/E_ss_rd_RNA1	01b_liftover_missing	2026-09-15 00:38:58
harmonisation/callsets/RNA002/E.coli/E.coli_IVT/m6A/NanoSPA_m6A/E_IVT_neg1.tsv	108	17161	sha256=dfe9ef3483e6c4886e0a9dea32f43805295bba819e766eeeab3b849d9f7d948c	$RNAMODBENCH_LOCAL/raw/result/NanoSPA/E_IVT_neg1	01b_liftover_missing	2026-09-15 00:38:58
harmonisation/callsets/RNA002/Curlcake/Curlcake_IVT/Psi/NanoSPA_psU/RNAAB089716.tsv	180	28237	sha256=7c5ecb2181895275af7a9fb1d8136b04cbca7ef5f07dbc8167ab81718c050d72	$RNAMODBENCH_LOCAL/raw/result/NanoSPA/RNAAB089716	01b_liftover_missing	2026-09-15 00:38:58
harmonisation/callsets/RNA002/Curlcake/Curlcake_IVT/m6A/CHEUI_m6A/RNA081120181.tsv	0	218	sha256=c2df3a0083a767ee61f400a4c855501bf6a9270629d2c64ec295e804353cbcb2	$RNAMODBENCH_LOCAL/raw/result/CHEUI/RNA081120181	01b_liftover_missing	2026-09-15 02:36:35
harmonisation/callsets/RNA002/Curlcake/Curlcake_IVT/m6A/CHEUI_m6A/RNA081120181part.tsv	0	218	sha256=c2df3a0083a767ee61f400a4c855501bf6a9270629d2c64ec295e804353cbcb2	$RNAMODBENCH_LOCAL/raw/result/CHEUI/RNA081120181part	01b_liftover_missing	2026-09-15 02:36:35
harmonisation/callsets/RNA002/Curlcake/Curlcake_IVT/m6A/CHEUI_m6A/RNAAB089716.tsv	0	218	sha256=c2df3a0083a767ee61f400a4c855501bf6a9270629d2c64ec295e804353cbcb2	$RNAMODBENCH_LOCAL/raw/result/CHEUI/RNAAB089716	01b_liftover_missing	2026-09-15 02:36:35
harmonisation/callsets/RNA002/Curlcake/Curlcake_m6A/m6A/CHEUI_m6A/RNA081120182.tsv	0	218	sha256=c2df3a0083a767ee61f400a4c855501bf6a9270629d2c64ec295e804353cbcb2	$RNAMODBENCH_LOCAL/raw/result/CHEUI/RNA081120182	01b_liftover_missing	2026-09-15 02:36:35
harmonisation/callsets/RNA002/Curlcake/Curlcake_m6A/m6A/CHEUI_m6A/RNAAB090763.tsv	1	380	sha256=b7a95f362188d9d72f0f009ef658bb14c7cc3dd1c373a15f5e0b22b2b23dc7fe	$RNAMODBENCH_LOCAL/raw/result/CHEUI/RNAAB090763	01b_liftover_missing	2026-09-15 02:36:35
harmonisation/evaluation/tables/rna004_dorado_scan.tsv	160	23794	sha256=75aad2b903d645e1bf62a36e083078895f163dd50bad6f4beb16c8b1ec9618c4		09_eval_rna004	2026-09-15 06:09:08
harmonisation/evaluation/tables/rna004_tool_eval.tsv	16	2352	sha256=f25bb53b7e2af45ba78b2663d0e65b28f8cfb3c3d386901c812bd0f5038d8190		09_eval_rna004	2026-09-15 06:09:08
harmonisation/evaluation/tables/rna004_drach_specificity.tsv	56	3781	sha256=9300055557b395c97682ec67b8e908babdcf3ccc9cedc751752fd85b1fbd74b8		09_eval_rna004	2026-09-15 06:09:08
harmonisation/callsets/RNA002/Curlcake/Curlcake_IVT/m5C/CHEUI_m5C/RNA081120181.tsv	0	218	sha256=c2df3a0083a767ee61f400a4c855501bf6a9270629d2c64ec295e804353cbcb2	$RNAMODBENCH_LOCAL/raw/result/CHEUI/RNA081120181	01b_liftover_missing	2026-09-15 06:44:48
harmonisation/callsets/RNA002/Curlcake/Curlcake_IVT/m5C/CHEUI_m5C/RNA081120181part.tsv	0	218	sha256=c2df3a0083a767ee61f400a4c855501bf6a9270629d2c64ec295e804353cbcb2	$RNAMODBENCH_LOCAL/raw/result/CHEUI/RNA081120181part	01b_liftover_missing	2026-09-15 06:44:49
harmonisation/callsets/RNA002/Curlcake/Curlcake_IVT/m5C/CHEUI_m5C/RNAAB089716.tsv	0	218	sha256=c2df3a0083a767ee61f400a4c855501bf6a9270629d2c64ec295e804353cbcb2	$RNAMODBENCH_LOCAL/raw/result/CHEUI/RNAAB089716	01b_liftover_missing	2026-09-15 06:45:05
harmonisation/evaluation/tables/curlcake_truth.tsv	168	13448	sha256=93767d507b1f208859db935db17d290387683114ea3b31230fed080c9e73bab9		08_eval_nonm6a	2026-09-15 08:28:27
harmonisation/evaluation/tables/hela_nonm6a.tsv	84	11705	sha256=e68a4904ad8f9912e55d181c3d9425dd7273cedf0b651a1cfe4e1e3afd85002b		08_eval_nonm6a	2026-09-15 08:46:37
harmonisation/evaluation/tables/nonm6a_fig7_summary.tsv	7	1992	sha256=12f84591597bd0d0914580680c06ccaee30b3bf757dd2ea3247a18fbab25c6bc		12_nonm6a_fig7	2026-09-15 08:55:52
harmonisation/evaluation/tables/nonm6a_curlcake_detail.tsv	15	823	sha256=4153bfffb2a659ecf1a4f1b2bc9a175cc1060d4dc3b765beeb990acfa7f97fb9		12_nonm6a_fig7	2026-09-15 08:55:52
harmonisation/evaluation/tables/legacy_reconciliation.tsv	249	20647	sha256=008a0bb672e0b23b7605dc525b23a855eee84667650c8db0e2d6afd9b1e0d68a		10_qc_reconcile	2026-09-15 08:55:57
harmonisation/evaluation/tables/legacy_published_check.tsv	21	1108	sha256=00f7e2982d6ce117e8f6c50e6d17f337f200efe749ba654d3f988aa93e31389f		10_qc_reconcile	2026-09-15 08:56:02
harmonisation/manifest/completeness_audit.csv	625	90606	sha256=cd44132e6244c60f937a88ac2b08711451522dbec8781bac0b327c0b04e5590b		13_completeness_audit	2026-09-15 09:04:10
harmonisation/manifest/sample_registry.csv	28	6438	sha256=a962c3e0ea083ded3fcaf8c8c4d8d42f2c02b3182e1666f7072f217138086adc		00_build_registry	2026-09-15 12:20:40
harmonisation/manifest/sample_tool_registry.csv	698	140375	sha256=a0a7c5edbe3d5a26d633447289a2d2ee61320b30ac921fc074f8d349ce5a4220		00_build_registry	2026-09-15 12:20:40
harmonisation/manifest/pending.csv	5	525	sha256=3ac508348bc7ac0d6d8dbbbf38bb517abd4a4db1ac4f7e86bdb6328a8b93ab8d		00_build_registry	2026-09-15 12:20:40
harmonisation/manifest/callsets_summary.csv	698	191280	sha256=f5f6fc9a185318cf0202f145049f7af1e49807d89df3614f0201643ac80afc91		01_extract_callsets	2026-09-15 12:27:39
harmonisation/callsets/RNA002/Arabidopsis/Arabidopsis_WT/m6A/CHEUI_m6A/Arabidopsis_WT_rep1.tsv	17598	3854021	sha256=51fe9f9b1bebec09f1bf8b669d941ac89ab1b856fd2f12e9c12ad68053713f77	$RNAMODBENCH_LOCAL/raw/result/CHEUI/Arabidopsis_WT_rep1	01b_liftover_missing	2026-09-15 12:27:42
harmonisation/callsets/RNA002/Arabidopsis/Arabidopsis_WT/m6A/CHEUI_m6A/Arabidopsis_WT_rep2.tsv	19019	4160281	sha256=608a6853b281cebfdb2f424af573207c51e50cfc3f7d2f64440bf0d3f63843cf	$RNAMODBENCH_LOCAL/raw/result/CHEUI/Arabidopsis_WT_rep2	01b_liftover_missing	2026-09-15 12:27:45
harmonisation/callsets/RNA002/Arabidopsis/Arabidopsis_WT/m6A/CHEUI_m6A/Arabidopsis_WT_rep3.tsv	19197	4200418	sha256=8c421515531b7e53b8afaf35bcd5def15a8ee2fac57411da9fc571cc9574be5a	$RNAMODBENCH_LOCAL/raw/result/CHEUI/Arabidopsis_WT_rep3	01b_liftover_missing	2026-09-15 12:27:48
harmonisation/callsets/RNA002/Arabidopsis/Arabidopsis_KD/m6A/CHEUI_m6A/Arabidopsis_fip37_rep1.tsv	14533	3248924	sha256=7335af3fb5df4b2a310e08a47b5a497f2c6f20c9940b75e135716ebfd4d134f8	$RNAMODBENCH_LOCAL/raw/result/CHEUI/Arabidopsis_fip37_rep1	01b_liftover_missing	2026-09-15 12:27:50
harmonisation/callsets/RNA002/Arabidopsis/Arabidopsis_KD/m6A/CHEUI_m6A/Arabidopsis_fip37_rep2.tsv	11777	2648031	sha256=c1ebf665ef00dcb476bf06e26cbdeaabad8c88ee70902a55743959a304edf891	$RNAMODBENCH_LOCAL/raw/result/CHEUI/Arabidopsis_fip37_rep2	01b_liftover_missing	2026-09-15 12:27:52
harmonisation/callsets/RNA002/Arabidopsis/Arabidopsis_KD/m6A/CHEUI_m6A/Arabidopsis_fip37_rep3.tsv	10299	2314052	sha256=4faeb0cb6eca59b67ea1d7e89dff45f92db4f23fb45fd005c3f9ba85311a0a38	$RNAMODBENCH_LOCAL/raw/result/CHEUI/Arabidopsis_fip37_rep3	01b_liftover_missing	2026-09-15 12:27:54
harmonisation/callsets/RNA002/Arabidopsis/Arabidopsis_WT/m6A/DENA/Arabidopsis_WT_rep1.tsv	25131	5538967	sha256=1a51e9890cf9ae85fc38ba90f5ab1bb4d730601014a0832a2cbb5e15c4105b0d	$RNAMODBENCH_LOCAL/raw/result/DENA/Arabidopsis_WT_rep1_result	01b_liftover_missing	2026-09-15 12:27:56
harmonisation/callsets/RNA002/Arabidopsis/Arabidopsis_WT/m6A/DENA/Arabidopsis_WT_rep2.tsv	18688	4118882	sha256=4f678b4d1615bb43a48b1ae9e8324b500a8c5b112925a114405b5e1ece9e7148	$RNAMODBENCH_LOCAL/raw/result/DENA/Arabidopsis_WT_rep2_result	01b_liftover_missing	2026-09-15 12:27:58
harmonisation/callsets/RNA002/Arabidopsis/Arabidopsis_WT/m6A/DENA/Arabidopsis_WT_rep3.tsv	22872	5040972	sha256=9a3785c645c95502a8d76f5a87df1afad6baf03b14aeaa889719b5f4c3153ba9	$RNAMODBENCH_LOCAL/raw/result/DENA/Arabidopsis_WT_rep3_result	01b_liftover_missing	2026-09-15 12:28:00
harmonisation/callsets/RNA002/Arabidopsis/Arabidopsis_KD/m6A/DENA/Arabidopsis_fip37_rep1.tsv	9906	2242858	sha256=e7d97b717cbe6f44098468809886ad6157c45f03c3030107bdeefc738cf3a220	$RNAMODBENCH_LOCAL/raw/result/DENA/Arabidopsis_fip37_rep1_result	01b_liftover_missing	2026-09-15 12:28:01
harmonisation/callsets/RNA002/Arabidopsis/Arabidopsis_KD/m6A/DENA/Arabidopsis_fip37_rep2.tsv	14278	3232569	sha256=3f0e69c826608161521370c2d9d42842a3d83e3374e828f09daebcb720510d1b	$RNAMODBENCH_LOCAL/raw/result/DENA/Arabidopsis_fip37_rep2_result	01b_liftover_missing	2026-09-15 12:28:02
harmonisation/callsets/RNA002/Arabidopsis/Arabidopsis_KD/m6A/DENA/Arabidopsis_fip37_rep3.tsv	5885	1332380	sha256=e4806a24484420eb956aa7e119856c9f999249be3f04f4fabf1cd81a019b3516	$RNAMODBENCH_LOCAL/raw/result/DENA/Arabidopsis_fip37_rep3_result	01b_liftover_missing	2026-09-15 12:28:04
harmonisation/callsets/RNA002/Arabidopsis/Arabidopsis_WT/m6A/DRUMMER/Arabidopsis_WT_rep1.tsv	483	109160	sha256=42fbe4d1564bc506a8fa9e9c22c328325e27f46a5750d2b49d9fb11188e20593	$RNAMODBENCH_LOCAL/raw/result/DRUMMER/Arabidopsis_WT_result1	01b_liftover_missing	2026-09-15 12:28:04
harmonisation/callsets/RNA002/Arabidopsis/Arabidopsis_WT/m6A/DRUMMER/Arabidopsis_WT_rep2.tsv	627	141698	sha256=7b2d000be85c8fa16e900a3f56bb236a411474d246b17bdd966c0022d365de4a	$RNAMODBENCH_LOCAL/raw/result/DRUMMER/Arabidopsis_WT_result2	01b_liftover_missing	2026-09-15 12:28:05
harmonisation/callsets/RNA002/Arabidopsis/Arabidopsis_WT/m6A/DRUMMER/Arabidopsis_WT_rep3.tsv	339	76688	sha256=e80eaa68729cb005dd1f05cabd9c3499b56494750f0ae026e253b3522dc58859	$RNAMODBENCH_LOCAL/raw/result/DRUMMER/Arabidopsis_WT_result3	01b_liftover_missing	2026-09-15 12:28:05
harmonisation/callsets/RNA002/Arabidopsis/Arabidopsis_KD/m6A/DRUMMER/Arabidopsis_fip37_rep1.tsv	16	3922	sha256=1d470269977a6fa07a635689e22cb919df6e804fe249ec189a78e85658fb0559	$RNAMODBENCH_LOCAL/raw/result/DRUMMER/Arabidopsis_fip37_result1	01b_liftover_missing	2026-09-15 12:28:05
harmonisation/callsets/RNA002/Arabidopsis/Arabidopsis_KD/m6A/DRUMMER/Arabidopsis_fip37_rep2.tsv	0	218	sha256=c2df3a0083a767ee61f400a4c855501bf6a9270629d2c64ec295e804353cbcb2	$RNAMODBENCH_LOCAL/raw/result/DRUMMER/Arabidopsis_fip37_result2	01b_liftover_missing	2026-09-15 12:28:05
harmonisation/callsets/RNA002/Arabidopsis/Arabidopsis_KD/m6A/DRUMMER/Arabidopsis_fip37_rep3.tsv	19	4615	sha256=7ce33e2578fdde9a5ea13a501a3a8d29401119bcdc402d901bf63f96ba4a9a01	$RNAMODBENCH_LOCAL/raw/result/DRUMMER/Arabidopsis_fip37_result3	01b_liftover_missing	2026-09-15 12:28:06
harmonisation/callsets/RNA002/Arabidopsis/Arabidopsis_WT/m6A/EpiNano_Error/Arabidopsis_WT_rep1.tsv	9344	1794826	sha256=6801219846c6f3963c68caf53a1b16cedde100d56008c1f7e2ea67b1fb638278	$RNAMODBENCH_LOCAL/raw/result/Epinano_DiffErr/Arabidopsis_WT_result1	01b_liftover_missing	2026-09-15 12:28:18
harmonisation/callsets/RNA002/Arabidopsis/Arabidopsis_WT/m6A/EpiNano_Error/Arabidopsis_WT_rep2.tsv	14141	2715467	sha256=b38304e8f8309d09e08cf0a14eb220e377187c9382e3b1e3c0c3653e7cb46e1d	$RNAMODBENCH_LOCAL/raw/result/Epinano_DiffErr/Arabidopsis_WT_result2	01b_liftover_missing	2026-09-15 12:28:35
harmonisation/callsets/RNA002/Arabidopsis/Arabidopsis_WT/m6A/EpiNano_Error/Arabidopsis_WT_rep3.tsv	5833	1120392	sha256=121542633b277b3c4669ee76b04bc0d4912a75ff4d1f666029628dc01479f300	$RNAMODBENCH_LOCAL/raw/result/Epinano_DiffErr/Arabidopsis_WT_result3	01b_liftover_missing	2026-09-15 12:28:43
harmonisation/callsets/RNA002/Arabidopsis/Arabidopsis_KD/m6A/EpiNano_Error/Arabidopsis_fip37_rep1.tsv	31981	6333296	sha256=f03b8783c1289d69359e584ffa6167724978885f34586b0e2a4c8bf8c20dc38c	$RNAMODBENCH_LOCAL/raw/result/Epinano_DiffErr/Arabidopsis_fip37_result1	01b_liftover_missing	2026-09-15 12:29:32
harmonisation/callsets/RNA002/Arabidopsis/Arabidopsis_KD/m6A/EpiNano_Error/Arabidopsis_fip37_rep2.tsv	18427	3647326	sha256=9dc6c9b11390d39c12323111d330de7b22fc7a472a1e539b2b1794560a3ebbb7	$RNAMODBENCH_LOCAL/raw/result/Epinano_DiffErr/Arabidopsis_fip37_result2	01b_liftover_missing	2026-09-15 12:30:03
harmonisation/callsets/RNA002/Arabidopsis/Arabidopsis_KD/m6A/EpiNano_Error/Arabidopsis_fip37_rep3.tsv	13996	2770978	sha256=ac7fa991678e8061dfcc6ab36053c0721d72e65762e98a81e5776c596a4335e9	$RNAMODBENCH_LOCAL/raw/result/Epinano_DiffErr/Arabidopsis_fip37_result3	01b_liftover_missing	2026-09-15 12:30:34
harmonisation/callsets/RNA002/Arabidopsis/Arabidopsis_WT/m6A/m6Anet/Arabidopsis_WT_rep1.tsv	13200	3196749	sha256=8078074d4f222090e95041cf2528ec212715acebdc85fd18b8ff0bff0b5f23e3	$RNAMODBENCH_LOCAL/raw/result/m6Anet/Arabidopsis_WT_rep1_transcripts_inference	01b_liftover_missing	2026-09-15 12:30:35
harmonisation/callsets/RNA002/Arabidopsis/Arabidopsis_WT/m6A/m6Anet/Arabidopsis_WT_rep2.tsv	11328	2743175	sha256=bf82beafb46b533d7cc762b1005ac82f5fd36fe64a6dc709e71aed0d2348f9e0	$RNAMODBENCH_LOCAL/raw/result/m6Anet/Arabidopsis_WT_rep2_transcripts_inference	01b_liftover_missing	2026-09-15 12:30:36
harmonisation/callsets/RNA002/Arabidopsis/Arabidopsis_WT/m6A/m6Anet/Arabidopsis_WT_rep3.tsv	11073	2681683	sha256=26225d2f35060e72ca895a8cc449964a582261ef26c6d08601ce4958c95eda20	$RNAMODBENCH_LOCAL/raw/result/m6Anet/Arabidopsis_WT_rep3_transcripts_inference	01b_liftover_missing	2026-09-15 12:30:37
harmonisation/callsets/RNA002/Arabidopsis/Arabidopsis_KD/m6A/m6Anet/Arabidopsis_fip37_rep1.tsv	2818	699199	sha256=1bce827a0a8eb6f8ca551fa16ba98a292b69d3ef5fba2bbf512ed6ec8035b272	$RNAMODBENCH_LOCAL/raw/result/m6Anet/Arabidopsis_fip37_rep1_transcripts_inference	01b_liftover_missing	2026-09-15 12:30:37
harmonisation/callsets/RNA002/Arabidopsis/Arabidopsis_KD/m6A/m6Anet/Arabidopsis_fip37_rep2.tsv	4738	1175486	sha256=c70f0fcec556bce867631219460bcc657a98a38db82008b8a3eafdc05ef9a301	$RNAMODBENCH_LOCAL/raw/result/m6Anet/Arabidopsis_fip37_rep2_transcripts_inference	01b_liftover_missing	2026-09-15 12:30:37
harmonisation/callsets/RNA002/Arabidopsis/Arabidopsis_KD/m6A/m6Anet/Arabidopsis_fip37_rep3.tsv	1839	456346	sha256=4cac8284c87eae3c371ba7065200cd00e608eb4851ba52ae3f8bb676028533e5	$RNAMODBENCH_LOCAL/raw/result/m6Anet/Arabidopsis_fip37_rep3_transcripts_inference	01b_liftover_missing	2026-09-15 12:30:38
harmonisation/callsets/RNA002/Arabidopsis/Arabidopsis_WT/m6A/MINES/Arabidopsis_WT_rep1.tsv	70690	15096130	sha256=aa9c122ed111668cfce2995bd9e08efd820b3575a3c4fd0ac5c46a1325347b32	$RNAMODBENCH_LOCAL/raw/result/MINES/Arabidopsis_WT_rep1	01b_liftover_missing	2026-09-15 12:30:40
harmonisation/callsets/RNA002/Arabidopsis/Arabidopsis_WT/m6A/MINES/Arabidopsis_WT_rep2.tsv	53146	11348911	sha256=732a39e15d59844827c07f587df9ed212bb4b5e1c9451210ec74e3908664333b	$RNAMODBENCH_LOCAL/raw/result/MINES/Arabidopsis_WT_rep2	01b_liftover_missing	2026-09-15 12:30:43
harmonisation/callsets/RNA002/Arabidopsis/Arabidopsis_WT/m6A/MINES/Arabidopsis_WT_rep3.tsv	66253	14147725	sha256=7425e7c0673441b69d32765f715926c89e4ffe35934db91fbcfbd07ae6b1ae54	$RNAMODBENCH_LOCAL/raw/result/MINES/Arabidopsis_WT_rep3	01b_liftover_missing	2026-09-15 12:30:45
harmonisation/callsets/RNA002/Arabidopsis/Arabidopsis_KD/m6A/MINES/Arabidopsis_fip37_rep1.tsv	30156	6619801	sha256=b0c309cedcecca7cd024bbfdb9dd4083ff41212953f68fec58e63f23cd2ba42b	$RNAMODBENCH_LOCAL/raw/result/MINES/Arabidopsis_fip37_rep1	01b_liftover_missing	2026-09-15 12:30:47
harmonisation/callsets/RNA002/Arabidopsis/Arabidopsis_KD/m6A/MINES/Arabidopsis_fip37_rep2.tsv	45001	9880493	sha256=429b232751143bdd86df1168dceae5bb10d6d2e97fc24242cec9bf32d674c506	$RNAMODBENCH_LOCAL/raw/result/MINES/Arabidopsis_fip37_rep2	01b_liftover_missing	2026-09-15 12:30:48
harmonisation/callsets/RNA002/Arabidopsis/Arabidopsis_KD/m6A/MINES/Arabidopsis_fip37_rep3.tsv	20419	4482186	sha256=95aed1f2c35e88fd854502f69882b9e4d22aec445e01d3a8780c07926d3111ae	$RNAMODBENCH_LOCAL/raw/result/MINES/Arabidopsis_fip37_rep3	01b_liftover_missing	2026-09-15 12:30:50
harmonisation/callsets/RNA002/Arabidopsis/Arabidopsis_WT/m6A/Nanocompore/Arabidopsis_WT_rep1.tsv	462	106662	sha256=ed864ad46eb4c75edf031d4ba6c6a4ba3bdec2c180dcfde4d4ae89cd5cd4ac56	$RNAMODBENCH_LOCAL/raw/result/Nanocompore/Arabidopsis_WT_result1	01b_liftover_missing	2026-09-15 12:31:14
harmonisation/callsets/RNA002/Arabidopsis/Arabidopsis_WT/m6A/Nanocompore/Arabidopsis_WT_rep2.tsv	1070	246405	sha256=ca312dd77c72e462457b9d791d0387bbb134a56a495f940701b9f7c3aa033a84	$RNAMODBENCH_LOCAL/raw/result/Nanocompore/Arabidopsis_WT_result2	01b_liftover_missing	2026-09-15 12:31:36
harmonisation/callsets/RNA002/Arabidopsis/Arabidopsis_WT/m6A/Nanocompore/Arabidopsis_WT_rep3.tsv	255	58959	sha256=8916c0d9e220e04d9d3324e73e622227a77b38067079fd7b6770d89edc4ba4b7	$RNAMODBENCH_LOCAL/raw/result/Nanocompore/Arabidopsis_WT_result3	01b_liftover_missing	2026-09-15 12:31:52
harmonisation/callsets/RNA002/Arabidopsis/Arabidopsis_KD/m6A/Nanocompore/Arabidopsis_fip37_rep1.tsv	197	46662	sha256=ca35b9500fac1d12ef415af8928b01ae28c66cc126002a7ecb787c14d54777c2	$RNAMODBENCH_LOCAL/raw/result/Nanocompore/Arabidopsis_fip37_result1	01b_liftover_missing	2026-09-15 12:32:15
harmonisation/callsets/RNA002/Arabidopsis/Arabidopsis_KD/m6A/Nanocompore/Arabidopsis_fip37_rep2.tsv	161	38239	sha256=20af7e7ede8a9fe63491862a058c725433c7f099f3867794d9205ca0b236cdbb	$RNAMODBENCH_LOCAL/raw/result/Nanocompore/Arabidopsis_fip37_result2	01b_liftover_missing	2026-09-15 12:32:33
harmonisation/callsets/RNA002/Arabidopsis/Arabidopsis_KD/m6A/Nanocompore/Arabidopsis_fip37_rep3.tsv	693	163814	sha256=f78aba197ef06cad3cc5a0c57d08950e3155e0ed1a63a46d45303f21e645507a	$RNAMODBENCH_LOCAL/raw/result/Nanocompore/Arabidopsis_fip37_result3	01b_liftover_missing	2026-09-15 12:32:51
harmonisation/callsets/RNA002/Arabidopsis/Arabidopsis_WT/m6A/NanoSPA_m6A/Arabidopsis_WT_rep1.tsv	1391	235604	sha256=aa7aa1512abd87675f0d05eb718e41f9bbe4040aa81ded4e31295b6636919bef	$RNAMODBENCH_LOCAL/raw/result/NanoSPA/Arabidopsis_WT_rep1	01b_liftover_missing	2026-09-15 12:32:52
harmonisation/callsets/RNA002/Arabidopsis/Arabidopsis_WT/m6A/NanoSPA_m6A/Arabidopsis_WT_rep2.tsv	1281	216814	sha256=ff1a97847db7b52501aea5a557b9c0487314a022e4b50311fe9ea655998b0662	$RNAMODBENCH_LOCAL/raw/result/NanoSPA/Arabidopsis_WT_rep2	01b_liftover_missing	2026-09-15 12:32:52
harmonisation/callsets/RNA002/Arabidopsis/Arabidopsis_WT/m6A/NanoSPA_m6A/Arabidopsis_WT_rep3.tsv	1455	245873	sha256=529a73ef99ee2b4ff26605ff17d8d6dd08de575980c7aa1ce1241874d0e7313e	$RNAMODBENCH_LOCAL/raw/result/NanoSPA/Arabidopsis_WT_rep3	01b_liftover_missing	2026-09-15 12:32:53
harmonisation/callsets/RNA002/Arabidopsis/Arabidopsis_KD/m6A/NanoSPA_m6A/Arabidopsis_fip37_rep1.tsv	314	55489	sha256=e4af239e4d59f22c32f7bd344d6f76932d2d71808f2c62917a73e6e1770a2c5b	$RNAMODBENCH_LOCAL/raw/result/NanoSPA/Arabidopsis_fip37_rep1	01b_liftover_missing	2026-09-15 12:32:53
harmonisation/callsets/RNA002/Arabidopsis/Arabidopsis_KD/m6A/NanoSPA_m6A/Arabidopsis_fip37_rep2.tsv	504	88977	sha256=3783eea8d4751dbbc2e1893aaca087cdeb3d80a8a133d9f70c627a5a0485eb2d	$RNAMODBENCH_LOCAL/raw/result/NanoSPA/Arabidopsis_fip37_rep2	01b_liftover_missing	2026-09-15 12:32:53
harmonisation/callsets/RNA002/Arabidopsis/Arabidopsis_KD/m6A/NanoSPA_m6A/Arabidopsis_fip37_rep3.tsv	229	40577	sha256=70ea2f54993226053c02f48eb5de9c75ce39fc745098fb9d43613f7e54aabad2	$RNAMODBENCH_LOCAL/raw/result/NanoSPA/Arabidopsis_fip37_rep3	01b_liftover_missing	2026-09-15 12:32:53
harmonisation/callsets/RNA002/Arabidopsis/Arabidopsis_WT/m6A/xPore/Arabidopsis_WT_rep1.tsv	27372	6110479	sha256=27d0d066ec699b9029c916c2d1e5de1de81615e8ce61a0ef1cc5ff0b03963925	$RNAMODBENCH_LOCAL/raw/result/xPore/Arabidopsis_WT_result1	01b_liftover_missing	2026-09-15 12:33:04
harmonisation/callsets/RNA002/Arabidopsis/Arabidopsis_WT/m6A/xPore/Arabidopsis_WT_rep2.tsv	38273	8535963	sha256=de91ad2dc4660ae4f1eeca9111e44f66cfc1ca41d14407a32daebb0d65636098	$RNAMODBENCH_LOCAL/raw/result/xPore/Arabidopsis_WT_result2	01b_liftover_missing	2026-09-15 12:33:19
harmonisation/callsets/RNA002/Arabidopsis/Arabidopsis_WT/m6A/xPore/Arabidopsis_WT_rep3.tsv	21168	4728663	sha256=96e87cbbc1b102631b8f2113b5565aebd40a1f18f4e3170f5fc0dc6668603cd9	$RNAMODBENCH_LOCAL/raw/result/xPore/Arabidopsis_WT_result3	01b_liftover_missing	2026-09-15 12:33:26
harmonisation/callsets/RNA002/Arabidopsis/Arabidopsis_KD/m6A/xPore/Arabidopsis_fip37_rep1.tsv	21263	4868121	sha256=3d89168bd92253a29dec20c43591c2d34e33b16dea52aca9ceba5afb4e7f8b6e	$RNAMODBENCH_LOCAL/raw/result/xPore/Arabidopsis_fip37_result1	01b_liftover_missing	2026-09-15 12:33:37
harmonisation/callsets/RNA002/Arabidopsis/Arabidopsis_KD/m6A/xPore/Arabidopsis_fip37_rep2.tsv	22369	5123006	sha256=5cf2dca9bf584f0bfbe169a54c6cdf06302e6412e994d019af16a92f872a312d	$RNAMODBENCH_LOCAL/raw/result/xPore/Arabidopsis_fip37_result2	01b_liftover_missing	2026-09-15 12:33:45
harmonisation/callsets/RNA002/Arabidopsis/Arabidopsis_KD/m6A/xPore/Arabidopsis_fip37_rep3.tsv	23090	5285946	sha256=3e45a8618cd6c06762c06ea3c66c69d6df41b756861a78a98a2c08767a6199a9	$RNAMODBENCH_LOCAL/raw/result/xPore/Arabidopsis_fip37_result3	01b_liftover_missing	2026-09-15 12:33:53
harmonisation/manifest/liftover_fill.csv	54	10261	sha256=8fb44bf2e327dda3388ca724c1175b3d458abdd7bce79ff21b9c69979274511b		01b_liftover_missing	2026-09-15 12:33:53
harmonisation/manifest/liftover_validation.csv	116	16624	sha256=b5ceb8909d3ba2c428de0d943ab3ab68b24985eb27d169ca30078156ad5dc282		02b_validate_liftover	2026-09-15 13:03:51
harmonisation/manifest/annotation_summary.csv	444	33536	sha256=2e00b5d8a051fae829981ce611b2211d86ae2c2dd95d95c3dcba3762dd4b474c		03_annotate_callsets	2026-09-15 13:38:14
harmonisation/universe/universe_summary.csv	79	10913	sha256=611132ac8526ff765fe7a2b1513810767d8ec2e11fe4b18a43dc595cb2072cf6		04_build_universe	2026-09-15 15:05:46
harmonisation/evaluation/tables/m6a_glori_confusion.tsv	1862	333435	sha256=f76bc5243e9ac81344687a0db209deccac7e2aca2ac506f30a7976e0483aec13		06_eval_m6a_glori	2026-09-15 16:29:43
harmonisation/evaluation/tables/m6a_localization_curve.tsv	1862	152494	sha256=892f47a00a8474dbd8f91e56d1850dee76ad31e760bc06f6415404859ae74f96		06_eval_m6a_glori	2026-09-15 16:29:43
harmonisation/evaluation/tables/reproducibility.tsv	1533	215948	sha256=768c7e6d451dda30902cb5dca4332583c8e819ebb421623ef9bdb7239139b9a3		06_eval_m6a_glori	2026-09-15 16:29:43
harmonisation/evaluation/tables/controls_ivt_fpr.tsv	168	19491	sha256=1fb4bc1a40c08c38b66e7201f82e0421932d97a78f2213e6eff23206df32bdb4		07_eval_controls	2026-09-15 16:58:47
harmonisation/evaluation/tables/ko_kd_metrics.tsv	62	9928	sha256=3544b8a0b848a318927cb7633932ce64f3596fc62a5cd4119c6764237f140069		07_eval_controls	2026-09-15 17:34:46
harmonisation/evaluation/tables/purified_sites.tsv	62	14395	sha256=9b343ec76fc77974df86c84e5fcc3564670c4428be20858d055f606a5115a7af		07_eval_controls	2026-09-15 17:34:46
harmonisation/manifest/nonm6a_scope.csv	390	84031	sha256=fa54bf9fd0711e041198f3fc8701dea7a9f97fc0262adb53b439c9d61e7090d7		11_scope_split	2026-09-15 17:55:07
harmonisation/manifest/nonm6a_deleted.csv	17	6877	sha256=23a90871076352ee3a2f809553a5ebfd08a0b0c07ddca61535c7c8e8e157861a		11_scope_split	2026-09-15 17:55:07
harmonisation/manifest/out_of_scope_tools_deleted.csv	58	27109	sha256=4a7f3889afcc30bb1e7ebb384a37e4ccfd7276789e2d9ce128a8a203d97e07a0		11_scope_split	2026-09-15 17:55:07
harmonisation/manifest/callsets_summary.csv	698	176027	sha256=8f196417b4661ff13b128e9daeadc955c5a11afd4839269420a112939d3c8699		11_scope_split	2026-09-15 17:55:07
harmonisation/manifest/article_scope_audit.csv	0	1	sha256=01ba4719c80b6fe911b091a7c05124b64eeece964e09c058ef8f9805daca546b		15_scope_check	2026-09-15 17:55:12
harmonisation/evaluation/tables/offset_audit.tsv	387	38653	sha256=1dec9c8bfa8cebe356c19a1ccc1b2d11e3fa246cf18eb8cc2ae698a15f73e1af		05_offset_audit	2026-09-15 17:57:07
harmonisation/evaluation/tables/offset_histogram.tsv	2079	82261	sha256=1e103216ff5de2561d22b16611dbcd4f4051983ba31ae227b92a8e0f6ee927b8		05_offset_audit	2026-09-15 17:57:07
data/callsets/RNA002/Curlcake/Curlcake_IVT/m6A/Nanocompore/Curlcake_IVT_rep3.tsv	13	2711	sha256=7485db24367476b7cea24b7e0055285b7a3ffe4b2e7fc081413731371ac43faf	$RNAMODBENCH_LOCAL/raw/result/Nanocompore/Curlcake_IVT_rep3_vs_IVT_rep1	01b_liftover_missing	2026-09-16 01:49:56
data/callsets/RNA002/Curlcake/Curlcake_m6A/m6A/Nanocompore/Curlcake_m6A_rep2.tsv	1585	313228	sha256=c54bfa3b3cbebb886cf6424d69c76edf17a56b6780328a0c636afa5b04896400	$RNAMODBENCH_LOCAL/raw/result/Nanocompore/Curlcake_m6A_rep2_vs_IVT_rep3	01b_liftover_missing	2026-09-16 01:49:56
data/callsets/RNA002/Curlcake/Curlcake_IVT/m6A/Nanocompore/Curlcake_IVT_rep1.tsv	13	2711	sha256=abdd7f5408842813a01524f84ac7023e51f9d4c647839fb85e51eb716bf6b500	$RNAMODBENCH_LOCAL/raw/result/Nanocompore/Curlcake_IVT_rep3_vs_IVT_rep1	01b_liftover_missing	2026-09-16 01:53:49
data/callsets/RNA002/Curlcake/Curlcake_IVT/m6A/Nanocompore/Curlcake_IVT_rep2_partial.tsv	8	1881	sha256=d86ebe72454f3f5ee75cffd534eff5e1e29b7ec9af5a005afdf878eb23a8d725	$RNAMODBENCH_LOCAL/raw/result/Nanocompore/Curlcake_IVT_rep2_partial_vs_IVT_rep1	01b_liftover_missing	2026-09-16 01:53:59
data/callsets/RNA002/Curlcake/Curlcake_m6A/m6A/Nanocompore/Curlcake_m6A_rep1.tsv	1734	342288	sha256=c8ab342ce23712dd799319f70573059c1b27d35cba115d8f0cf4a9870b71b09a	$RNAMODBENCH_LOCAL/raw/result/Nanocompore/Curlcake_m6A_rep1_vs_IVT_rep1	01b_liftover_missing	2026-09-16 01:53:59
metadata/sample_registry.csv	28	7441	sha256=639bbf9d4300f1dfae978f4287543d92a3e2b92d2aac6f16e4e0eb723907b3c4		00_build_registry	2026-09-18 07:18:29
metadata/sample_tool_registry.csv	540	139133	sha256=6ae093ab7e4edbecee0c82eef613997440b832a5ce41e70e882e4ef6514c298c		00_build_registry	2026-09-18 07:18:29
metadata/pending.csv	2	304	sha256=3ef5dc40f6d58afb5096174dfdb25debf2a62b9f47e92429a9718fed67ca7678		00_build_registry	2026-09-18 07:18:29
data/callsets/RNA002/Arabidopsis/Arabidopsis_WT/m6A/CHEUI_m6A/Arabidopsis_WT_rep1.tsv	17598	3854021	sha256=51fe9f9b1bebec09f1bf8b669d941ac89ab1b856fd2f12e9c12ad68053713f77	$RNAMODBENCH_LOCAL/raw/result/CHEUI/Arabidopsis_WT_rep1	01b_liftover_missing	2026-09-18 07:31:47
data/callsets/RNA002/Arabidopsis/Arabidopsis_WT/m6A/CHEUI_m6A/Arabidopsis_WT_rep2.tsv	19019	4160281	sha256=608a6853b281cebfdb2f424af573207c51e50cfc3f7d2f64440bf0d3f63843cf	$RNAMODBENCH_LOCAL/raw/result/CHEUI/Arabidopsis_WT_rep2	01b_liftover_missing	2026-09-18 07:31:50
data/callsets/RNA002/Arabidopsis/Arabidopsis_WT/m6A/CHEUI_m6A/Arabidopsis_WT_rep3.tsv	19197	4200418	sha256=8c421515531b7e53b8afaf35bcd5def15a8ee2fac57411da9fc571cc9574be5a	$RNAMODBENCH_LOCAL/raw/result/CHEUI/Arabidopsis_WT_rep3	01b_liftover_missing	2026-09-18 07:31:56
data/callsets/RNA002/Arabidopsis/Arabidopsis_KD/m6A/CHEUI_m6A/Arabidopsis_fip37_rep1.tsv	14533	3248924	sha256=7335af3fb5df4b2a310e08a47b5a497f2c6f20c9940b75e135716ebfd4d134f8	$RNAMODBENCH_LOCAL/raw/result/CHEUI/Arabidopsis_fip37_rep1	01b_liftover_missing	2026-09-18 07:31:58
data/callsets/RNA002/Arabidopsis/Arabidopsis_KD/m6A/CHEUI_m6A/Arabidopsis_fip37_rep2.tsv	11777	2648031	sha256=c1ebf665ef00dcb476bf06e26cbdeaabad8c88ee70902a55743959a304edf891	$RNAMODBENCH_LOCAL/raw/result/CHEUI/Arabidopsis_fip37_rep2	01b_liftover_missing	2026-09-18 07:32:04
data/callsets/RNA002/Arabidopsis/Arabidopsis_KD/m6A/CHEUI_m6A/Arabidopsis_fip37_rep3.tsv	10299	2314052	sha256=4faeb0cb6eca59b67ea1d7e89dff45f92db4f23fb45fd005c3f9ba85311a0a38	$RNAMODBENCH_LOCAL/raw/result/CHEUI/Arabidopsis_fip37_rep3	01b_liftover_missing	2026-09-18 07:32:08
data/callsets/RNA002/Curlcake/Curlcake_IVT/m6A/CHEUI_m6A/Curlcake_IVT_rep1.tsv	0	218	sha256=c2df3a0083a767ee61f400a4c855501bf6a9270629d2c64ec295e804353cbcb2	$RNAMODBENCH_LOCAL/raw/result/CHEUI/Curlcake_IVT_rep1	01b_liftover_missing	2026-09-18 07:32:08
data/callsets/RNA002/Curlcake/Curlcake_IVT/m6A/CHEUI_m6A/Curlcake_IVT_rep2_partial.tsv	0	218	sha256=c2df3a0083a767ee61f400a4c855501bf6a9270629d2c64ec295e804353cbcb2	$RNAMODBENCH_LOCAL/raw/result/CHEUI/Curlcake_IVT_rep2_partial	01b_liftover_missing	2026-09-18 07:32:08
data/callsets/RNA002/Curlcake/Curlcake_IVT/m6A/CHEUI_m6A/Curlcake_IVT_rep3.tsv	0	218	sha256=c2df3a0083a767ee61f400a4c855501bf6a9270629d2c64ec295e804353cbcb2	$RNAMODBENCH_LOCAL/raw/result/CHEUI/Curlcake_IVT_rep3	01b_liftover_missing	2026-09-18 07:32:08
data/callsets/RNA002/Curlcake/Curlcake_m6A/m6A/CHEUI_m6A/Curlcake_m6A_rep1.tsv	1	392	sha256=c587596c216a33abfa19e52dac809b4c3da9617356d1bbb97f449ed88923dc5d	$RNAMODBENCH_LOCAL/raw/result/CHEUI/Curlcake_m6A_rep1	01b_liftover_missing	2026-09-18 07:32:08
data/callsets/RNA002/Curlcake/Curlcake_m6A/m6A/CHEUI_m6A/Curlcake_m6A_rep2.tsv	0	218	sha256=c2df3a0083a767ee61f400a4c855501bf6a9270629d2c64ec295e804353cbcb2	$RNAMODBENCH_LOCAL/raw/result/CHEUI/Curlcake_m6A_rep2	01b_liftover_missing	2026-09-18 07:32:08
data/callsets/RNA002/Curlcake/Curlcake_IVT/m5C/CHEUI_m5C/Curlcake_IVT_rep1.tsv	0	218	sha256=c2df3a0083a767ee61f400a4c855501bf6a9270629d2c64ec295e804353cbcb2	$RNAMODBENCH_LOCAL/raw/result/CHEUI/Curlcake_IVT_rep1	01b_liftover_missing	2026-09-18 07:32:08
data/callsets/RNA002/Curlcake/Curlcake_IVT/m5C/CHEUI_m5C/Curlcake_IVT_rep2_partial.tsv	0	218	sha256=c2df3a0083a767ee61f400a4c855501bf6a9270629d2c64ec295e804353cbcb2	$RNAMODBENCH_LOCAL/raw/result/CHEUI/Curlcake_IVT_rep2_partial	01b_liftover_missing	2026-09-18 07:32:08
data/callsets/RNA002/Curlcake/Curlcake_IVT/m5C/CHEUI_m5C/Curlcake_IVT_rep3.tsv	0	218	sha256=c2df3a0083a767ee61f400a4c855501bf6a9270629d2c64ec295e804353cbcb2	$RNAMODBENCH_LOCAL/raw/result/CHEUI/Curlcake_IVT_rep3	01b_liftover_missing	2026-09-18 07:32:08
data/callsets/RNA002/Arabidopsis/Arabidopsis_WT/m6A/DENA/Arabidopsis_WT_rep1.tsv	25131	5363050	sha256=d4ffdf9c874109217520b9171165f9d9c6bfd147c105e1f20472ce9a2b589b4c	$RNAMODBENCH_LOCAL/raw/result/DENA/Arabidopsis_WT_rep1	01b_liftover_missing	2026-09-18 07:32:11
data/callsets/RNA002/Arabidopsis/Arabidopsis_WT/m6A/DENA/Arabidopsis_WT_rep2.tsv	18688	3988066	sha256=d66943688b860e400ce71876486cfed5b70ab4073c4a8e16530a7585aec3dc26	$RNAMODBENCH_LOCAL/raw/result/DENA/Arabidopsis_WT_rep2	01b_liftover_missing	2026-09-18 07:32:13
data/callsets/RNA002/Arabidopsis/Arabidopsis_WT/m6A/DENA/Arabidopsis_WT_rep3.tsv	22872	4880868	sha256=1b4de97b7ce44944febe1cce42af20b3becf138f54c36d62cd5e406437471076	$RNAMODBENCH_LOCAL/raw/result/DENA/Arabidopsis_WT_rep3	01b_liftover_missing	2026-09-18 07:32:16
data/callsets/RNA002/Arabidopsis/Arabidopsis_KD/m6A/DENA/Arabidopsis_fip37_rep1.tsv	9906	2173516	sha256=4eb1f4cca8af4b2a721cf64c19cfd98a714938be78439332946df83fbb60898a	$RNAMODBENCH_LOCAL/raw/result/DENA/Arabidopsis_fip37_rep1	01b_liftover_missing	2026-09-18 07:32:17
data/callsets/RNA002/Arabidopsis/Arabidopsis_KD/m6A/DENA/Arabidopsis_fip37_rep2.tsv	14278	3132623	sha256=b08cb231b66e6fdb2dc67b021939f104bcda9541f695bc84ddca1868bf04818b	$RNAMODBENCH_LOCAL/raw/result/DENA/Arabidopsis_fip37_rep2	01b_liftover_missing	2026-09-18 07:32:19
data/callsets/RNA002/Arabidopsis/Arabidopsis_KD/m6A/DENA/Arabidopsis_fip37_rep3.tsv	5885	1291185	sha256=1c1b1139f3c6b2b0da3b66e8b620f17075c343f2a8a8b21aefee0cb19f9be592	$RNAMODBENCH_LOCAL/raw/result/DENA/Arabidopsis_fip37_rep3	01b_liftover_missing	2026-09-18 07:32:23
data/callsets/RNA002/Arabidopsis/Arabidopsis_WT/m6A/DRUMMER/Arabidopsis_WT_rep1.tsv	483	107711	sha256=6a898587d229d4745d25263c2891a425603531d4c41141019bfbb69293d46053	$RNAMODBENCH_LOCAL/raw/result/DRUMMER/Arabidopsis_WT_rep1	01b_liftover_missing	2026-09-18 07:32:23
data/callsets/RNA002/Arabidopsis/Arabidopsis_WT/m6A/DRUMMER/Arabidopsis_WT_rep2.tsv	627	139817	sha256=e29949b25fea0317757e493c8cd69e0b3bfd1778e24e07f5309af49b5b2e426d	$RNAMODBENCH_LOCAL/raw/result/DRUMMER/Arabidopsis_WT_rep2	01b_liftover_missing	2026-09-18 07:32:24
data/callsets/RNA002/Arabidopsis/Arabidopsis_WT/m6A/DRUMMER/Arabidopsis_WT_rep3.tsv	339	75671	sha256=c49dd6a7e1514e32192a6db7bb154135afdf45c5f482eb0e1556d4e9a2018ffd	$RNAMODBENCH_LOCAL/raw/result/DRUMMER/Arabidopsis_WT_rep3	01b_liftover_missing	2026-09-18 07:32:24
data/callsets/RNA002/Arabidopsis/Arabidopsis_KD/m6A/DRUMMER/Arabidopsis_fip37_rep1.tsv	16	3874	sha256=429eda3c613acfd98df0eb518646be6c73b9c024b25155175eec45ffe5362292	$RNAMODBENCH_LOCAL/raw/result/DRUMMER/Arabidopsis_fip37_rep1	01b_liftover_missing	2026-09-18 07:32:25
data/callsets/RNA002/Arabidopsis/Arabidopsis_KD/m6A/DRUMMER/Arabidopsis_fip37_rep2.tsv	0	218	sha256=c2df3a0083a767ee61f400a4c855501bf6a9270629d2c64ec295e804353cbcb2	$RNAMODBENCH_LOCAL/raw/result/DRUMMER/Arabidopsis_fip37_rep2	01b_liftover_missing	2026-09-18 07:32:25
data/callsets/RNA002/Arabidopsis/Arabidopsis_KD/m6A/DRUMMER/Arabidopsis_fip37_rep3.tsv	19	4558	sha256=4b74284d07fc6252407f8dc0a4f1f8a5eb2824f28f27e3286c1cb8abb01ed057	$RNAMODBENCH_LOCAL/raw/result/DRUMMER/Arabidopsis_fip37_rep3	01b_liftover_missing	2026-09-18 07:32:25
data/callsets/RNA002/Arabidopsis/Arabidopsis_WT/m6A/EpiNano_Error/Arabidopsis_WT_rep1.tsv	9586	1811086	sha256=b0fb4a29e844dc7d1ad58cb6de1e6d80827a98def09d9773bb4381557591abae	$RNAMODBENCH_LOCAL/raw/result/EpiNano_DiffErr/Arabidopsis_WT_rep1	01b_liftover_missing	2026-09-18 07:33:09
data/callsets/RNA002/Arabidopsis/Arabidopsis_WT/m6A/EpiNano_Error/Arabidopsis_WT_rep2.tsv	15404	2910339	sha256=fe02f5a69b11b5e1fd85a286020a2d4657e7d09306cf6f6291537eb6a9e55ae0	$RNAMODBENCH_LOCAL/raw/result/EpiNano_DiffErr/Arabidopsis_WT_rep2	01b_liftover_missing	2026-09-18 07:34:10
data/callsets/RNA002/Arabidopsis/Arabidopsis_WT/m6A/EpiNano_Error/Arabidopsis_WT_rep3.tsv	5912	1117193	sha256=ce439b7a2f2077eb2adcfc572420f8b07d75af9af8084d648e59f187e5804272	$RNAMODBENCH_LOCAL/raw/result/EpiNano_DiffErr/Arabidopsis_WT_rep3	01b_liftover_missing	2026-09-18 07:34:40
data/callsets/RNA002/Arabidopsis/Arabidopsis_KD/m6A/EpiNano_Error/Arabidopsis_fip37_rep1.tsv	8557	1667577	sha256=de50eafaa6cace9e6cedadc13f589cc567487afc6c0fa6f6c099e8a2f6d0dda7	$RNAMODBENCH_LOCAL/raw/result/EpiNano_DiffErr/Arabidopsis_fip37_rep1	01b_liftover_missing	2026-09-18 07:35:27
data/callsets/RNA002/Arabidopsis/Arabidopsis_KD/m6A/EpiNano_Error/Arabidopsis_fip37_rep2.tsv	5317	1036313	sha256=82d0e3d6ae35f482084303a9b965adba0f66c2590a6536a85c78469cd9685eeb	$RNAMODBENCH_LOCAL/raw/result/EpiNano_DiffErr/Arabidopsis_fip37_rep2	01b_liftover_missing	2026-09-18 07:35:59
data/callsets/RNA002/Arabidopsis/Arabidopsis_KD/m6A/EpiNano_Error/Arabidopsis_fip37_rep3.tsv	5105	995404	sha256=c6b5a1ac9722646731bd2b22726c76235ccee077a7c4f50344775aa734730cd8	$RNAMODBENCH_LOCAL/raw/result/EpiNano_DiffErr/Arabidopsis_fip37_rep3	01b_liftover_missing	2026-09-18 07:36:22
data/callsets/RNA002/Arabidopsis/Arabidopsis_WT/m6A/m6Anet/Arabidopsis_WT_rep1.tsv	13200	2906349	sha256=8f66fc0d9db89fafddbadb290589fb487e185f4432ed677f09e86a99704138d5	$RNAMODBENCH_LOCAL/raw/result/m6Anet/Arabidopsis_WT_rep1	01b_liftover_missing	2026-09-18 07:36:25
data/callsets/RNA002/Arabidopsis/Arabidopsis_WT/m6A/m6Anet/Arabidopsis_WT_rep2.tsv	11328	2493959	sha256=a763fd1cffbbd6514c4c23169980e2dea671281d6288211e1ed0c157795da49d	$RNAMODBENCH_LOCAL/raw/result/m6Anet/Arabidopsis_WT_rep2	01b_liftover_missing	2026-09-18 07:36:26
data/callsets/RNA002/Arabidopsis/Arabidopsis_WT/m6A/m6Anet/Arabidopsis_WT_rep3.tsv	11073	2438077	sha256=c666d745b1aa36d971c7fd677147b0583b1792d2cbe7a6a7a66a3f9ddbb0d26b	$RNAMODBENCH_LOCAL/raw/result/m6Anet/Arabidopsis_WT_rep3	01b_liftover_missing	2026-09-18 07:36:28
data/callsets/RNA002/Arabidopsis/Arabidopsis_KD/m6A/m6Anet/Arabidopsis_fip37_rep1.tsv	2818	637203	sha256=67f4f4f1d523fc3824122647af591d22fccd61cd2727302d66aa39fe0292463e	$RNAMODBENCH_LOCAL/raw/result/m6Anet/Arabidopsis_fip37_rep1	01b_liftover_missing	2026-09-18 07:36:29
data/callsets/RNA002/Arabidopsis/Arabidopsis_KD/m6A/m6Anet/Arabidopsis_fip37_rep2.tsv	4738	1071250	sha256=1c6169249fffff395f9353917909f81304c697bab7df67f7e030b45c97e460f1	$RNAMODBENCH_LOCAL/raw/result/m6Anet/Arabidopsis_fip37_rep2	01b_liftover_missing	2026-09-18 07:36:29
data/callsets/RNA002/Arabidopsis/Arabidopsis_KD/m6A/m6Anet/Arabidopsis_fip37_rep3.tsv	1839	415888	sha256=7b95f4d7b00d7194c85fde0ab7e64f616caa668e7bf4575bec8d6895565fcd52	$RNAMODBENCH_LOCAL/raw/result/m6Anet/Arabidopsis_fip37_rep3	01b_liftover_missing	2026-09-18 07:36:30
data/callsets/RNA002/Arabidopsis/Arabidopsis_WT/m6A/MINES/Arabidopsis_WT_rep1.tsv	70690	15096130	sha256=aa9c122ed111668cfce2995bd9e08efd820b3575a3c4fd0ac5c46a1325347b32	$RNAMODBENCH_LOCAL/raw/result/MINES/Arabidopsis_WT_rep1	01b_liftover_missing	2026-09-18 07:36:32
data/callsets/RNA002/Arabidopsis/Arabidopsis_WT/m6A/MINES/Arabidopsis_WT_rep2.tsv	53146	11348911	sha256=732a39e15d59844827c07f587df9ed212bb4b5e1c9451210ec74e3908664333b	$RNAMODBENCH_LOCAL/raw/result/MINES/Arabidopsis_WT_rep2	01b_liftover_missing	2026-09-18 07:36:37
data/callsets/RNA002/Arabidopsis/Arabidopsis_WT/m6A/MINES/Arabidopsis_WT_rep3.tsv	66253	14147725	sha256=7425e7c0673441b69d32765f715926c89e4ffe35934db91fbcfbd07ae6b1ae54	$RNAMODBENCH_LOCAL/raw/result/MINES/Arabidopsis_WT_rep3	01b_liftover_missing	2026-09-18 07:36:43
data/callsets/RNA002/Arabidopsis/Arabidopsis_KD/m6A/MINES/Arabidopsis_fip37_rep1.tsv	30156	6619801	sha256=b0c309cedcecca7cd024bbfdb9dd4083ff41212953f68fec58e63f23cd2ba42b	$RNAMODBENCH_LOCAL/raw/result/MINES/Arabidopsis_fip37_rep1	01b_liftover_missing	2026-09-18 07:36:45
data/callsets/RNA002/Arabidopsis/Arabidopsis_KD/m6A/MINES/Arabidopsis_fip37_rep2.tsv	45001	9880493	sha256=429b232751143bdd86df1168dceae5bb10d6d2e97fc24242cec9bf32d674c506	$RNAMODBENCH_LOCAL/raw/result/MINES/Arabidopsis_fip37_rep2	01b_liftover_missing	2026-09-18 07:36:50
data/callsets/RNA002/Arabidopsis/Arabidopsis_KD/m6A/MINES/Arabidopsis_fip37_rep3.tsv	20419	4482186	sha256=95aed1f2c35e88fd854502f69882b9e4d22aec445e01d3a8780c07926d3111ae	$RNAMODBENCH_LOCAL/raw/result/MINES/Arabidopsis_fip37_rep3	01b_liftover_missing	2026-09-18 07:36:51
data/callsets/RNA002/Arabidopsis/Arabidopsis_WT/m6A/Nanocompore/Arabidopsis_WT_rep1.tsv	462	105276	sha256=299e149ea2c7223e01a5f5c1dec271c0abb32a9f1df4afbf2ddfde5c882e2ac8	$RNAMODBENCH_LOCAL/raw/result/Nanocompore/Arabidopsis_WT_rep1	01b_liftover_missing	2026-09-18 07:37:48
data/callsets/RNA002/Arabidopsis/Arabidopsis_WT/m6A/Nanocompore/Arabidopsis_WT_rep2.tsv	1070	243195	sha256=3fa919f88dbc2db8976527f9a220ece864cec92eb73d849583cd4b70ff82b4d3	$RNAMODBENCH_LOCAL/raw/result/Nanocompore/Arabidopsis_WT_rep2	01b_liftover_missing	2026-09-18 07:38:40
data/callsets/RNA002/Arabidopsis/Arabidopsis_WT/m6A/Nanocompore/Arabidopsis_WT_rep3.tsv	255	58194	sha256=885221d4422e9753275e1be2105412bbcbb70c943efe7dff6dd29d8b00b2318d	$RNAMODBENCH_LOCAL/raw/result/Nanocompore/Arabidopsis_WT_rep3	01b_liftover_missing	2026-09-18 07:39:23
data/callsets/RNA002/Arabidopsis/Arabidopsis_KD/m6A/Nanocompore/Arabidopsis_fip37_rep1.tsv	197	46071	sha256=e3e1b916b4060c16f5c0cfdb110dffb6162145b1704ab97f2333cef2ad02a8dd	$RNAMODBENCH_LOCAL/raw/result/Nanocompore/Arabidopsis_fip37_rep1	01b_liftover_missing	2026-09-18 07:40:10
data/callsets/RNA002/Arabidopsis/Arabidopsis_KD/m6A/Nanocompore/Arabidopsis_fip37_rep2.tsv	161	37756	sha256=dfc933043e548a40d828fd289bf63d96b034100c85f89b7ca9d7ffa4a22419ae	$RNAMODBENCH_LOCAL/raw/result/Nanocompore/Arabidopsis_fip37_rep2	01b_liftover_missing	2026-09-18 07:40:58
data/callsets/RNA002/Arabidopsis/Arabidopsis_KD/m6A/Nanocompore/Arabidopsis_fip37_rep3.tsv	693	161735	sha256=aed07a57f35cef6fd1e45ac2683288b45da511d34ec4108586c7f3eeb3cb2d2b	$RNAMODBENCH_LOCAL/raw/result/Nanocompore/Arabidopsis_fip37_rep3	01b_liftover_missing	2026-09-18 07:41:58
data/callsets/RNA002/Arabidopsis/Arabidopsis_WT/m6A/xPore/Arabidopsis_WT_rep1.tsv	27372	6028363	sha256=234968b09cab187b60b9e25403f60abf100896c7bc1afb8d79adb8350da1e64d	$RNAMODBENCH_LOCAL/raw/result/xPore/Arabidopsis_WT_rep1	01b_liftover_missing	2026-09-18 07:42:20
data/callsets/RNA002/Arabidopsis/Arabidopsis_WT/m6A/xPore/Arabidopsis_WT_rep2.tsv	38273	8421144	sha256=821c41076eed500272a547f8315b736f1a1639800033170c7743b462bbe941b0	$RNAMODBENCH_LOCAL/raw/result/xPore/Arabidopsis_WT_rep2	01b_liftover_missing	2026-09-18 07:42:56
data/callsets/RNA002/Arabidopsis/Arabidopsis_WT/m6A/xPore/Arabidopsis_WT_rep3.tsv	21168	4665159	sha256=f782755c1b6ba4ddb0a2ce6414fcd4bd8cf6c1f94aba0b931c171db748c39a73	$RNAMODBENCH_LOCAL/raw/result/xPore/Arabidopsis_WT_rep3	01b_liftover_missing	2026-09-18 07:43:10
data/callsets/RNA002/Arabidopsis/Arabidopsis_KD/m6A/xPore/Arabidopsis_fip37_rep1.tsv	21263	4804332	sha256=561c203149a0a52dc33bc245e5864ed6cd12249421fdda3a2d726dccd492d88c	$RNAMODBENCH_LOCAL/raw/result/xPore/Arabidopsis_fip37_rep1	01b_liftover_missing	2026-09-18 07:43:31
data/callsets/RNA002/Arabidopsis/Arabidopsis_KD/m6A/xPore/Arabidopsis_fip37_rep2.tsv	22369	5055899	sha256=11583d2f7679e112829850e79fc51f11d2ec4bf3a53bddf134405c6ba2330551	$RNAMODBENCH_LOCAL/raw/result/xPore/Arabidopsis_fip37_rep2	01b_liftover_missing	2026-09-18 07:43:51
data/callsets/RNA002/Arabidopsis/Arabidopsis_KD/m6A/xPore/Arabidopsis_fip37_rep3.tsv	23090	5216676	sha256=03059dab532ebeae6e7fb2a5af1f6f2b42b2450ffa56cd3220dd1f70aceb84b6	$RNAMODBENCH_LOCAL/raw/result/xPore/Arabidopsis_fip37_rep3	01b_liftover_missing	2026-09-18 07:44:09
metadata/legacy_coverage_audit.csv	470	163369	sha256=085b33a524bd4de1492ccfd662c1085743bd1e427b33b4458d9df607ec7bcc13		14_legacy_coverage_audit	2026-09-18 10:21:06
metadata/legacy_src_resolution.csv	327	84489	sha256=b35dd6df7694adfb82cd486a8ee54cd8eb014df61b035b4e9e4f8f6c59644af7		14_legacy_coverage_audit	2026-09-18 10:21:06
data/evaluation/tables/anchor_audit.tsv	406	83811	sha256=f4aac3d80544ad63a4a9fc963e2edb6e8c945efe8a9e1ff2040a52b08c9467f2		29_anchor_audit	2026-09-18 10:21:53
data/evaluation/tables/nanom6a_anchor_audit.tsv	25	5240	sha256=d9718c29870587bb5ea0506134f8f31e68339bbf44cc3c2a47ebbc5d712bf04a		29_anchor_audit	2026-09-18 10:21:53
data/evaluation/tables/pileup_call_filter_audit.tsv	96	9333	sha256=e35a5a3ec82889d5145e0795ecef5a1f8182dbab642049e72596177b0f72168b		30_pileup_call_filter_audit	2026-09-18 10:21:58
data/evaluation/tables/persite_reference_audit.tsv	30	4312	sha256=527632e74501709748e9ae6c967e3c917b39c45d1470c2452b188f4eb76c61a1		31_persite_reference_audit	2026-09-18 10:22:22
metadata/liftover_validation.csv	93	12334	sha256=3f1b9ec6ed0fa9f3820dee55003d1f8721bcaf58697b6632dc48e3fd1fb7e38b		02b_validate_liftover	2026-09-18 11:00:04
metadata/strand_imputation.csv	399	37134	sha256=f34aa28b762e3ab7d03a8aa77251e2af55d524a68f381882dac81ad242268bc2		32_impute_strand	2026-09-18 18:23:48
metadata/callsets_summary.csv	540	171071	sha256=fab04d48dcf9a64d6451abc0fe4aef9cfbe71504c4d6f31f4b10c895c217bec7		01_extract_callsets	2026-09-18 19:14:54
data/evaluation/tables/center_base_strict_audit.tsv	406	36997	sha256=dabbefa6f388c37478469a51e043c1a7b719ae8350f67d4cb9468782d98bcf0d		33_center_base_filter	2026-09-18 19:16:40
data/evaluation/tables/center_filter_removed.csv	0	1	sha256=01ba4719c80b6fe911b091a7c05124b64eeece964e09c058ef8f9805daca546b		33_center_base_filter	2026-09-18 19:16:40
metadata/center_base_filter.csv	406	36997	sha256=dabbefa6f388c37478469a51e043c1a7b719ae8350f67d4cb9468782d98bcf0d		33_center_base_filter	2026-09-18 19:16:40
figures/figure6/_validate/RNA002/E.coli/E_ss_rd_RNA1__universe.tsv.gz	2776051	9923940	sha256=1dc115cae321b536bd80815a0fbcba2f5bc14edef600f54bf166b46e2dd8a8cb		05b_export_generic_universe	2026-09-19 05:47:36
figures/figure6/_validate/RNA002/Arabidopsis/Arabidopsis_WT_rep1__universe.tsv.gz	18788365	61051947	sha256=3dea1da94c3d6aa60c86aa84a09f472520efe597da23aab90ae7f4426947cd6f		05b_export_generic_universe	2026-09-19 05:52:48
data/universe/RNA002/Human/HeLa_WT1__universe.tsv.gz	13463884	37462753	sha256=13236601ddca070637ab15d83701dc497bd7dcd90186e84c239ef524f037b8d5		05b_export_generic_universe	2026-09-19 06:27:40
data/universe/RNA002/Human/HeLa_WT2__universe.tsv.gz	19876709	55593657	sha256=b94acd3cde60476bc46afffe0c411e4899b60daf2a7edad427edb21c1585075a		05b_export_generic_universe	2026-09-19 06:31:36
data/universe/RNA002/Human/HeLa_WT3__universe.tsv.gz	10546402	29438888	sha256=776993511e2c399f62eda2ec91d138eaeebf64fd1408bce01d3ef60cd922b798		05b_export_generic_universe	2026-09-19 06:34:00
data/universe/RNA002/Human/HeLa_IVT_rep1__universe.tsv.gz	13633986	38898869	sha256=673d5b12b7473c9642a909f7b3762884700965f5d85a5fd7752f981f4253ca97		05b_export_generic_universe	2026-09-19 06:37:05
data/universe/RNA002/Human/HeLa_IVT_rep2__universe.tsv.gz	18169213	51697359	sha256=1bab42dae80d71808d512e3dfeb3b5531673a584916f574ebef6421dc09d4d3d		05b_export_generic_universe	2026-09-19 06:40:50
data/universe/RNA002/Human/HeLa_IVT_rep3__universe.tsv.gz	10467120	29611178	sha256=f499024b7fd98492b8ed18491de180553c7737355be25af1253618c38b991933		05b_export_generic_universe	2026-09-19 06:43:25
data/universe/RNA004/Human/HeLa_RNA004_WT__universe.tsv.gz	32813998	102759946	sha256=c07c4697b862abefa488614a05a352069ae152b6d46f06c271ff4f3f22eb2ea4		05b_export_generic_universe	2026-09-19 06:50:27
data/universe/RNA004/Human/HeLa_RNA004_IVT__universe.tsv.gz	38160225	126172422	sha256=ae1c8b4e857c74ab379da974772fba8f0c36a6a476b2b31dad7d2a666ed07d1a		05b_export_generic_universe	2026-09-19 07:00:28
data/universe/universe_summary.csv	48	8246	sha256=42d6c0b7f17d3169396a7dc327e2c56bd97660912d1ccb78e04b1f4b70bac88f		04_build_universe	2026-09-19 07:41:11
data/evaluation/tables/nonm6a_fig7_summary.tsv	6	1912	sha256=7f43573ea97331b13585457e6f88a7278283a9abf1daf34c7eb45d8323a8529e		12_nonm6a_fig7	2026-09-19 08:17:57
data/evaluation/tables/nonm6a_curlcake_detail.tsv	15	933	sha256=eeb67648fa95306c66ad21edb8af8139300542a9d89a4d2f44fb19a13eb46028		12_nonm6a_fig7	2026-09-19 08:17:57
data/evaluation/tables/offset_audit.tsv	398	39839	sha256=ae23e347170ccf6d33f3c383441d9f38b5569d5082074c90b473dbae046c042a		05_offset_audit	2026-09-19 09:16:45
data/evaluation/tables/offset_histogram.tsv	2007	79118	sha256=5741181b3c42f46beede8d71b94a8edd0e1f62f49d73bff600526e88eb285027		05_offset_audit	2026-09-19 09:16:45
metadata/nonm6a_scope.csv	406	89820	sha256=77c9bba1dab71b7e074ab124410a99c1878ac2f69da0c47f29fa5ecb795a6c83		11_scope_split	2026-09-19 09:17:27
metadata/nonm6a_deleted.csv	17	6877	sha256=6e593808126890fa61d7db5cf0a371a8249e24910d1ab80bbde1c61218801f3b		11_scope_split	2026-09-19 09:17:27
metadata/out_of_scope_tools_deleted.csv	100	48508	sha256=0e72989a9464487d00e33c38079ea8afdf0b7b6563565a93c746afbbf5e1ebe8		11_scope_split	2026-09-19 09:17:27
metadata/callsets_summary.csv	540	169724	sha256=a3e3c14ff242a62b4298b25ee573ef3e90df4d23e15651c6ee2dea0c32f5499d		11_scope_split	2026-09-19 09:17:27
data/callsets/RNA002/Mouse/Mouse_WT/m6A/Nanocompore/mESCs_Mettl3_WT.tsv	920	194809	sha256=c7bf14f935f85c07ad6e70bf8474729a658d05485c68d955b6eb0d87b62ceedd	$RNAMODBENCH_LOCAL/raw/result/Nanocompore/mESCs_Mettl3_WT	01b_liftover_missing	2026-09-20 01:19:42
data/callsets/RNA002/E.coli/E.coli_WT/m6A/Nanocompore/E_ss_rd_RNA1.tsv	386	83840	sha256=4398074e5917655c3e033a245943cb35e525111525834f07e3cc4301cf0c2099	$RNAMODBENCH_LOCAL/raw/result/Nanocompore/E_ss_rd_RNA1	01b_liftover_missing	2026-09-20 01:51:36
metadata/liftover_fill.csv	1	241	sha256=d6ad3f8ccbec73e4002e8704c50098864700fc2e2f2404c7350c7cfb5e52dfd4		01b_liftover_missing	2026-09-20 01:51:36
metadata/completeness_audit.csv	625	92624	sha256=a0fc3af89476475320a55194ed8f702c244b629c0aef45d4b46e74c9aeb79e4d		13_completeness_audit	2026-09-20 02:04:57
metadata/annotation_summary.csv	13	1157	sha256=694109b6133016784f0cf104d0a6eb0c60fff1fab26212baa98f7b21ec46ece4		03_annotate_callsets	2026-09-20 02:06:32
data/evaluation/tables/m6a_glori_confusion.tsv	1582	284757	sha256=37e0cf9672d0ff79a8b5e417914e23270c611fbf93ca8b3d3fadef23eba1a226		06_eval_m6a_glori	2026-09-20 02:26:01
data/evaluation/tables/m6a_localization_curve.tsv	1582	131014	sha256=9f4ef0f7b7e81ddc9aa31465dc6ad8809ecae2782e5eed5197e1acd94436f6d0		06_eval_m6a_glori	2026-09-20 02:26:06
data/evaluation/tables/reproducibility.tsv	562	97561	sha256=2d43f6ea6e08c38d29407f10cf3da6b6acdb3a19593dfd7365539688bff23785		06_eval_m6a_glori	2026-09-20 02:26:16
data/evaluation/tables/legacy_reconciliation.tsv	249	19839	sha256=9c3cbbf9b8857035797210c3e5396171eaba1967c8a5f39777cdb9990ece890e		10_qc_reconcile	2026-09-20 02:34:06
data/evaluation/tables/legacy_published_check.tsv	21	558	sha256=f07d47c4e6887baef66743088f1efb19d2bdbc5d58660e1960fa3da1ee593d14		10_qc_reconcile	2026-09-20 02:34:29
data/evaluation/tables/controls_ivt_fpr.tsv	151	22321	sha256=99c1751cb5079221c1067de03580dba8d23abccf080468752bea7f5908055eca		07_eval_controls	2026-09-20 03:12:24
data/evaluation/tables/ko_kd_metrics.tsv	59	9507	sha256=f47770927c720dd0c3d09d7707d402676e55c838408af2bfcf1cf9bfd67b7909		07_eval_controls	2026-09-20 03:32:07
data/evaluation/tables/purified_sites.tsv	59	13710	sha256=24244a0f61170eeef52908a7b1b222fba2d8035c6c05ac539cc76310a01c8bc8		07_eval_controls	2026-09-20 03:32:07
data/evaluation/tables/curlcake_truth.tsv	168	14540	sha256=92b0fe58a13f07ef0dfcaa0d55540d55f26c6542b748a93668bc1b0a4aa7984f		08_eval_nonm6a	2026-09-20 03:32:05
data/evaluation/tables/hela_nonm6a.tsv	72	10203	sha256=f3d0e4172b4fac218cf14f974541df5e38c6635d96925fa65053fcb35582e8cd		08_eval_nonm6a	2026-09-20 03:42:02
data/evaluation/tables/rna004_dorado_scan.tsv	188	26382	sha256=d44fb44d5c094d388d733467116c403505523e56af1d82afbf979af30f49ff38		09_eval_rna004	2026-09-20 03:57:42
data/evaluation/tables/rna004_tool_eval.tsv	16	2351	sha256=a35d651659c4853a3530b7da27599540df8b4c7fbc3a5b169ad36dbc73470749		09_eval_rna004	2026-09-20 03:57:42
data/evaluation/tables/rna004_drach_specificity.tsv	63	4307	sha256=8f3f0112bafca407da1e610fd3b374c455548d85f7ea157826d457db52159cd3		09_eval_rna004	2026-09-20 03:57:42
figures/figureS4/tables/figS4_purified_sites.tsv	104	28914	sha256=b397fc3d985b2b68fbe19bfd89e371d7ebc3bf7d8d2944e1b39f141b27fa36c8		41_figS4_tables	2026-09-20 04:02:45
figures/figureS4/tables/figS4_precision_on_purified.tsv	104	8036	sha256=60716d968d40da1dfec8277f971f2e68196836f1064d1347ff68883974e8d60b		41_figS4_tables	2026-09-20 04:02:45
figures/figureS4/tables/figS4_validation_groups.tsv	312	31725	sha256=d1362dd6b9ce8da048be4bf88c42d365012e06944932c6eb92eb0515756d0407		41_figS4_tables	2026-09-20 04:02:45
figures/figureS4/tables/figS4_universe_drach.tsv	16	821	sha256=0c6951ca30269b9f95599deb52d2feef870c6315347f2c6a9b10aaed0a4e6a93		41_figS4_tables	2026-09-20 04:02:45
figures/figureS4/tables/figS4_auprc_per_unit.tsv	104	20778	sha256=11b551954b63568b89b7b6bbd120da93b9608133e59b303baab88068a4a82d9b		41_figS4_tables	2026-09-20 04:02:45
figures/figureS4/tables/figS4_auprc_summary.tsv	364	14845	sha256=1b275815e1177e844fb47c1a873e9a5492aef6803001efd292254e8374d689a5		41_figS4_tables	2026-09-20 04:02:45
figures/figureS4/tables/figS4_reconciliation.tsv	163	12710	sha256=a2d3bb4295d5d5a64493144e98b4d0a59aeb8de90491fef1f0f3e83370749a0e		41_figS4_tables	2026-09-20 04:02:45
figures/figureS7/tables/s6_score_density.tsv		51994	sha256=147d90c517d29fe42f6e307b9aa45313ee7fe56475a04175073f714743a5e6e5		50_figS6_tables	2026-09-20 19:33:33
figures/figureS8/tables/s7_units.tsv	48	4867	sha256=7ed5c965bfa0801a9826bbcd03beb6ef1c7cfb7a6d6f8294cc4bde183c88ba43		61_figS7_tables	2026-09-20 22:36:50
figures/figureS8/tables/s7_density_profiles.tsv	28800	2625517	sha256=a8d039317f0ba852d8d191d1d48b1c1b117e58c873fdc81e9209a08f4a374bd7		61_figS7_tables	2026-09-20 22:36:50
figures/figureS8/tables/s7_segment_shares.tsv	48	3248	sha256=432f343fa1471c6475a0d3946097871f82dc5a4be002b2a4d93222aa9ca4df91		61_figS7_tables	2026-09-20 22:36:50
figures/figureS8/tables/s7_profile_distance.tsv	60	7191	sha256=cd2b41be73ca27d74fe462ce501c559213b693015be7fce4035488426452fea7		61_figS7_tables	2026-09-20 22:36:51
figures/figureS8/tables/s7_background_profiles.tsv	7200	548010	sha256=1cf52eeb0f90a8b412c1cfe3ec9a6ba2425827c98cf94cf8f58200a6539edde6		61_figS7_tables	2026-09-20 22:36:51
figures/figureS8/tables/s7_null_distribution.tsv	24000	1270031	sha256=1be9597fc313bcf4de5e3df856c9fca7dd8e42047e3f260ad158f69702a1d8b8		61_figS7_tables	2026-09-20 22:36:51
figures/figureS8/tables/s7_null_summary.tsv	24	4962	sha256=86a16cadde513fd9a2d259caa12241d2b95504629f015cbd5c7707b854a3f968		61_figS7_tables	2026-09-20 22:36:51
figures/figureS8/tables/s7_geometry.tsv	6	303	sha256=3c58fdec2b8e9618a9ba6d1e940befa2a0977c8e923001f62c01908522172361		61_figS7_tables	2026-09-20 22:36:51
figures/figureS8/tables/s7_anchor_check.tsv		6267	sha256=d9823b359f7aff0215a86bfd3bdfd7d232fc0439b9173a8bff1a97c614c3cc69		61_figS7_tables	2026-09-20 22:36:51
figures/figureS7/tables/s6_counts_per_replicate.tsv	36	3064	sha256=76d91d745f06075bd2cc0937ccf367d061fba5fd7268148cf3db6d09e8803595		50_figS6_tables	2026-09-21 04:46:02
figures/figureS7/tables/s6_counts_summary.tsv		1245	sha256=bcc47b858eb1181b9cac88e1d2fa2e8f546d203f531cc81646a292e57ec7ac55		50_figS6_tables	2026-09-21 04:46:02
figures/figureS7/tables/s6_ratio_ci.tsv		1238	sha256=9d1ecbbab2f5be7126e9f32e94578cd956ee3191985c749430de84f0d727d13b		50_figS6_tables	2026-09-21 04:46:02
figures/figureS7/tables/s6_jaccard_within_cross.tsv		1920	sha256=86c19a0047b4a65bf9f75353eb7868fea0263c9a0709a22d390eda803c54e927		50_figS6_tables	2026-09-21 04:46:12
figures/figureS7/tables/s6_jaccard_pairs.tsv	90	11058	sha256=755cec20d2c2c70e807ba4e7e67ac3aa19d22519c6511a33739349dba25118f8		50_figS6_tables	2026-09-21 04:46:21
figures/figureS7/tables/s6_replicate_support.tsv	36	2576	sha256=4b916a5165c7532017954e4aac17a7621335ab9b8689bb5784f1738f44de1701		50_figS6_tables	2026-09-21 04:46:21
figures/figureS7/tables/s6_score_density_per_unit.tsv	1800	219172	sha256=4f4be07fb9ee75a1f2fc813e97205f81ab77b8becf0c105994563f311fa481c9		50_figS6_tables	2026-09-21 04:46:22
figures/figureS7/tables/s6_score_separation.tsv	6	1237	sha256=e4e92e7b0a8a4f5cce843d9e3e9c701113d91054b8846f1131b5500f27eb7585		50_figS6_tables	2026-09-21 04:46:22
figures/figureS7/tables/s6_score_location_per_unit.tsv	36	5832	sha256=152249399d2ecee13c570aaea7adf31434c0948a1ebce134b0fc3abd6f7c7acd		50_figS6_tables	2026-09-21 04:46:22
figures/figureS7/tables/s6_curlcake_per_construct.tsv		2464	sha256=2237618a182623a4f1a8626e071e5d394144663814626c4ebdc6b8011c10f997		50_figS6_tables	2026-09-21 04:46:22
figures/figureS7/tables/TableS5_reconciliation.tsv		1040	sha256=c66db41ad919e6de678c897e20dfa517c5cd734752d3fce4883a101abcedc42b		50_figS6_tables	2026-09-21 04:46:22
figures/figureS7/tables/s6_anchor_check.tsv		30222	sha256=08868276e08f9545d22c1eb833db0fd006ed62efdfc8d3fac8249d842fad904c		50_figS6_tables	2026-09-21 04:46:22
