chrom	start	end	strand	score	score_type	coverage	ref_base	five_mer_raw	center_status	drach
Curlcake1	42	43	+	4.06211e-21	adjPval	0	A	GGAAG	ok	False
Curlcake1	51	52	+	2.37586e-08	adjPval	3	A	TGAAT	ok	False
Curlcake1	52	53	+	1.57972e-38	adjPval	4	A	GAATC	ok	False
Curlcake1	56	57	+	1.12758e-08	adjPval	6	A	CAAAA	ok	False
Curlcake1	66	67	+	2.03837e-27	adjPval	13	A	GGACC	ok	True
Curlcake1	78	79	+	9.4091e-310	adjPval	51	A	ACAAC	ok	False
Curlcake1	79	80	+	0	adjPval	51	A	CAACG	ok	False
Curlcake1	82	83	+	3.9572e-66	adjPval	59	A	CGAAC	ok	False
Curlcake1	83	84	+	2.92681e-99	adjPval	60	A	GAACG	ok	False
Curlcake1	89	90	+	5.35543e-27	adjPval	67	A	GTAAT	ok	False
Curlcake1	102	103	+	0	adjPval	97	A	GGACT	ok	True
Curlcake1	105	106	+	8.60793e-103	adjPval	97	A	CTACA	ok	False
Curlcake1	107	108	+	1.81692e-303	adjPval	97	A	ACAAA	ok	False
Curlcake1	108	109	+	0	adjPval	97	A	CAAAG	ok	False
Curlcake1	123	124	+	4.19136e-292	adjPval	115	A	GGACC	ok	True
Curlcake1	134	135	+	0	adjPval	116	A	CGACC	ok	False
Curlcake1	141	142	+	1.15867e-314	adjPval	116	A	CCAAG	ok	False
Curlcake1	162	163	+	0	adjPval	132	A	TCAAA	ok	False
Curlcake1	163	164	+	0	adjPval	132	A	CAAAT	ok	False
Curlcake1	164	165	+	0	adjPval	132	A	AAATC	ok	False
Curlcake1	173	174	+	0	adjPval	141	A	GTAGA	ok	False
Curlcake1	178	179	+	8.10453e-194	adjPval	141	A	CTATC	ok	False
Curlcake1	182	183	+	1.62848e-192	adjPval	144	A	CTATT	ok	False
Curlcake1	185	186	+	0	adjPval	149	A	TTAAC	ok	False
Curlcake1	186	187	+	0	adjPval	154	A	TAACT	ok	True
Curlcake1	189	190	+	1.1907e-200	adjPval	165	A	CTAAT	ok	False
Curlcake1	197	198	+	9.76013e-73	adjPval	209	A	GGATC	ok	False
Curlcake1	232	233	+	1.43595e-301	adjPval	245	A	CCAAT	ok	False
Curlcake1	233	234	+	1.21909e-237	adjPval	245	A	CAATA	ok	False
Curlcake1	235	236	+	0	adjPval	245	A	ATAAT	ok	False
Curlcake1	236	237	+	1.15151e-298	adjPval	245	A	TAATG	ok	False
Curlcake1	251	252	+	0	adjPval	249	A	CGAAA	ok	False
Curlcake1	252	253	+	0	adjPval	249	A	GAAAG	ok	False
Curlcake1	253	254	+	5.78152e-241	adjPval	249	A	AAAGC	ok	False
Curlcake1	257	258	+	0	adjPval	249	A	CCAAA	ok	False
Curlcake1	258	259	+	0	adjPval	249	A	CAAAC	ok	False
Curlcake1	259	260	+	0	adjPval	249	A	AAACA	ok	True
Curlcake1	261	262	+	0	adjPval	249	A	ACAAC	ok	False
Curlcake1	267	268	+	0	adjPval	250	A	CTAAC	ok	False
Curlcake1	268	269	+	0	adjPval	250	A	TAACA	ok	True
Curlcake1	270	271	+	3.72657e-232	adjPval	251	A	ACACC	ok	False
Curlcake1	287	288	+	8.02028e-189	adjPval	261	A	TGATA	ok	False
Curlcake1	293	294	+	0	adjPval	261	A	GTAAC	ok	False
Curlcake1	294	295	+	0	adjPval	261	A	TAACA	ok	True
Curlcake1	296	297	+	5.15791e-212	adjPval	261	A	ACATC	ok	False
Curlcake1	299	300	+	0	adjPval	261	A	TCAAT	ok	False
Curlcake1	300	301	+	0	adjPval	261	A	CAATC	ok	False
Curlcake1	303	304	+	0	adjPval	261	A	TCACC	ok	False
Curlcake1	310	311	+	1.37414e-281	adjPval	261	A	GCAAC	ok	False
Curlcake1	311	312	+	0	adjPval	262	A	CAACT	ok	False
Curlcake1	314	315	+	0	adjPval	264	A	CTAGC	ok	False
Curlcake1	333	334	+	9.86119e-187	adjPval	297	A	TCAAC	ok	False
Curlcake1	334	335	+	7.88096e-157	adjPval	297	A	CAACG	ok	False
Curlcake1	353	354	+	0	adjPval	307	A	CGAAC	ok	False
Curlcake1	354	355	+	0	adjPval	308	A	GAACA	ok	True
Curlcake1	356	357	+	0	adjPval	308	A	ACAAC	ok	False
Curlcake1	357	358	+	0	adjPval	308	A	CAACC	ok	False
Curlcake1	378	379	+	1.08669e-253	adjPval	319	A	CCATA	ok	False
Curlcake1	386	387	+	1.53643e-315	adjPval	320	A	TCAAC	ok	False
Curlcake1	387	388	+	1.04242e-96	adjPval	322	A	CAACA	ok	False
Curlcake1	389	390	+	0	adjPval	324	A	ACATA	ok	False
Curlcake1	391	392	+	0	adjPval	325	A	ATACT	ok	False
Curlcake1	397	398	+	0	adjPval	328	A	CCAGA	ok	False
Curlcake1	399	400	+	0	adjPval	330	A	AGAGA	ok	False
Curlcake1	414	415	+	0	adjPval	335	A	CTAAC	ok	False
Curlcake1	415	416	+	0	adjPval	335	A	TAACA	ok	True
Curlcake1	417	418	+	0	adjPval	337	A	ACAAG	ok	False
Curlcake1	434	435	+	3.7753e-131	adjPval	340	A	GCAAC	ok	False
Curlcake1	435	436	+	2.97188e-235	adjPval	340	A	CAACG	ok	False
Curlcake1	439	440	+	0	adjPval	340	A	GGAAA	ok	False
Curlcake1	440	441	+	0	adjPval	340	A	GAAAA	ok	False
Curlcake1	441	442	+	0	adjPval	340	A	AAAAG	ok	False
Curlcake1	442	443	+	0	adjPval	342	A	AAAGA	ok	False
Curlcake1	453	454	+	0	adjPval	351	A	GTAAT	ok	False
Curlcake1	462	463	+	0	adjPval	355	A	CGAGG	ok	False
Curlcake1	465	466	+	1.76696e-293	adjPval	356	A	GGAGC	ok	False
Curlcake1	468	469	+	1.19248e-312	adjPval	358	A	GCACC	ok	False
Curlcake1	499	500	+	8.03541e-264	adjPval	369	A	TTAAT	ok	False
Curlcake1	511	512	+	0	adjPval	370	A	GTAAC	ok	False
Curlcake1	512	513	+	0	adjPval	369	A	TAACA	ok	True
Curlcake1	514	515	+	6.01005e-123	adjPval	369	A	ACACA	ok	False
Curlcake1	516	517	+	0	adjPval	369	A	ACACC	ok	False
Curlcake1	527	528	+	0	adjPval	371	A	TCATA	ok	False
Curlcake1	529	530	+	0	adjPval	371	A	ATAAA	ok	False
Curlcake1	530	531	+	0	adjPval	371	A	TAAAA	ok	False
Curlcake1	531	532	+	0	adjPval	371	A	AAAAC	ok	False
Curlcake1	532	533	+	0	adjPval	371	A	AAACG	ok	False
Curlcake1	560	561	+	3.33712e-305	adjPval	379	A	GCATA	ok	False
Curlcake1	585	586	+	3.92306e-232	adjPval	373	A	CTACA	ok	False
Curlcake1	593	594	+	0	adjPval	371	A	TTAAA	ok	False
Curlcake1	594	595	+	0	adjPval	372	A	TAAAT	ok	False
Curlcake1	595	596	+	0	adjPval	372	A	AAATG	ok	False
Curlcake1	610	611	+	0	adjPval	374	A	TTAGG	ok	False
Curlcake1	613	614	+	0	adjPval	375	A	GGAAG	ok	False
Curlcake1	614	615	+	0	adjPval	376	A	GAAGC	ok	False
Curlcake1	622	623	+	0	adjPval	379	A	AAATA	ok	False
Curlcake1	624	625	+	0	adjPval	380	A	ATAAG	ok	False
Curlcake1	625	626	+	0	adjPval	380	A	TAAGA	ok	False
Curlcake1	647	648	+	0	adjPval	393	A	GTACA	ok	False
Curlcake1	649	650	+	0	adjPval	392	A	ACAAA	ok	False
Curlcake1	650	651	+	0	adjPval	392	A	CAAAG	ok	False
Curlcake1	659	660	+	0	adjPval	393	A	TGAGA	ok	False
Curlcake1	682	683	+	0	adjPval	389	A	ATAAA	ok	False
Curlcake1	683	684	+	0	adjPval	389	A	TAAAG	ok	False
Curlcake1	684	685	+	0	adjPval	389	A	AAAGG	ok	False
Curlcake1	687	688	+	0	adjPval	389	A	GGACT	ok	True
Curlcake1	693	694	+	0	adjPval	389	A	GCAAA	ok	False
Curlcake1	694	695	+	0	adjPval	390	A	CAAAG	ok	False
Curlcake1	711	712	+	0	adjPval	387	A	TCAAT	ok	False
Curlcake1	712	713	+	0	adjPval	385	A	CAATG	ok	False
Curlcake1	715	716	+	0	adjPval	383	A	TGAGG	ok	False
Curlcake1	718	719	+	0	adjPval	383	A	GGAAG	ok	False
Curlcake1	719	720	+	0	adjPval	383	A	GAAGC	ok	False
Curlcake1	723	724	+	1.6351e-263	adjPval	383	A	CCAAG	ok	False
Curlcake1	736	737	+	0	adjPval	382	A	TCAAG	ok	False
Curlcake1	750	751	+	3.46129e-133	adjPval	383	A	ACATG	ok	False
Curlcake1	773	774	+	0	adjPval	370	A	TGAAA	ok	False
Curlcake1	774	775	+	0	adjPval	370	A	GAAAT	ok	False
Curlcake1	775	776	+	0	adjPval	369	A	AAATA	ok	False
Curlcake1	777	778	+	0	adjPval	368	A	ATAAG	ok	False
Curlcake1	778	779	+	4.05905e-156	adjPval	368	A	TAAGC	ok	False
Curlcake1	790	791	+	0	adjPval	367	A	GTAAA	ok	False
Curlcake1	791	792	+	0	adjPval	367	A	TAAAC	ok	False
Curlcake1	792	793	+	0	adjPval	367	A	AAACC	ok	True
Curlcake1	795	796	+	0	adjPval	367	A	CCAAA	ok	False
Curlcake1	796	797	+	0	adjPval	367	A	CAAAT	ok	False
Curlcake1	797	798	+	0	adjPval	367	A	AAATG	ok	False
Curlcake1	808	809	+	1.64205e-176	adjPval	370	A	ACACT	ok	False
Curlcake1	839	840	+	0	adjPval	378	A	GGATA	ok	False
Curlcake1	852	853	+	0	adjPval	372	A	TCAGA	ok	False
Curlcake1	854	855	+	0	adjPval	371	A	AGACA	ok	True
Curlcake1	856	857	+	0	adjPval	371	A	ACAAC	ok	False
Curlcake1	857	858	+	0	adjPval	371	A	CAACC	ok	False
Curlcake1	874	875	+	1.11013e-251	adjPval	374	A	ATACA	ok	False
Curlcake1	876	877	+	0	adjPval	374	A	ACATG	ok	False
Curlcake1	901	902	+	0	adjPval	371	A	CTAAG	ok	False
Curlcake1	918	919	+	7.53265e-313	adjPval	365	A	CCACT	ok	False
Curlcake1	922	923	+	0	adjPval	359	A	TTACC	ok	False
Curlcake1	927	928	+	0	adjPval	357	A	TCAAT	ok	False
Curlcake1	928	929	+	0	adjPval	356	A	CAATT	ok	False
Curlcake1	945	946	+	0	adjPval	349	A	GTACT	ok	False
Curlcake1	949	950	+	0	adjPval	347	A	TTAGA	ok	False
Curlcake1	957	958	+	1.93878e-114	adjPval	347	A	CCATC	ok	False
Curlcake1	967	968	+	0	adjPval	344	A	TGAGA	ok	False
Curlcake1	969	970	+	0	adjPval	344	A	AGAAA	ok	False
Curlcake1	970	971	+	0	adjPval	344	A	GAAAT	ok	False
Curlcake1	971	972	+	0	adjPval	342	A	AAATC	ok	False
Curlcake1	974	975	+	0	adjPval	342	A	TCATC	ok	False
Curlcake1	1004	1005	+	2.57516e-186	adjPval	345	A	CCACT	ok	False
Curlcake1	1011	1012	+	0	adjPval	345	A	CTAAT	ok	False
Curlcake1	1017	1018	+	0	adjPval	344	A	ATACA	ok	False
Curlcake1	1019	1020	+	0	adjPval	344	A	ACAAC	ok	False
Curlcake1	1020	1021	+	6.17583e-278	adjPval	344	A	CAACT	ok	False
Curlcake1	1023	1024	+	0	adjPval	342	A	CTATT	ok	False
Curlcake1	1028	1029	+	0	adjPval	341	A	CGATC	ok	False
Curlcake1	1031	1032	+	0	adjPval	341	A	TCAAG	ok	False
Curlcake1	1039	1040	+	0	adjPval	342	A	GCAAG	ok	False
Curlcake1	1045	1046	+	0	adjPval	341	A	GGATA	ok	False
Curlcake1	1047	1048	+	0	adjPval	341	A	ATACT	ok	False
Curlcake1	1051	1052	+	0	adjPval	340	A	TGAAA	ok	False
Curlcake1	1052	1053	+	0	adjPval	340	A	GAAAA	ok	False
Curlcake1	1053	1054	+	0	adjPval	340	A	AAAAT	ok	False
Curlcake1	1054	1055	+	0	adjPval	340	A	AAATC	ok	False
Curlcake1	1057	1058	+	0	adjPval	340	A	TCACT	ok	False
Curlcake1	1064	1065	+	0	adjPval	340	A	GTAGA	ok	False
Curlcake1	1074	1075	+	0	adjPval	341	A	GGAAA	ok	False
Curlcake1	1088	1089	+	0	adjPval	343	A	TTAAG	ok	False
Curlcake1	1089	1090	+	0	adjPval	346	A	TAAGT	ok	False
Curlcake1	1100	1101	+	0	adjPval	348	A	CTAAG	ok	False
Curlcake1	1101	1102	+	0	adjPval	348	A	TAAGA	ok	False
Curlcake1	1110	1111	+	0	adjPval	360	A	TGAAC	ok	False
Curlcake1	1111	1112	+	0	adjPval	361	A	GAACA	ok	True
Curlcake1	1113	1114	+	0	adjPval	361	A	ACATT	ok	False
Curlcake1	1123	1124	+	0	adjPval	365	A	CGATT	ok	False
Curlcake1	1137	1138	+	0	adjPval	373	A	GCAAT	ok	False
Curlcake1	1143	1144	+	0	adjPval	373	A	TCAAA	ok	False
Curlcake1	1144	1145	+	0	adjPval	373	A	CAAAC	ok	False
Curlcake1	1145	1146	+	0	adjPval	373	A	AAACC	ok	True
Curlcake1	1151	1152	+	0	adjPval	373	A	CGATC	ok	False
Curlcake1	1161	1162	+	0	adjPval	382	A	TTAGA	ok	False
Curlcake1	1170	1171	+	0	adjPval	389	A	CTAGG	ok	False
Curlcake1	1213	1214	+	0	adjPval	386	A	GGACA	ok	True
Curlcake1	1215	1216	+	0	adjPval	386	A	ACATA	ok	False
Curlcake1	1217	1218	+	0	adjPval	387	A	ATAAC	ok	False
Curlcake1	1218	1219	+	2.9677e-177	adjPval	387	A	TAACT	ok	True
Curlcake1	1225	1226	+	0	adjPval	387	A	GCAGA	ok	False
Curlcake1	1227	1228	+	0	adjPval	388	A	AGACA	ok	True
Curlcake1	1229	1230	+	0	adjPval	388	A	ACACT	ok	False
Curlcake1	1232	1233	+	0	adjPval	388	A	CTAGT	ok	False
Curlcake1	1238	1239	+	0	adjPval	388	A	CGATC	ok	False
Curlcake1	1247	1248	+	0	adjPval	386	A	GGACA	ok	True
Curlcake1	1249	1250	+	0	adjPval	386	A	ACAAA	ok	False
Curlcake1	1250	1251	+	0	adjPval	386	A	CAAAA	ok	False
Curlcake1	1251	1252	+	0	adjPval	386	A	AAAAA	ok	False
Curlcake1	1252	1253	+	0	adjPval	386	A	AAAAT	ok	False
Curlcake1	1253	1254	+	0	adjPval	386	A	AAATC	ok	False
Curlcake1	1263	1264	+	0	adjPval	388	A	CGAAC	ok	False
Curlcake1	1264	1265	+	0	adjPval	388	A	GAACC	ok	True
Curlcake1	1278	1279	+	0	adjPval	387	A	TTAAG	ok	False
Curlcake1	1283	1284	+	0	adjPval	387	A	CGAAA	ok	False
Curlcake1	1284	1285	+	0	adjPval	389	A	GAAAT	ok	False
Curlcake1	1285	1286	+	0	adjPval	389	A	AAATA	ok	False
Curlcake1	1287	1288	+	0	adjPval	390	A	ATAGA	ok	False
Curlcake1	1292	1293	+	0	adjPval	398	A	CGAGA	ok	False
Curlcake1	1294	1295	+	0	adjPval	400	A	AGAAG	ok	False
Curlcake1	1309	1310	+	0	adjPval	411	A	TTAAA	ok	False
Curlcake1	1310	1311	+	0	adjPval	418	A	TAAAG	ok	False
Curlcake1	1311	1312	+	0	adjPval	418	A	AAAGC	ok	False
Curlcake1	1337	1338	+	0	adjPval	436	A	GTAAC	ok	False
Curlcake1	1352	1353	+	0	adjPval	426	A	CCATA	ok	False
Curlcake1	1354	1355	+	0	adjPval	425	A	ATATC	ok	False
Curlcake1	1358	1359	+	0	adjPval	426	A	CTATA	ok	False
Curlcake1	1360	1361	+	0	adjPval	427	A	ATACA	ok	False
Curlcake1	1362	1363	+	0	adjPval	427	A	ACACC	ok	False
Curlcake1	1365	1366	+	6.54504e-162	adjPval	429	A	CCAAC	ok	False
Curlcake1	1366	1367	+	3.86553e-219	adjPval	429	A	CAACC	ok	False
Curlcake1	1372	1373	+	0	adjPval	432	A	CGAAC	ok	False
Curlcake1	1373	1374	+	0	adjPval	435	A	GAACC	ok	True
Curlcake1	1376	1377	+	1.24208e-179	adjPval	439	A	CCAGG	ok	False
Curlcake1	1379	1380	+	0	adjPval	439	A	GGAAG	ok	False
Curlcake1	1386	1387	+	0	adjPval	441	A	GGACT	ok	True
Curlcake1	1391	1392	+	0	adjPval	441	A	GGAGA	ok	False
Curlcake1	1409	1410	+	0	adjPval	434	A	TCAAA	ok	False
Curlcake1	1410	1411	+	0	adjPval	433	A	CAAAA	ok	False
Curlcake1	1411	1412	+	0	adjPval	433	A	AAAAT	ok	False
Curlcake1	1412	1413	+	0	adjPval	432	A	AAATT	ok	False
Curlcake1	1419	1420	+	0	adjPval	433	A	GCATT	ok	False
Curlcake1	1422	1423	+	0	adjPval	434	A	TTACT	ok	False
Curlcake1	1430	1431	+	0	adjPval	438	A	GGAAA	ok	False
Curlcake1	1431	1432	+	0	adjPval	439	A	GAAAG	ok	False
Curlcake1	1432	1433	+	0	adjPval	441	A	AAAGG	ok	False
Curlcake1	1450	1451	+	0	adjPval	440	A	GCAAT	ok	False
Curlcake1	1451	1452	+	0	adjPval	439	A	CAATA	ok	False
Curlcake1	1453	1454	+	0	adjPval	432	A	ATATC	ok	False
Curlcake1	1457	1458	+	0	adjPval	429	A	CGATA	ok	False
Curlcake1	1459	1460	+	0	adjPval	429	A	ATACC	ok	False
Curlcake1	1463	1464	+	3.92755e-294	adjPval	429	A	CGATC	ok	False
Curlcake1	1467	1468	+	0	adjPval	428	A	CTACT	ok	False
Curlcake1	1477	1478	+	0	adjPval	429	A	TGAGC	ok	False
Curlcake1	1482	1483	+	0	adjPval	429	A	GCAAA	ok	False
Curlcake1	1483	1484	+	0	adjPval	428	A	CAAAT	ok	False
Curlcake1	1484	1485	+	0	adjPval	427	A	AAATT	ok	False
Curlcake1	1495	1496	+	8.281e-24	adjPval	421	A	GCAAA	ok	False
Curlcake1	1496	1497	+	0	adjPval	420	A	CAAAT	ok	False
Curlcake1	1497	1498	+	0	adjPval	420	A	AAATA	ok	False
Curlcake1	1503	1504	+	0	adjPval	417	A	TGACC	ok	True
Curlcake1	1516	1517	+	0	adjPval	408	A	CCATC	ok	False
Curlcake1	1519	1520	+	0	adjPval	388	A	TCAAT	ok	False
Curlcake1	1520	1521	+	0	adjPval	384	A	CAATG	ok	False
Curlcake1	1526	1527	+	0	adjPval	382	A	TGACA	ok	True
Curlcake1	1535	1536	+	0	adjPval	377	A	GCACA	ok	False
Curlcake1	1537	1538	+	0	adjPval	375	A	ACAAC	ok	False
Curlcake1	1538	1539	+	0	adjPval	375	A	CAACC	ok	False
Curlcake1	1543	1544	+	0	adjPval	375	A	AGATC	ok	False
Curlcake1	1546	1547	+	0	adjPval	369	A	TCACG	ok	False
Curlcake1	1551	1552	+	5.20504e-190	adjPval	369	A	ATAAC	ok	False
Curlcake1	1558	1559	+	0	adjPval	350	A	GTAAA	ok	False
Curlcake1	1559	1560	+	0	adjPval	348	A	TAAAG	ok	False
Curlcake1	1560	1561	+	0	adjPval	347	A	AAAGG	ok	False
Curlcake1	1572	1573	+	0	adjPval	338	A	GCAGC	ok	False
Curlcake1	1577	1578	+	0	adjPval	338	A	TCACC	ok	False
Curlcake1	1582	1583	+	0	adjPval	338	A	GGAGG	ok	False
Curlcake1	1586	1587	+	0	adjPval	338	A	GGAAA	ok	False
Curlcake1	1587	1588	+	0	adjPval	338	A	GAAAT	ok	False
Curlcake1	1588	1589	+	0	adjPval	338	A	AAATA	ok	False
Curlcake1	1590	1591	+	0	adjPval	338	A	ATACT	ok	False
Curlcake1	1595	1596	+	0	adjPval	338	A	GCAAT	ok	False
Curlcake1	1596	1597	+	0	adjPval	338	A	CAATC	ok	False
Curlcake1	1599	1600	+	3.39492e-296	adjPval	338	A	TCATG	ok	False
Curlcake1	1609	1610	+	0	adjPval	339	A	GTAAA	ok	False
Curlcake1	1610	1611	+	0	adjPval	339	A	TAAAA	ok	False
Curlcake1	1611	1612	+	0	adjPval	340	A	AAAAC	ok	False
Curlcake1	1625	1626	+	0	adjPval	342	A	TCAAC	ok	False
Curlcake1	1626	1627	+	0	adjPval	342	A	CAACA	ok	False
Curlcake1	1628	1629	+	0	adjPval	342	A	ACATC	ok	False
Curlcake1	1661	1662	+	0	adjPval	339	A	TCAAG	ok	False
Curlcake1	1662	1663	+	0	adjPval	339	A	CAAGG	ok	False
Curlcake1	1667	1668	+	0	adjPval	339	A	GGATA	ok	False
Curlcake1	1669	1670	+	0	adjPval	339	A	ATAGA	ok	False
Curlcake1	1671	1672	+	0	adjPval	339	A	AGAAG	ok	False
Curlcake1	1683	1684	+	0	adjPval	340	A	TTATT	ok	False
Curlcake1	1687	1688	+	0	adjPval	339	A	TGAAT	ok	False
Curlcake1	1688	1689	+	0	adjPval	339	A	GAATC	ok	False
Curlcake1	1692	1693	+	0	adjPval	339	A	CCAAA	ok	False
Curlcake1	1693	1694	+	0	adjPval	339	A	CAAAC	ok	False
Curlcake1	1694	1695	+	0	adjPval	339	A	AAACC	ok	True
Curlcake1	1698	1699	+	4.67987e-111	adjPval	340	A	CCAAG	ok	False
Curlcake1	1708	1709	+	0	adjPval	341	A	GCAGC	ok	False
Curlcake1	1718	1719	+	0	adjPval	342	A	CTACC	ok	False
Curlcake1	1721	1722	+	0	adjPval	344	A	CCACC	ok	False
Curlcake1	1728	1729	+	0	adjPval	350	A	CGAGA	ok	False
Curlcake1	1730	1731	+	0	adjPval	350	A	AGATC	ok	False
Curlcake1	1771	1772	+	0	adjPval	360	A	TTATC	ok	False
Curlcake1	1774	1775	+	0	adjPval	359	A	TCACA	ok	False
Curlcake1	1776	1777	+	0	adjPval	359	A	ACAAA	ok	False
Curlcake1	1777	1778	+	0	adjPval	359	A	CAAAA	ok	False
Curlcake1	1778	1779	+	0	adjPval	360	A	AAAAA	ok	False
Curlcake1	1779	1780	+	0	adjPval	360	A	AAAAG	ok	False
Curlcake1	1807	1808	+	1.32679e-225	adjPval	362	A	CGATA	ok	False
Curlcake1	1809	1810	+	0	adjPval	362	A	ATACA	ok	False
Curlcake1	1811	1812	+	0	adjPval	362	A	ACATC	ok	False
Curlcake1	1814	1815	+	0	adjPval	362	A	TCACC	ok	False
Curlcake1	1820	1821	+	0	adjPval	362	A	GGAAA	ok	False
Curlcake1	1821	1822	+	0	adjPval	362	A	GAAAT	ok	False
Curlcake1	1822	1823	+	0	adjPval	362	A	AAATG	ok	False
Curlcake1	1834	1835	+	0	adjPval	363	A	GTACC	ok	False
Curlcake1	1851	1852	+	0	adjPval	363	A	GGACC	ok	True
Curlcake1	1854	1855	+	0	adjPval	364	A	CCACG	ok	False
Curlcake1	1860	1861	+	6.68263e-176	adjPval	367	A	CGAAG	ok	False
Curlcake1	1870	1871	+	0	adjPval	368	A	GCAGC	ok	False
Curlcake1	1874	1875	+	0	adjPval	369	A	CGAAG	ok	False
Curlcake1	1900	1901	+	0	adjPval	376	A	GTAGC	ok	False
Curlcake1	1943	1944	+	0	adjPval	364	A	GCAGC	ok	False
Curlcake1	1952	1953	+	0	adjPval	360	A	CCAAT	ok	False
Curlcake1	1953	1954	+	0	adjPval	359	A	CAATG	ok	False
Curlcake1	1961	1962	+	0	adjPval	358	A	GGAAG	ok	False
Curlcake1	1965	1966	+	0	adjPval	358	A	GGACT	ok	True
Curlcake1	1971	1972	+	1.31801e-315	adjPval	355	A	TTATC	ok	False
Curlcake1	1975	1976	+	0	adjPval	350	A	CGACA	ok	False
Curlcake1	1982	1983	+	0	adjPval	349	A	TGAAC	ok	False
Curlcake1	1992	1993	+	8.61498e-283	adjPval	346	A	CTAAC	ok	False
Curlcake1	1993	1994	+	1.70137e-59	adjPval	346	A	TAACG	ok	False
Curlcake1	1996	1997	+	0	adjPval	346	A	CGAGA	ok	False
Curlcake1	2020	2021	+	0	adjPval	263	A	CGAGC	ok	False
Curlcake1	2023	2024	+	0	adjPval	258	A	GCAAG	ok	False
Curlcake1	2029	2030	+	0	adjPval	238	A	ATAAC	ok	False
Curlcake1	2030	2031	+	0	adjPval	227	A	TAACC	ok	True
Curlcake1	2033	2034	+	0	adjPval	223	A	CCAAT	ok	False
Curlcake1	2034	2035	+	0	adjPval	223	A	CAATT	ok	False
Curlcake1	2048	2049	+	0	adjPval	211	A	GCAGA	ok	False
Curlcake1	2050	2051	+	0	adjPval	211	A	AGAAA	ok	False
Curlcake1	2051	2052	+	0	adjPval	211	A	GAAAA	ok	False
Curlcake1	2052	2053	+	0	adjPval	211	A	AAAAA	ok	False
Curlcake1	2053	2054	+	0	adjPval	211	A	AAAAT	ok	False
Curlcake1	2054	2055	+	0	adjPval	211	A	AAATG	ok	False
Curlcake1	2077	2078	+	0	adjPval	205	A	CTATT	ok	False
Curlcake1	2080	2081	+	1.5751e-124	adjPval	205	A	TTAAC	ok	False
Curlcake1	2107	2108	+	0	adjPval	182	A	GGAGT	ok	False
Curlcake1	2111	2112	+	0	adjPval	179	A	TCAAA	ok	False
Curlcake1	2112	2113	+	0	adjPval	179	A	CAAAG	ok	False
Curlcake1	2113	2114	+	0	adjPval	179	A	AAAGC	ok	False
Curlcake1	2120	2121	+	3.28319e-132	adjPval	179	A	GTATA	ok	False
Curlcake1	2122	2123	+	1.67491e-288	adjPval	179	A	ATATC	ok	False
Curlcake1	2128	2129	+	0	adjPval	178	A	TGACC	ok	True
Curlcake1	2157	2158	+	0	adjPval	172	A	TGAAT	ok	False
Curlcake1	2174	2175	+	0	adjPval	148	A	CCAAC	ok	False
Curlcake1	2175	2176	+	0	adjPval	132	A	CAACC	ok	False
Curlcake1	2184	2185	+	1.94209e-227	adjPval	127	A	TTACT	ok	False
Curlcake1	2218	2219	+	1.13789e-143	adjPval	10	A	ATAAA	ok	False
Curlcake1	2219	2220	+	9.44343e-172	adjPval	10	A	TAAAA	ok	False
Curlcake1	2220	2221	+	2.68765e-287	adjPval	10	A	AAAAT	ok	False
Curlcake1	2221	2222	+	7.05834e-60	adjPval	8	A	AAATA	ok	False
Curlcake1	2223	2224	+	4.67778e-121	adjPval	6	A	ATAAG	ok	False
Curlcake1	2224	2225	+	3.6573e-122	adjPval	6	A	TAAGC	ok	False
Curlcake1	2227	2228	+	6.68151e-133	adjPval	6	A	GCAAA	ok	False
Curlcake1	2228	2229	+	7.80932e-160	adjPval	5	A	CAAAA	ok	False
Curlcake1	2229	2230	+	1.71238e-282	adjPval	5	A	AAAAC	ok	False
Curlcake1	2230	2231	+	3.72491e-273	adjPval	5	A	AAACA	ok	True
Curlcake1	2232	2233	+	5.03883e-66	adjPval	5	A	ACAGC	ok	False
Curlcake1	2237	2238	+	2.50503e-148	adjPval	5	A	TCAAG	ok	False
Curlcake1	2245	2246	+	4.78752e-113	adjPval	5	A	CGACC	ok	False
Curlcake1	2253	2254	+	6.76794e-24	adjPval	5	A	CCAAT	ok	False
Curlcake1	2254	2255	+	3.04483e-69	adjPval	5	A	CAATG	ok	False
Curlcake2	71	72	+	5.25753e-180	adjPval	781	A	CTACC	ok	False
Curlcake2	77	78	+	0	adjPval	795	A	TGAAT	ok	False
Curlcake2	78	79	+	0	adjPval	796	A	GAATG	ok	False
Curlcake2	83	84	+	0	adjPval	857	A	ATACA	ok	False
Curlcake2	85	86	+	9.11801e-309	adjPval	872	A	ACAGA	ok	False
Curlcake2	115	116	+	0	adjPval	976	A	GTAAG	ok	False
Curlcake2	139	140	+	0	adjPval	1008	A	GGACC	ok	True
Curlcake2	148	149	+	0	adjPval	1015	A	ATATT	ok	False
Curlcake2	162	163	+	2.25262e-277	adjPval	1020	A	CTACT	ok	False
Curlcake2	169	170	+	0	adjPval	1039	A	CTAGA	ok	False
Curlcake2	175	176	+	0	adjPval	1049	A	TCAAT	ok	False
Curlcake2	176	177	+	0	adjPval	1050	A	CAATA	ok	False
Curlcake2	178	179	+	0	adjPval	1054	A	ATATC	ok	False
Curlcake2	198	199	+	0	adjPval	1110	A	CGATC	ok	False
Curlcake2	201	202	+	0	adjPval	1112	A	TCAAG	ok	False
Curlcake2	226	227	+	0	adjPval	1129	A	TGAGA	ok	False
Curlcake2	231	232	+	0	adjPval	1124	A	GCAAT	ok	False
Curlcake2	232	233	+	0	adjPval	1124	A	CAATA	ok	False
Curlcake2	234	235	+	0	adjPval	1123	A	ATAGC	ok	False
Curlcake2	247	248	+	0	adjPval	1124	A	CTAAA	ok	False
Curlcake2	248	249	+	0	adjPval	1122	A	TAAAT	ok	False
Curlcake2	249	250	+	0	adjPval	1122	A	AAATG	ok	False
Curlcake2	259	260	+	0	adjPval	1120	A	GCAAG	ok	False
Curlcake2	260	261	+	0	adjPval	1120	A	CAAGG	ok	False
Curlcake2	265	266	+	0	adjPval	1121	A	GGAAT	ok	False
Curlcake2	271	272	+	0	adjPval	1121	A	ATAGG	ok	False
Curlcake2	274	275	+	0	adjPval	1121	A	GGAAA	ok	False
Curlcake2	275	276	+	0	adjPval	1122	A	GAAAA	ok	False
Curlcake2	276	277	+	0	adjPval	1124	A	AAAAG	ok	False
Curlcake2	284	285	+	0	adjPval	1130	A	GCAAA	ok	False
Curlcake2	285	286	+	0	adjPval	1132	A	CAAAG	ok	False
Curlcake2	286	287	+	0	adjPval	1132	A	AAAGC	ok	False
Curlcake2	293	294	+	0	adjPval	1136	A	CTAAA	ok	False
Curlcake2	294	295	+	0	adjPval	1141	A	TAAAA	ok	False
Curlcake2	295	296	+	0	adjPval	1148	A	AAAAA	ok	False
Curlcake2	296	297	+	0	adjPval	1168	A	AAAAA	ok	False
Curlcake2	297	298	+	0	adjPval	1189	A	AAAAA	ok	False
Curlcake2	298	299	+	0	adjPval	1189	A	AAAAC	ok	False
Curlcake2	299	300	+	0	adjPval	1190	A	AAACG	ok	False
Curlcake2	302	303	+	7.71414e-176	adjPval	1239	A	CGAGC	ok	False
Curlcake2	314	315	+	0	adjPval	1288	A	TCATC	ok	False
Curlcake2	326	327	+	1.36585e-218	adjPval	1308	A	AGATT	ok	False
Curlcake2	333	334	+	0	adjPval	1313	A	GGACT	ok	True
Curlcake2	337	338	+	0	adjPval	1328	A	TTAAC	ok	False
Curlcake2	338	339	+	0	adjPval	1330	A	TAACA	ok	True
Curlcake2	340	341	+	0	adjPval	1336	A	ACAAC	ok	False
Curlcake2	351	352	+	0	adjPval	1365	A	CTAAG	ok	False
Curlcake2	352	353	+	0	adjPval	1365	A	TAAGG	ok	False
Curlcake2	357	358	+	0	adjPval	1373	A	GTAAA	ok	False
Curlcake2	358	359	+	0	adjPval	1421	A	TAAAG	ok	False
Curlcake2	373	374	+	0	adjPval	1708	A	TTAAC	ok	False
Curlcake2	374	375	+	0	adjPval	1708	A	TAACC	ok	True
Curlcake2	410	411	+	0	adjPval	1791	A	TCATA	ok	False
Curlcake2	412	413	+	0	adjPval	1791	A	ATATC	ok	False
Curlcake2	416	417	+	0	adjPval	1792	A	CGAAA	ok	False
Curlcake2	417	418	+	0	adjPval	1794	A	GAAAA	ok	False
Curlcake2	418	419	+	0	adjPval	1797	A	AAAAC	ok	False
Curlcake2	419	420	+	0	adjPval	1797	A	AAACA	ok	True
Curlcake2	421	422	+	0	adjPval	1801	A	ACATA	ok	False
Curlcake2	423	424	+	0	adjPval	1816	A	ATAAT	ok	False
Curlcake2	424	425	+	0	adjPval	1825	A	TAATA	ok	False
Curlcake2	426	427	+	0	adjPval	1837	A	ATAGC	ok	False
Curlcake2	430	431	+	0	adjPval	1893	A	CTAAC	ok	False
Curlcake2	431	432	+	0	adjPval	1901	A	TAACT	ok	True
Curlcake2	441	442	+	0	adjPval	2023	A	GCAGA	ok	False
Curlcake2	455	456	+	0	adjPval	2045	A	TGAAG	ok	False
Curlcake2	456	457	+	0	adjPval	2045	A	GAAGC	ok	False
Curlcake2	463	464	+	0	adjPval	2047	A	GTAGC	ok	False
Curlcake2	468	469	+	0	adjPval	2047	A	CGACC	ok	False
Curlcake2	486	487	+	0	adjPval	2070	A	GGACA	ok	True
Curlcake2	496	497	+	0	adjPval	2077	A	GGACC	ok	True
Curlcake2	503	504	+	0	adjPval	2087	A	CGACA	ok	False
Curlcake2	505	506	+	0	adjPval	2089	A	ACACT	ok	False
Curlcake2	514	515	+	0	adjPval	2092	A	GTAAA	ok	False
Curlcake2	515	516	+	0	adjPval	2093	A	TAAAA	ok	False
Curlcake2	516	517	+	0	adjPval	2094	A	AAAAT	ok	False
Curlcake2	517	518	+	0	adjPval	2095	A	AAATT	ok	False
Curlcake2	521	522	+	0	adjPval	2108	A	TGATA	ok	False
Curlcake2	523	524	+	0	adjPval	2156	A	ATACA	ok	False
Curlcake2	533	534	+	0	adjPval	2334	A	TTAAT	ok	False
Curlcake2	565	566	+	0	adjPval	2522	A	TGACA	ok	True
Curlcake2	567	568	+	0	adjPval	2523	A	ACATG	ok	False
Curlcake2	582	583	+	0	adjPval	2566	A	GTAAG	ok	False
Curlcake2	586	587	+	0	adjPval	2570	A	GTATA	ok	False
Curlcake2	588	589	+	0	adjPval	2573	A	ATAAC	ok	False
Curlcake2	589	590	+	0	adjPval	2574	A	TAACA	ok	True
Curlcake2	591	592	+	0	adjPval	2574	A	ACAAC	ok	False
Curlcake2	592	593	+	0	adjPval	2575	A	CAACC	ok	False
Curlcake2	617	618	+	0	adjPval	2609	A	CTAAG	ok	False
Curlcake2	618	619	+	0	adjPval	2609	A	TAAGC	ok	False
Curlcake2	623	624	+	0	adjPval	2607	A	TGAGA	ok	False
Curlcake2	625	626	+	0	adjPval	2607	A	AGAAA	ok	False
Curlcake2	626	627	+	0	adjPval	2607	A	GAAAA	ok	False
Curlcake2	627	628	+	0	adjPval	2607	A	AAAAA	ok	False
Curlcake2	628	629	+	0	adjPval	2607	A	AAAAA	ok	False
Curlcake2	629	630	+	0	adjPval	2623	A	AAAAG	ok	False
Curlcake2	630	631	+	0	adjPval	2628	A	AAAGG	ok	False
Curlcake2	640	641	+	0	adjPval	2673	A	ATAAC	ok	False
Curlcake2	641	642	+	0	adjPval	2677	A	TAACT	ok	True
Curlcake2	646	647	+	0	adjPval	2716	A	CAAAC	ok	False
Curlcake2	672	673	+	0	adjPval	2818	A	CGATA	ok	False
Curlcake2	701	702	+	0	adjPval	2800	A	GCAAG	ok	False
Curlcake2	721	722	+	0	adjPval	2636	A	TCAAT	ok	False
Curlcake2	726	727	+	0	adjPval	2629	A	GTAAC	ok	False
Curlcake2	730	731	+	0	adjPval	2576	A	CGAAA	ok	False
Curlcake2	731	732	+	0	adjPval	2575	A	GAAAA	ok	False
Curlcake2	732	733	+	0	adjPval	2573	A	AAAAG	ok	False
Curlcake2	733	734	+	0	adjPval	2572	A	AAAGG	ok	False
Curlcake2	736	737	+	0	adjPval	2571	A	GGAAT	ok	False
Curlcake2	737	738	+	0	adjPval	2571	A	GAATG	ok	False
Curlcake2	745	746	+	0	adjPval	2571	A	GTAAA	ok	False
Curlcake2	746	747	+	0	adjPval	2567	A	TAAAA	ok	False
Curlcake2	747	748	+	0	adjPval	2567	A	AAAAA	ok	False
Curlcake2	748	749	+	0	adjPval	2569	A	AAAAG	ok	False
Curlcake2	763	764	+	0	adjPval	2564	A	GGAAG	ok	False
Curlcake2	772	773	+	0	adjPval	2559	A	TGAAT	ok	False
Curlcake2	773	774	+	0	adjPval	2559	A	GAATC	ok	False
Curlcake2	776	777	+	0	adjPval	2558	A	TCAAA	ok	False
Curlcake2	777	778	+	0	adjPval	2558	A	CAAAA	ok	False
Curlcake2	778	779	+	0	adjPval	2558	A	AAAAA	ok	False
Curlcake2	779	780	+	0	adjPval	2558	A	AAAAT	ok	False
Curlcake2	780	781	+	0	adjPval	2558	A	AAATC	ok	False
Curlcake2	787	788	+	0	adjPval	2562	A	GGACC	ok	True
Curlcake2	797	798	+	0	adjPval	2574	A	TCACA	ok	False
Curlcake2	799	800	+	0	adjPval	2574	A	ACAAC	ok	False
Curlcake2	800	801	+	0	adjPval	2574	A	CAACG	ok	False
Curlcake2	803	804	+	0	adjPval	2577	A	CGAAC	ok	False
Curlcake2	804	805	+	0	adjPval	2578	A	GAACG	ok	False
Curlcake2	810	811	+	0	adjPval	2583	A	GTAAT	ok	False
Curlcake2	823	824	+	0	adjPval	2589	A	GGACT	ok	True
Curlcake2	826	827	+	0	adjPval	2586	A	CTACA	ok	False
Curlcake2	828	829	+	0	adjPval	2586	A	ACAAA	ok	False
Curlcake2	829	830	+	0	adjPval	2586	A	CAAAG	ok	False
Curlcake2	834	835	+	0	adjPval	2585	A	TCATT	ok	False
Curlcake2	855	856	+	0	adjPval	2601	A	CGACC	ok	False
Curlcake2	862	863	+	0	adjPval	2600	A	CCAAG	ok	False
Curlcake2	883	884	+	0	adjPval	2600	A	TCAAA	ok	False
Curlcake2	884	885	+	0	adjPval	2597	A	CAAAC	ok	False
Curlcake2	885	886	+	0	adjPval	2596	A	AAACC	ok	True
Curlcake2	894	895	+	0	adjPval	2599	A	GTAGA	ok	False
Curlcake2	896	897	+	0	adjPval	2599	A	AGACT	ok	True
Curlcake2	899	900	+	0	adjPval	2601	A	CTATC	ok	False
Curlcake2	902	903	+	0	adjPval	2605	A	TCAAC	ok	False
Curlcake2	903	904	+	0	adjPval	2613	A	CAACT	ok	False
Curlcake2	906	907	+	0	adjPval	2617	A	CTAAC	ok	False
Curlcake2	907	908	+	0	adjPval	2620	A	TAACT	ok	True
Curlcake2	921	922	+	0	adjPval	2687	A	CGAAG	ok	False
Curlcake2	922	923	+	0	adjPval	2687	A	GAAGC	ok	False
Curlcake2	936	937	+	0	adjPval	2710	A	CCAAA	ok	False
Curlcake2	937	938	+	0	adjPval	2710	A	CAAAT	ok	False
Curlcake2	938	939	+	0	adjPval	2710	A	AAATC	ok	False
Curlcake2	951	952	+	4.11264e-24	adjPval	2722	A	GCAAA	ok	False
Curlcake2	952	953	+	0	adjPval	2723	A	CAAAT	ok	False
Curlcake2	953	954	+	0	adjPval	2723	A	AAATA	ok	False
Curlcake2	955	956	+	0	adjPval	2736	A	ATAAT	ok	False
Curlcake2	956	957	+	0	adjPval	2739	A	TAATG	ok	False
Curlcake2	971	972	+	0	adjPval	2789	A	CGAGA	ok	False
Curlcake2	973	974	+	0	adjPval	2789	A	AGAAA	ok	False
Curlcake2	974	975	+	0	adjPval	2792	A	GAAAC	ok	False
Curlcake2	975	976	+	0	adjPval	2791	A	AAACA	ok	True
Curlcake2	977	978	+	0	adjPval	2796	A	ACAAC	ok	False
Curlcake2	978	979	+	1.72589e-134	adjPval	2796	A	CAACC	ok	False
Curlcake2	983	984	+	0	adjPval	2801	A	CGAAC	ok	False
Curlcake2	984	985	+	0	adjPval	2801	A	GAACA	ok	True
Curlcake2	986	987	+	0	adjPval	2803	A	ACACC	ok	False
Curlcake2	998	999	+	0	adjPval	2845	A	TCATT	ok	False
Curlcake2	1003	1004	+	0	adjPval	2846	A	GGATA	ok	False
Curlcake2	1009	1010	+	0	adjPval	2840	A	GTAAC	ok	False
Curlcake2	1010	1011	+	0	adjPval	2840	A	TAACA	ok	True
Curlcake2	1012	1013	+	0	adjPval	2841	A	ACATC	ok	False
Curlcake2	1015	1016	+	0	adjPval	2839	A	TCAAT	ok	False
Curlcake2	1016	1017	+	0	adjPval	2838	A	CAATC	ok	False
Curlcake2	1019	1020	+	0	adjPval	2837	A	TCACC	ok	False
Curlcake2	1026	1027	+	0	adjPval	2845	A	GCAAC	ok	False
Curlcake2	1027	1028	+	0	adjPval	2846	A	CAACT	ok	False
Curlcake2	1046	1047	+	0	adjPval	2938	A	TCAAC	ok	False
Curlcake2	1058	1059	+	0	adjPval	2949	A	TTAGG	ok	False
Curlcake2	1066	1067	+	0	adjPval	2943	A	CGAAC	ok	False
Curlcake2	1067	1068	+	0	adjPval	2955	A	GAACC	ok	True
Curlcake2	1070	1071	+	0	adjPval	2976	A	CCACC	ok	False
Curlcake2	1083	1084	+	2.92448e-249	adjPval	3040	A	TTATC	ok	False
Curlcake2	1091	1092	+	0	adjPval	3060	A	CCATA	ok	False
Curlcake2	1093	1094	+	0	adjPval	3057	A	ATATC	ok	False
Curlcake2	1099	1100	+	0	adjPval	3055	A	TTAAC	ok	False
Curlcake2	1100	1101	+	0	adjPval	3055	A	TAACA	ok	True
Curlcake2	1102	1103	+	0	adjPval	3059	A	ACAAG	ok	False
Curlcake2	1103	1104	+	0	adjPval	3063	A	CAAGC	ok	False
Curlcake2	1110	1111	+	0	adjPval	3084	A	CCAGA	ok	False
Curlcake2	1112	1113	+	0	adjPval	3125	A	AGAGA	ok	False
Curlcake2	1127	1128	+	0	adjPval	3151	A	CTAAC	ok	False
Curlcake2	1128	1129	+	0	adjPval	3151	A	TAACA	ok	True
Curlcake2	1130	1131	+	0	adjPval	3156	A	ACACT	ok	False
Curlcake2	1135	1136	+	0	adjPval	3164	A	GTATA	ok	False
Curlcake2	1152	1153	+	0	adjPval	3178	A	GGAAA	ok	False
Curlcake2	1153	1154	+	0	adjPval	3178	A	GAAAA	ok	False
Curlcake2	1154	1155	+	0	adjPval	3184	A	AAAAG	ok	False
Curlcake2	1155	1156	+	0	adjPval	3185	A	AAAGG	ok	False
Curlcake2	1166	1167	+	0	adjPval	3194	A	GTAAA	ok	False
Curlcake2	1167	1168	+	0	adjPval	3196	A	TAAAA	ok	False
Curlcake2	1168	1169	+	0	adjPval	3197	A	AAAAG	ok	False
Curlcake2	1174	1175	+	0	adjPval	3199	A	GGATT	ok	False
Curlcake2	1177	1178	+	0	adjPval	3213	A	TTAGC	ok	False
Curlcake2	1180	1181	+	0	adjPval	3218	A	GCACC	ok	False
Curlcake2	1211	1212	+	0	adjPval	3314	A	TTAAT	ok	False
Curlcake2	1223	1224	+	0	adjPval	3303	A	GGAAC	ok	False
Curlcake2	1224	1225	+	0	adjPval	3305	A	GAACA	ok	True
Curlcake2	1226	1227	+	0	adjPval	3305	A	ACAGA	ok	False
Curlcake2	1238	1239	+	0	adjPval	3301	A	TCATC	ok	False
Curlcake2	1243	1244	+	0	adjPval	3297	A	ACACG	ok	False
Curlcake2	1270	1271	+	0	adjPval	3302	A	GCATA	ok	False
Curlcake2	1272	1273	+	2.36694e-179	adjPval	3299	A	ATACG	ok	False
Curlcake2	1275	1276	+	0	adjPval	3295	A	CGAGA	ok	False
Curlcake2	1292	1293	+	0	adjPval	3235	A	ATACT	ok	False
Curlcake2	1295	1296	+	0	adjPval	3226	A	CTACT	ok	False
Curlcake2	1303	1304	+	0	adjPval	3213	A	GTAAA	ok	False
Curlcake2	1304	1305	+	0	adjPval	3214	A	TAAAT	ok	False
Curlcake2	1305	1306	+	0	adjPval	3214	A	AAATG	ok	False
Curlcake2	1313	1314	+	0	adjPval	3216	A	CGACC	ok	False
Curlcake2	1319	1320	+	0	adjPval	3213	A	GTAGG	ok	False
Curlcake2	1322	1323	+	0	adjPval	3214	A	GGAAG	ok	False
Curlcake2	1323	1324	+	0	adjPval	3215	A	GAAGC	ok	False
Curlcake2	1328	1329	+	0	adjPval	3215	A	GGAAT	ok	False
Curlcake2	1329	1330	+	0	adjPval	3215	A	GAATA	ok	False
Curlcake2	1331	1332	+	0	adjPval	3215	A	ATAAA	ok	False
Curlcake2	1332	1333	+	0	adjPval	3215	A	TAAAA	ok	False
Curlcake2	1333	1334	+	0	adjPval	3257	A	AAAAT	ok	False
Curlcake2	1334	1335	+	0	adjPval	3273	A	AAATG	ok	False
Curlcake2	1352	1353	+	0	adjPval	3338	A	GTACA	ok	False
Curlcake2	1354	1355	+	0	adjPval	3338	A	ACAAT	ok	False
Curlcake2	1355	1356	+	0	adjPval	3338	A	CAATG	ok	False
Curlcake2	1392	1393	+	0	adjPval	3354	A	TCACT	ok	False
Curlcake2	1396	1397	+	0	adjPval	3354	A	TGACT	ok	True
Curlcake2	1399	1400	+	0	adjPval	3354	A	CTAAA	ok	False
Curlcake2	1400	1401	+	0	adjPval	3374	A	TAAAG	ok	False
Curlcake2	1405	1406	+	0	adjPval	3391	A	CCATT	ok	False
Curlcake2	1417	1418	+	0	adjPval	3442	A	CCATG	ok	False
Curlcake2	1424	1425	+	0	adjPval	3465	A	GTAAT	ok	False
Curlcake2	1425	1426	+	0	adjPval	3468	A	TAATA	ok	False
Curlcake2	1439	1440	+	0	adjPval	3488	A	CGACA	ok	False
Curlcake2	1441	1442	+	0	adjPval	3490	A	ACAAG	ok	False
Curlcake2	1449	1450	+	0	adjPval	3497	A	CTAAT	ok	False
Curlcake2	1450	1451	+	0	adjPval	3498	A	TAATA	ok	False
Curlcake2	1476	1477	+	0	adjPval	3510	A	TCAAA	ok	False
Curlcake2	1477	1478	+	0	adjPval	3510	A	CAAAT	ok	False
Curlcake2	1478	1479	+	0	adjPval	3510	A	AAATG	ok	False
Curlcake2	1498	1499	+	0	adjPval	3535	A	CCAAA	ok	False
Curlcake2	1499	1500	+	0	adjPval	3542	A	CAAAG	ok	False
Curlcake2	1542	1543	+	0	adjPval	3611	A	GGATA	ok	False
Curlcake2	1548	1549	+	0	adjPval	3612	A	GCATT	ok	False
Curlcake2	1555	1556	+	0	adjPval	3619	A	TTAGA	ok	False
Curlcake2	1567	1568	+	1.34057e-129	adjPval	3637	A	TTATA	ok	False
Curlcake2	1575	1576	+	0	adjPval	3640	A	GTATA	ok	False
Curlcake2	1577	1578	+	0	adjPval	3628	A	ATAAA	ok	False
Curlcake2	1578	1579	+	0	adjPval	3630	A	TAAAC	ok	False
Curlcake2	1579	1580	+	0	adjPval	3631	A	AAACG	ok	False
Curlcake2	1602	1603	+	0	adjPval	3614	A	CTAAT	ok	False
Curlcake2	1603	1604	+	0	adjPval	3608	A	TAATG	ok	False
Curlcake2	1609	1610	+	0	adjPval	3604	A	TGAAG	ok	False
Curlcake2	1610	1611	+	0	adjPval	3601	A	GAAGT	ok	False
Curlcake2	1614	1615	+	0	adjPval	3593	A	TGATA	ok	False
Curlcake2	1616	1617	+	0	adjPval	3590	A	ATACC	ok	False
Curlcake2	1619	1620	+	0	adjPval	3581	A	CCACA	ok	False
Curlcake2	1621	1622	+	0	adjPval	3576	A	ACACA	ok	False
Curlcake2	1623	1624	+	0	adjPval	3579	A	ACACC	ok	False
Curlcake2	1627	1628	+	0	adjPval	3580	A	CTAAC	ok	False
Curlcake2	1644	1645	+	0	adjPval	3522	A	TTAGA	ok	False
Curlcake2	1646	1647	+	0	adjPval	3521	A	AGATA	ok	False
Curlcake2	1648	1649	+	0	adjPval	3516	A	ATACA	ok	False
Curlcake2	1650	1651	+	0	adjPval	3512	A	ACAAG	ok	False
Curlcake2	1651	1652	+	0	adjPval	3509	A	CAAGA	ok	False
Curlcake2	1655	1656	+	0	adjPval	3507	A	ATATT	ok	False
Curlcake2	1660	1661	+	0	adjPval	3509	A	TGAGA	ok	False
Curlcake2	1662	1663	+	0	adjPval	3512	A	AGAAC	ok	False
Curlcake2	1667	1668	+	0	adjPval	3514	A	TCATT	ok	False
Curlcake2	1683	1684	+	3.42825e-303	adjPval	3522	A	TCAGG	ok	False
Curlcake2	1700	1701	+	0	adjPval	3516	A	GGACT	ok	True
Curlcake2	1705	1706	+	0	adjPval	3517	A	CTAAG	ok	False
Curlcake2	1706	1707	+	0	adjPval	3519	A	TAAGA	ok	False
Curlcake2	1716	1717	+	0	adjPval	3545	A	TGATC	ok	False
Curlcake2	1719	1720	+	0	adjPval	3550	A	TCAAG	ok	False
Curlcake2	1738	1739	+	0	adjPval	3570	A	CGAAT	ok	False
Curlcake2	1739	1740	+	0	adjPval	3570	A	GAATA	ok	False
Curlcake2	1749	1750	+	0	adjPval	3557	A	GTAAA	ok	False
Curlcake2	1750	1751	+	0	adjPval	3556	A	TAAAG	ok	False
Curlcake2	1776	1777	+	0	adjPval	3503	A	TTAGG	ok	False
Curlcake2	1780	1781	+	0	adjPval	3503	A	GTACA	ok	False
Curlcake2	1782	1783	+	0	adjPval	3504	A	ACACC	ok	False
Curlcake2	1790	1791	+	0	adjPval	3503	A	GGACC	ok	True
Curlcake2	1797	1798	+	0	adjPval	3494	A	TGAAC	ok	False
Curlcake2	1798	1799	+	0	adjPval	3493	A	GAACA	ok	True
Curlcake2	1800	1801	+	0	adjPval	3493	A	ACATA	ok	False
Curlcake2	1802	1803	+	0	adjPval	3493	A	ATATA	ok	False
Curlcake2	1804	1805	+	0	adjPval	3495	A	ATACC	ok	False
Curlcake2	1810	1811	+	0	adjPval	3498	A	CGACA	ok	False
Curlcake2	1812	1813	+	0	adjPval	3503	A	ACATC	ok	False
Curlcake2	1818	1819	+	0	adjPval	3518	A	GTAAG	ok	False
Curlcake2	1819	1820	+	0	adjPval	3521	A	TAAGT	ok	False
Curlcake2	1830	1831	+	0	adjPval	3548	A	CCACG	ok	False
Curlcake2	1833	1834	+	0	adjPval	3547	A	CGATC	ok	False
Curlcake2	1837	1838	+	0	adjPval	3561	A	CTAGG	ok	False
Curlcake2	1845	1846	+	0	adjPval	3587	A	TGAGC	ok	False
Curlcake2	1862	1863	+	0	adjPval	3604	A	TCACC	ok	False
Curlcake2	1874	1875	+	0	adjPval	3603	A	GGAGA	ok	False
Curlcake2	1890	1891	+	0	adjPval	3563	A	GTAGT	ok	False
Curlcake2	1894	1895	+	0	adjPval	3552	A	TCAGA	ok	False
Curlcake2	1896	1897	+	0	adjPval	3549	A	AGAAC	ok	False
Curlcake2	1903	1904	+	0	adjPval	3526	A	TCAGA	ok	False
Curlcake2	1905	1906	+	0	adjPval	3525	A	AGACT	ok	True
Curlcake2	1915	1916	+	0	adjPval	3510	A	CGATC	ok	False
Curlcake2	1921	1922	+	0	adjPval	3498	A	CCAAG	ok	False
Curlcake2	1925	1926	+	0	adjPval	3495	A	GTAAA	ok	False
Curlcake2	1926	1927	+	0	adjPval	3493	A	TAAAC	ok	False
Curlcake2	1927	1928	+	0	adjPval	3492	A	AAACA	ok	True
Curlcake2	1929	1930	+	0	adjPval	3492	A	ACATG	ok	False
Curlcake2	1946	1947	+	0	adjPval	3482	A	CGAAA	ok	False
Curlcake2	1947	1948	+	0	adjPval	3481	A	GAAAC	ok	False
Curlcake2	1948	1949	+	0	adjPval	3481	A	AAACG	ok	False
Curlcake2	1953	1954	+	0	adjPval	3483	A	TTATA	ok	False
Curlcake2	1962	1963	+	0	adjPval	3484	A	CTAGA	ok	False
Curlcake2	1964	1965	+	0	adjPval	3481	A	AGAAG	ok	False
Curlcake2	1970	1971	+	0	adjPval	3483	A	ATATG	ok	False
Curlcake2	1973	1974	+	0	adjPval	3490	A	TGAAG	ok	False
Curlcake2	1979	1980	+	0	adjPval	3497	A	TTAAA	ok	False
Curlcake2	1980	1981	+	0	adjPval	3496	A	TAAAG	ok	False
Curlcake2	1981	1982	+	0	adjPval	3496	A	AAAGG	ok	False
Curlcake2	1993	1994	+	0	adjPval	3489	A	GCACT	ok	False
Curlcake2	2000	2001	+	0	adjPval	3473	A	CGAGT	ok	False
Curlcake2	2004	2005	+	0	adjPval	3473	A	TCAAT	ok	False
Curlcake2	2005	2006	+	0	adjPval	3473	A	CAATT	ok	False
Curlcake2	2021	2022	+	0	adjPval	3483	A	TCAAG	ok	False
Curlcake2	2022	2023	+	0	adjPval	3483	A	CAAGA	ok	False
Curlcake2	2030	2031	+	0	adjPval	3477	A	TGAAG	ok	False
Curlcake2	2031	2032	+	0	adjPval	3477	A	GAAGA	ok	False
Curlcake2	2033	2034	+	0	adjPval	3482	A	AGACA	ok	True
Curlcake2	2035	2036	+	0	adjPval	3483	A	ACAGG	ok	False
Curlcake2	2038	2039	+	0	adjPval	3483	A	GGAAC	ok	False
Curlcake2	2050	2051	+	0	adjPval	3474	A	GTAGA	ok	False
Curlcake2	2059	2060	+	0	adjPval	3446	A	CGACT	ok	False
Curlcake2	2069	2070	+	0	adjPval	3430	A	TTAAA	ok	False
Curlcake2	2070	2071	+	0	adjPval	3430	A	TAAAC	ok	False
Curlcake2	2071	2072	+	0	adjPval	3430	A	AAACT	ok	True
Curlcake2	2075	2076	+	0	adjPval	3428	A	TGAAC	ok	False
Curlcake2	2076	2077	+	0	adjPval	3429	A	GAACT	ok	True
Curlcake2	2079	2080	+	0	adjPval	3436	A	CTACC	ok	False
Curlcake2	2086	2087	+	0	adjPval	3436	A	CTAGG	ok	False
Curlcake2	2100	2101	+	0	adjPval	3481	A	GTACG	ok	False
Curlcake2	2103	2104	+	0	adjPval	3480	A	CGATA	ok	False
Curlcake2	2105	2106	+	0	adjPval	3457	A	ATAAA	ok	False
Curlcake2	2106	2107	+	0	adjPval	3456	A	TAAAT	ok	False
Curlcake2	2107	2108	+	0	adjPval	3456	A	AAATT	ok	False
Curlcake2	2113	2114	+	0	adjPval	3456	A	CGATT	ok	False
Curlcake2	2126	2127	+	0	adjPval	3458	A	TCAAG	ok	False
Curlcake2	2127	2128	+	0	adjPval	3458	A	CAAGT	ok	False
Curlcake2	2142	2143	+	0	adjPval	3459	A	TGACA	ok	True
Curlcake2	2144	2145	+	8.90946e-259	adjPval	3459	A	ACAGT	ok	False
Curlcake2	2158	2159	+	0	adjPval	3391	A	GGACA	ok	True
Curlcake2	2160	2161	+	0	adjPval	3392	A	ACACA	ok	False
Curlcake2	2162	2163	+	0	adjPval	3390	A	ACAAT	ok	False
Curlcake2	2163	2164	+	0	adjPval	3391	A	CAATA	ok	False
Curlcake2	2170	2171	+	0	adjPval	3387	A	GCAAT	ok	False
Curlcake2	2171	2172	+	0	adjPval	3386	A	CAATC	ok	False
Curlcake2	2178	2179	+	0	adjPval	3365	A	TGATT	ok	False
Curlcake2	2181	2182	+	0	adjPval	3360	A	TTACA	ok	False
Curlcake2	2190	2191	+	0	adjPval	3350	A	CCAAC	ok	False
Curlcake2	2191	2192	+	0	adjPval	3342	A	CAACA	ok	False
Curlcake2	2193	2194	+	0	adjPval	3342	A	ACACA	ok	False
Curlcake2	2198	2199	+	0	adjPval	3338	A	GCAAC	ok	False
Curlcake2	2199	2200	+	0	adjPval	3335	A	CAACC	ok	False
Curlcake2	2202	2203	+	0	adjPval	3334	A	CCAGA	ok	False
Curlcake2	2204	2205	+	0	adjPval	3330	A	AGACA	ok	True
Curlcake2	2206	2207	+	0	adjPval	3330	A	ACATG	ok	False
Curlcake2	2214	2215	+	0	adjPval	3328	A	GTAAG	ok	False
Curlcake2	2220	2221	+	0	adjPval	3325	A	TTAAA	ok	False
Curlcake2	2221	2222	+	0	adjPval	3325	A	TAAAT	ok	False
Curlcake2	2222	2223	+	0	adjPval	3325	A	AAATA	ok	False
Curlcake2	2224	2225	+	0	adjPval	3325	A	ATATA	ok	False
Curlcake2	2229	2230	+	0	adjPval	3326	A	TCAGA	ok	False
Curlcake2	2262	2263	+	0	adjPval	3319	A	GTAAC	ok	False
Curlcake2	2263	2264	+	0	adjPval	3313	A	TAACG	ok	False
Curlcake2	2279	2280	+	0	adjPval	3266	A	CCACT	ok	False
Curlcake2	2305	2306	+	0	adjPval	3057	A	GTACT	ok	False
Curlcake2	2312	2313	+	0	adjPval	2969	A	TGAAA	ok	False
Curlcake2	2313	2314	+	0	adjPval	2966	A	GAAAA	ok	False
Curlcake2	2314	2315	+	0	adjPval	2963	A	AAAAT	ok	False
Curlcake2	2315	2316	+	0	adjPval	2963	A	AAATA	ok	False
Curlcake2	2317	2318	+	0	adjPval	2960	A	ATAGA	ok	False
Curlcake2	2327	2328	+	0	adjPval	2947	A	CGAAT	ok	False
Curlcake2	2332	2333	+	0	adjPval	2934	A	CGAAA	ok	False
Curlcake2	2333	2334	+	0	adjPval	2932	A	GAAAT	ok	False
Curlcake2	2334	2335	+	0	adjPval	2930	A	AAATC	ok	False
Curlcake2	2339	2340	+	0	adjPval	2924	A	CCACC	ok	False
Curlcake2	2342	2343	+	0	adjPval	2920	A	CCAAG	ok	False
Curlcake2	2343	2344	+	0	adjPval	2920	A	CAAGA	ok	False
Curlcake2	2366	2367	+	0	adjPval	2881	A	CCAGA	ok	False
Curlcake2	2368	2369	+	0	adjPval	2878	A	AGAAA	ok	False
Curlcake2	2369	2370	+	0	adjPval	2877	A	GAAAT	ok	False
Curlcake2	2370	2371	+	0	adjPval	2874	A	AAATG	ok	False
Curlcake2	2387	2388	+	0	adjPval	2827	A	CGACT	ok	False
Curlcake2	2398	2399	+	0	adjPval	2794	A	ACATG	ok	False
Curlcake2	2419	2420	+	0	adjPval	2702	A	CGAAG	ok	False
Curlcake2	2425	2426	+	0	adjPval	2694	A	TGAGA	ok	False
Curlcake2	2427	2428	+	0	adjPval	2684	A	AGAGG	ok	False
Curlcake2	2433	2434	+	0	adjPval	2682	A	TGACA	ok	True
Curlcake2	2435	2436	+	0	adjPval	2678	A	ACATA	ok	False
Curlcake2	2437	2438	+	0	adjPval	2672	A	ATACT	ok	False
Curlcake2	2441	2442	+	0	adjPval	2672	A	TTAAT	ok	False
Curlcake2	2462	2463	+	0	adjPval	2601	A	CCATG	ok	False
Curlcake2	2474	2475	+	0	adjPval	1151	A	ATAGA	ok	False
Curlcake2	2476	2477	+	0	adjPval	977	A	AGACA	ok	True
Curlcake3	59	60	+	0	adjPval	270	A	GTAAC	ok	False
Curlcake3	60	61	+	0	adjPval	270	A	TAACC	ok	True
Curlcake3	63	64	+	0	adjPval	270	A	CCAAA	ok	False
Curlcake3	64	65	+	0	adjPval	270	A	CAAAA	ok	False
Curlcake3	65	66	+	0	adjPval	270	A	AAAAC	ok	False
Curlcake3	66	67	+	0	adjPval	270	A	AAACG	ok	False
Curlcake3	75	76	+	3.90956e-284	adjPval	272	A	TGATG	ok	False
Curlcake3	106	107	+	0	adjPval	273	A	ATACA	ok	False
Curlcake3	108	109	+	0	adjPval	273	A	ACAGA	ok	False
Curlcake3	110	111	+	0	adjPval	273	A	AGAGG	ok	False
Curlcake3	118	119	+	1.13028e-189	adjPval	273	A	CTAAC	ok	False
Curlcake3	119	120	+	0	adjPval	273	A	TAACC	ok	True
Curlcake3	124	125	+	0	adjPval	273	A	TTATT	ok	False
Curlcake3	136	137	+	0	adjPval	273	A	TTAAG	ok	False
Curlcake3	137	138	+	4.58244e-292	adjPval	273	A	TAAGC	ok	False
Curlcake3	141	142	+	0	adjPval	273	A	CGAGA	ok	False
Curlcake3	149	150	+	0	adjPval	274	A	GCAAG	ok	False
Curlcake3	150	151	+	0	adjPval	274	A	CAAGA	ok	False
Curlcake3	152	153	+	0	adjPval	274	A	AGAAG	ok	False
Curlcake3	153	154	+	0	adjPval	277	A	GAAGG	ok	False
Curlcake3	165	166	+	1.56206e-84	adjPval	279	A	GCACA	ok	False
Curlcake3	167	168	+	6.12288e-81	adjPval	279	A	ACACT	ok	False
Curlcake3	170	171	+	0	adjPval	279	A	CTAGA	ok	False
Curlcake3	176	177	+	0	adjPval	279	A	TGATT	ok	False
Curlcake3	180	181	+	0	adjPval	279	A	TCAAT	ok	False
Curlcake3	185	186	+	0	adjPval	279	A	GCAAA	ok	False
Curlcake3	186	187	+	0	adjPval	279	A	CAAAA	ok	False
Curlcake3	187	188	+	0	adjPval	279	A	AAAAG	ok	False
Curlcake3	188	189	+	0	adjPval	281	A	AAAGC	ok	False
Curlcake3	191	192	+	0	adjPval	281	A	GCAGA	ok	False
Curlcake3	196	197	+	0	adjPval	284	A	CGAAA	ok	False
Curlcake3	197	198	+	0	adjPval	286	A	GAAAG	ok	False
Curlcake3	198	199	+	0	adjPval	287	A	AAAGG	ok	False
Curlcake3	201	202	+	0	adjPval	287	A	GGATA	ok	False
Curlcake3	203	204	+	0	adjPval	288	A	ATAAG	ok	False
Curlcake3	204	205	+	0	adjPval	299	A	TAAGA	ok	False
Curlcake3	217	218	+	0	adjPval	346	A	CTATA	ok	False
Curlcake3	224	225	+	3.75543e-315	adjPval	380	A	GCATC	ok	False
Curlcake3	239	240	+	0	adjPval	422	A	CGAAT	ok	False
Curlcake3	240	241	+	0	adjPval	422	A	GAATG	ok	False
Curlcake3	250	251	+	0	adjPval	449	A	CTAAT	ok	False
Curlcake3	251	252	+	0	adjPval	453	A	TAATC	ok	False
Curlcake3	255	256	+	0	adjPval	470	A	CTACA	ok	False
Curlcake3	257	258	+	0	adjPval	486	A	ACACA	ok	False
Curlcake3	259	260	+	2.48971e-283	adjPval	496	A	ACATA	ok	False
Curlcake3	289	290	+	0	adjPval	785	A	CCAAA	ok	False
Curlcake3	290	291	+	0	adjPval	785	A	CAAAC	ok	False
Curlcake3	291	292	+	0	adjPval	785	A	AAACG	ok	False
Curlcake3	294	295	+	0	adjPval	795	A	CGATT	ok	False
Curlcake3	316	317	+	0	adjPval	863	A	GGATC	ok	False
Curlcake3	319	320	+	0	adjPval	863	A	TCACT	ok	False
Curlcake3	328	329	+	0	adjPval	869	A	TGAGA	ok	False
Curlcake3	335	336	+	0	adjPval	884	A	CGAAG	ok	False
Curlcake3	344	345	+	0	adjPval	903	A	ATAAT	ok	False
Curlcake3	353	354	+	0	adjPval	917	A	GGATT	ok	False
Curlcake3	358	359	+	1.02722e-200	adjPval	938	A	CGACG	ok	False
Curlcake3	362	363	+	0	adjPval	960	A	GCAAT	ok	False
Curlcake3	363	364	+	0	adjPval	970	A	CAATT	ok	False
Curlcake3	384	385	+	0	adjPval	1063	A	TGAAT	ok	False
Curlcake3	389	390	+	0	adjPval	1095	A	GTAAC	ok	False
Curlcake3	399	400	+	0	adjPval	1125	A	GGACT	ok	True
Curlcake3	426	427	+	0	adjPval	1164	A	GCACA	ok	False
Curlcake3	428	429	+	0	adjPval	1165	A	ACAAG	ok	False
Curlcake3	438	439	+	0	adjPval	1171	A	GGACC	ok	True
Curlcake3	465	466	+	0	adjPval	1177	A	CTACT	ok	False
Curlcake3	476	477	+	0	adjPval	1184	A	TGACC	ok	True
Curlcake3	488	489	+	0	adjPval	1187	A	CTAAA	ok	False
Curlcake3	489	490	+	0	adjPval	1187	A	TAAAC	ok	False
Curlcake3	490	491	+	0	adjPval	1188	A	AAACC	ok	True
Curlcake3	493	494	+	0	adjPval	1190	A	CCATG	ok	False
Curlcake3	523	524	+	1.24993e-198	adjPval	1214	A	GCAAC	ok	False
Curlcake3	524	525	+	0	adjPval	1214	A	CAACG	ok	False
Curlcake3	546	547	+	0	adjPval	1208	A	TTACA	ok	False
Curlcake3	548	549	+	0	adjPval	1206	A	ACAAC	ok	False
Curlcake3	549	550	+	0	adjPval	1206	A	CAACA	ok	False
Curlcake3	551	552	+	1.02549e-220	adjPval	1206	A	ACAGT	ok	False
Curlcake3	562	563	+	0	adjPval	1198	A	GTACA	ok	False
Curlcake3	564	565	+	0	adjPval	1197	A	ACATA	ok	False
Curlcake3	566	567	+	0	adjPval	1196	A	ATAAC	ok	False
Curlcake3	567	568	+	0	adjPval	1196	A	TAACA	ok	True
Curlcake3	569	570	+	0	adjPval	1196	A	ACAGC	ok	False
Curlcake3	575	576	+	0	adjPval	1198	A	GGAAC	ok	False
Curlcake3	592	593	+	0	adjPval	1207	A	TTAAG	ok	False
Curlcake3	610	611	+	0	adjPval	1253	A	GGACT	ok	True
Curlcake3	624	625	+	0	adjPval	1254	A	GCAAG	ok	False
Curlcake3	625	626	+	8.69073e-263	adjPval	1254	A	CAAGC	ok	False
Curlcake3	630	631	+	0	adjPval	1253	A	GCATT	ok	False
Curlcake3	634	635	+	0	adjPval	1256	A	TGAAA	ok	False
Curlcake3	635	636	+	0	adjPval	1256	A	GAAAC	ok	False
Curlcake3	636	637	+	0	adjPval	1256	A	AAACT	ok	True
Curlcake3	644	645	+	0	adjPval	1255	A	CGAAC	ok	False
Curlcake3	650	651	+	0	adjPval	1255	A	TCAGA	ok	False
Curlcake3	654	655	+	0	adjPval	1258	A	ATAAC	ok	False
Curlcake3	655	656	+	1.01251e-282	adjPval	1258	A	TAACC	ok	True
Curlcake3	674	675	+	0	adjPval	1266	A	GGAAC	ok	False
Curlcake3	675	676	+	0	adjPval	1266	A	GAACT	ok	True
Curlcake3	682	683	+	0	adjPval	1268	A	CGACT	ok	False
Curlcake3	691	692	+	0	adjPval	1265	A	GCACT	ok	False
Curlcake3	695	696	+	0	adjPval	1265	A	TCAAC	ok	False
Curlcake3	696	697	+	0	adjPval	1266	A	CAACA	ok	False
Curlcake3	698	699	+	0	adjPval	1266	A	ACATT	ok	False
Curlcake3	706	707	+	0	adjPval	1269	A	GTACT	ok	False
Curlcake3	715	716	+	0	adjPval	1266	A	GTACC	ok	False
Curlcake3	718	719	+	0	adjPval	1265	A	CCAAT	ok	False
Curlcake3	719	720	+	0	adjPval	1262	A	CAATG	ok	False
Curlcake3	722	723	+	0	adjPval	1265	A	TGAAC	ok	False
Curlcake3	723	724	+	0	adjPval	1265	A	GAACC	ok	True
Curlcake3	729	730	+	0	adjPval	1265	A	TGAAA	ok	False
Curlcake3	730	731	+	0	adjPval	1265	A	GAAAG	ok	False
Curlcake3	734	735	+	0	adjPval	1265	A	GTACA	ok	False
Curlcake3	752	753	+	0	adjPval	1269	A	CCAAC	ok	False
Curlcake3	761	762	+	0	adjPval	1272	A	GTAAG	ok	False
Curlcake3	762	763	+	0	adjPval	1272	A	TAAGG	ok	False
Curlcake3	765	766	+	0	adjPval	1274	A	GGAAA	ok	False
Curlcake3	766	767	+	0	adjPval	1274	A	GAAAC	ok	False
Curlcake3	767	768	+	0	adjPval	1274	A	AAACC	ok	True
Curlcake3	771	772	+	0	adjPval	1278	A	CGACC	ok	False
Curlcake3	778	779	+	0	adjPval	1284	A	GGATC	ok	False
Curlcake3	790	791	+	0	adjPval	1286	A	TGATA	ok	False
Curlcake3	792	793	+	0	adjPval	1287	A	ATAAT	ok	False
Curlcake3	793	794	+	0	adjPval	1289	A	TAATA	ok	False
Curlcake3	795	796	+	0	adjPval	1293	A	ATACT	ok	False
Curlcake3	805	806	+	0	adjPval	1296	A	CTAGA	ok	False
Curlcake3	813	814	+	1.30073e-248	adjPval	1296	A	GTATC	ok	False
Curlcake3	819	820	+	0	adjPval	1296	A	TCAAA	ok	False
Curlcake3	820	821	+	0	adjPval	1296	A	CAAAG	ok	False
Curlcake3	821	822	+	0	adjPval	1296	A	AAAGA	ok	False
Curlcake3	823	824	+	0	adjPval	1296	A	AGAAA	ok	False
Curlcake3	824	825	+	0	adjPval	1297	A	GAAAG	ok	False
Curlcake3	825	826	+	0	adjPval	1297	A	AAAGA	ok	False
Curlcake3	834	835	+	0	adjPval	1314	A	CCAAT	ok	False
Curlcake3	835	836	+	0	adjPval	1314	A	CAATA	ok	False
Curlcake3	841	842	+	0	adjPval	1317	A	GGAAA	ok	False
Curlcake3	842	843	+	0	adjPval	1332	A	GAAAG	ok	False
Curlcake3	843	844	+	0	adjPval	1336	A	AAAGC	ok	False
Curlcake3	852	853	+	0	adjPval	1434	A	TTATG	ok	False
Curlcake3	878	879	+	0	adjPval	1669	A	GGACC	ok	True
Curlcake3	885	886	+	0	adjPval	1807	A	ACATG	ok	False
Curlcake3	912	913	+	8.39168e-261	adjPval	2099	A	CCACC	ok	False
Curlcake3	923	924	+	0	adjPval	2120	A	TTAGA	ok	False
Curlcake3	928	929	+	0	adjPval	2120	A	GCATT	ok	False
Curlcake3	931	932	+	0	adjPval	2120	A	TTAGA	ok	False
Curlcake3	933	934	+	0	adjPval	2122	A	AGAAA	ok	False
Curlcake3	934	935	+	0	adjPval	2124	A	GAAAA	ok	False
Curlcake3	935	936	+	0	adjPval	2149	A	AAAAA	ok	False
Curlcake3	951	952	+	4.15213e-265	adjPval	2216	A	CGATT	ok	False
Curlcake3	957	958	+	0	adjPval	2228	A	GCAGT	ok	False
Curlcake3	963	964	+	0	adjPval	2234	A	ACATC	ok	False
Curlcake3	989	990	+	2.74651e-244	adjPval	2320	A	TTACT	ok	False
Curlcake3	1005	1006	+	0	adjPval	2348	A	GGATA	ok	False
Curlcake3	1034	1035	+	0	adjPval	2381	A	CCAAG	ok	False
Curlcake3	1058	1059	+	6.45418e-142	adjPval	2410	A	CCATT	ok	False
Curlcake3	1074	1075	+	0	adjPval	2401	A	GGAGA	ok	False
Curlcake3	1076	1077	+	0	adjPval	2400	A	AGACC	ok	True
Curlcake3	1093	1094	+	0	adjPval	2382	A	GCAGC	ok	False
Curlcake3	1098	1099	+	0	adjPval	2382	A	TTAAA	ok	False
Curlcake3	1099	1100	+	0	adjPval	2382	A	TAAAA	ok	False
Curlcake3	1100	1101	+	0	adjPval	2383	A	AAAAA	ok	False
Curlcake3	1101	1102	+	0	adjPval	2384	A	AAAAC	ok	False
Curlcake3	1102	1103	+	0	adjPval	2384	A	AAACA	ok	True
Curlcake3	1104	1105	+	0	adjPval	2384	A	ACAAC	ok	False
Curlcake3	1105	1106	+	0	adjPval	2384	A	CAACG	ok	False
Curlcake3	1129	1130	+	0	adjPval	2396	A	GTAGA	ok	False
Curlcake3	1131	1132	+	0	adjPval	2394	A	AGAAT	ok	False
Curlcake3	1136	1137	+	0	adjPval	2393	A	GCAAG	ok	False
Curlcake3	1137	1138	+	0	adjPval	2393	A	CAAGC	ok	False
Curlcake3	1143	1144	+	0	adjPval	2393	A	CGAGC	ok	False
Curlcake3	1147	1148	+	1.30077e-77	adjPval	2394	A	CGATC	ok	False
Curlcake3	1153	1154	+	0	adjPval	2398	A	TGATC	ok	False
Curlcake3	1159	1160	+	0	adjPval	2404	A	CTACC	ok	False
Curlcake3	1163	1164	+	0	adjPval	2404	A	CGATC	ok	False
Curlcake3	1175	1176	+	0	adjPval	2429	A	CCATA	ok	False
Curlcake3	1207	1208	+	0	adjPval	2490	A	GGATA	ok	False
Curlcake3	1209	1210	+	0	adjPval	2486	A	ATAAT	ok	False
Curlcake3	1210	1211	+	0	adjPval	2486	A	TAATA	ok	False
Curlcake3	1237	1238	+	0	adjPval	2444	A	TGAAA	ok	False
Curlcake3	1238	1239	+	0	adjPval	2442	A	GAAAA	ok	False
Curlcake3	1239	1240	+	0	adjPval	2442	A	AAAAT	ok	False
Curlcake3	1240	1241	+	0	adjPval	2442	A	AAATC	ok	False
Curlcake3	1243	1244	+	0	adjPval	2441	A	TCATC	ok	False
Curlcake3	1258	1259	+	0	adjPval	2442	A	GGATC	ok	False
Curlcake3	1275	1276	+	0	adjPval	2412	A	TGACT	ok	True
Curlcake3	1280	1281	+	0	adjPval	2403	A	CCAGC	ok	False
Curlcake3	1288	1289	+	0	adjPval	2396	A	TGAGA	ok	False
Curlcake3	1290	1291	+	0	adjPval	2396	A	AGAGG	ok	False
Curlcake3	1293	1294	+	0	adjPval	2396	A	GGAAT	ok	False
Curlcake3	1294	1295	+	0	adjPval	2395	A	GAATA	ok	False
Curlcake3	1296	1297	+	0	adjPval	2396	A	ATATT	ok	False
Curlcake3	1305	1306	+	0	adjPval	2402	A	GCAAT	ok	False
Curlcake3	1306	1307	+	0	adjPval	2402	A	CAATA	ok	False
Curlcake3	1308	1309	+	0	adjPval	2397	A	ATAAA	ok	False
Curlcake3	1309	1310	+	0	adjPval	2399	A	TAAAG	ok	False
Curlcake3	1310	1311	+	0	adjPval	2399	A	AAAGC	ok	False
Curlcake3	1324	1325	+	0	adjPval	2421	A	CAACC	ok	False
Curlcake3	1329	1330	+	0	adjPval	2422	A	GGAAC	ok	False
Curlcake3	1330	1331	+	0	adjPval	2423	A	GAACA	ok	True
Curlcake3	1332	1333	+	0	adjPval	2426	A	ACAAG	ok	False
Curlcake3	1366	1367	+	1.93871e-71	adjPval	2370	A	GTACG	ok	False
Curlcake3	1383	1384	+	0	adjPval	2296	A	TTAAG	ok	False
Curlcake3	1384	1385	+	0	adjPval	2296	A	TAAGA	ok	False
Curlcake3	1398	1399	+	0	adjPval	2276	A	TTAAC	ok	False
Curlcake3	1399	1400	+	0	adjPval	2272	A	TAACC	ok	True
Curlcake3	1423	1424	+	0	adjPval	2234	A	CTATT	ok	False
Curlcake3	1430	1431	+	0	adjPval	2222	A	GTAAA	ok	False
Curlcake3	1431	1432	+	0	adjPval	2216	A	TAAAT	ok	False
Curlcake3	1432	1433	+	0	adjPval	2216	A	AAATT	ok	False
Curlcake3	1451	1452	+	0	adjPval	2187	A	GGACC	ok	True
Curlcake3	1457	1458	+	0	adjPval	2181	A	TTACA	ok	False
Curlcake3	1459	1460	+	0	adjPval	2177	A	ACAAC	ok	False
Curlcake3	1460	1461	+	0	adjPval	2174	A	CAACC	ok	False
Curlcake3	1465	1466	+	0	adjPval	2172	A	TGAAA	ok	False
Curlcake3	1466	1467	+	0	adjPval	2172	A	GAAAG	ok	False
Curlcake3	1467	1468	+	0	adjPval	2174	A	AAAGA	ok	False
Curlcake3	1476	1477	+	0	adjPval	2169	A	TTAGG	ok	False
Curlcake3	1482	1483	+	0	adjPval	2161	A	ATATG	ok	False
Curlcake3	1485	1486	+	0	adjPval	2159	A	TGAGA	ok	False
Curlcake3	1487	1488	+	0	adjPval	2154	A	AGATA	ok	False
Curlcake3	1489	1490	+	0	adjPval	2153	A	ATAAT	ok	False
Curlcake3	1490	1491	+	0	adjPval	2152	A	TAATC	ok	False
Curlcake3	1494	1495	+	0	adjPval	2151	A	CGAAC	ok	False
Curlcake3	1495	1496	+	0	adjPval	2152	A	GAACT	ok	True
Curlcake3	1499	1500	+	0	adjPval	2151	A	TGATC	ok	False
Curlcake3	1516	1517	+	0	adjPval	2187	A	CTAGC	ok	False
Curlcake3	1529	1530	+	0	adjPval	2220	A	GTACC	ok	False
Curlcake3	1542	1543	+	0	adjPval	2227	A	TGACT	ok	True
Curlcake3	1552	1553	+	0	adjPval	2242	A	CCATT	ok	False
Curlcake3	1557	1558	+	0	adjPval	2238	A	GTACT	ok	False
Curlcake3	1562	1563	+	0	adjPval	2238	A	TCAAC	ok	False
Curlcake3	1587	1588	+	0	adjPval	2204	A	CGACA	ok	False
Curlcake3	1589	1590	+	0	adjPval	2202	A	ACATC	ok	False
Curlcake3	1605	1606	+	0	adjPval	2129	A	GCATC	ok	False
Curlcake3	1608	1609	+	0	adjPval	2129	A	TCACT	ok	False
Curlcake3	1613	1614	+	0	adjPval	2137	A	TGATC	ok	False
Curlcake3	1638	1639	+	0	adjPval	2129	A	CGACT	ok	False
Curlcake3	1644	1645	+	0	adjPval	2114	A	CGAAA	ok	False
Curlcake3	1645	1646	+	0	adjPval	2114	A	GAAAT	ok	False
Curlcake3	1646	1647	+	0	adjPval	2113	A	AAATG	ok	False
Curlcake3	1652	1653	+	0	adjPval	2112	A	TGACT	ok	True
Curlcake3	1658	1659	+	0	adjPval	2113	A	GGAAT	ok	False
Curlcake3	1659	1660	+	0	adjPval	2113	A	GAATG	ok	False
Curlcake3	1662	1663	+	0	adjPval	2119	A	TGAAT	ok	False
Curlcake3	1663	1664	+	0	adjPval	2119	A	GAATG	ok	False
Curlcake3	1686	1687	+	0	adjPval	2099	A	CGAAC	ok	False
Curlcake3	1687	1688	+	0	adjPval	2095	A	GAACC	ok	True
Curlcake3	1702	1703	+	0	adjPval	2076	A	GCAAG	ok	False
Curlcake3	1703	1704	+	0	adjPval	2076	A	CAAGC	ok	False
Curlcake3	1706	1707	+	0	adjPval	2077	A	GCACT	ok	False
Curlcake3	1718	1719	+	2.54838e-40	adjPval	2070	A	CGAAG	ok	False
Curlcake3	1719	1720	+	0	adjPval	2069	A	GAAGA	ok	False
Curlcake3	1721	1722	+	0	adjPval	2068	A	AGACA	ok	True
Curlcake3	1723	1724	+	0	adjPval	2068	A	ACAAT	ok	False
Curlcake3	1724	1725	+	0	adjPval	2070	A	CAATG	ok	False
Curlcake3	1728	1729	+	0	adjPval	2075	A	GTACC	ok	False
Curlcake3	1733	1734	+	0	adjPval	2075	A	GTAGA	ok	False
Curlcake3	1735	1736	+	0	adjPval	2077	A	AGACA	ok	True
Curlcake3	1737	1738	+	0	adjPval	2078	A	ACAGA	ok	False
Curlcake3	1747	1748	+	0	adjPval	2079	A	GCACA	ok	False
Curlcake3	1749	1750	+	0	adjPval	2076	A	ACACC	ok	False
Curlcake3	1752	1753	+	0	adjPval	2077	A	CCAAA	ok	False
Curlcake3	1753	1754	+	0	adjPval	2077	A	CAAAG	ok	False
Curlcake3	1765	1766	+	8.87109e-213	adjPval	2076	A	TCACT	ok	False
Curlcake3	1789	1790	+	0	adjPval	2069	A	GGACC	ok	True
Curlcake3	1796	1797	+	0	adjPval	2073	A	GTAAC	ok	False
Curlcake3	1797	1798	+	0	adjPval	2072	A	TAACA	ok	True
Curlcake3	1799	1800	+	0	adjPval	2072	A	ACAGC	ok	False
Curlcake3	1833	1834	+	0	adjPval	2067	A	CGAGC	ok	False
Curlcake3	1841	1842	+	0	adjPval	2024	A	CGACT	ok	False
Curlcake3	1844	1845	+	0	adjPval	2019	A	CTAAG	ok	False
Curlcake3	1852	1853	+	0	adjPval	2011	A	TCACT	ok	False
Curlcake3	1857	1858	+	0	adjPval	2004	A	TTACT	ok	False
Curlcake3	1867	1868	+	0	adjPval	2001	A	GGACT	ok	True
Curlcake3	1872	1873	+	0	adjPval	2002	A	CGATA	ok	False
Curlcake3	1874	1875	+	0	adjPval	2002	A	ATAAT	ok	False
Curlcake3	1875	1876	+	0	adjPval	2004	A	TAATG	ok	False
Curlcake3	1886	1887	+	0	adjPval	2009	A	TTAAG	ok	False
Curlcake3	1894	1895	+	0	adjPval	2011	A	CTAAG	ok	False
Curlcake3	1905	1906	+	0	adjPval	2029	A	GTACA	ok	False
Curlcake3	1925	1926	+	0	adjPval	2028	A	CCACT	ok	False
Curlcake3	1975	1976	+	0	adjPval	1957	A	TGACG	ok	False
Curlcake3	1978	1979	+	0	adjPval	1955	A	CGAAG	ok	False
Curlcake3	1979	1980	+	0	adjPval	1954	A	GAAGA	ok	False
Curlcake3	1990	1991	+	0	adjPval	1918	A	CGAAT	ok	False
Curlcake3	1991	1992	+	0	adjPval	1913	A	GAATG	ok	False
Curlcake3	1994	1995	+	0	adjPval	1905	A	TGACA	ok	True
Curlcake3	1996	1997	+	3.48898e-240	adjPval	1902	A	ACATA	ok	False
Curlcake3	2010	2011	+	0	adjPval	1850	A	TGATT	ok	False
Curlcake3	2013	2014	+	0	adjPval	1849	A	TTAAG	ok	False
Curlcake3	2014	2015	+	0	adjPval	1849	A	TAAGG	ok	False
Curlcake3	2018	2019	+	4.33582e-168	adjPval	1847	A	GCATC	ok	False
Curlcake3	2041	2042	+	0	adjPval	1811	A	TGAAG	ok	False
Curlcake3	2045	2046	+	0	adjPval	1811	A	GGACC	ok	True
Curlcake3	2049	2050	+	0	adjPval	1810	A	CTACC	ok	False
Curlcake3	2052	2053	+	2.96024e-274	adjPval	1803	A	CCACC	ok	False
Curlcake3	2058	2059	+	0	adjPval	1784	A	TCAAG	ok	False
Curlcake3	2059	2060	+	0	adjPval	1783	A	CAAGA	ok	False
Curlcake3	2068	2069	+	0	adjPval	1776	A	CTAAT	ok	False
Curlcake3	2069	2070	+	0	adjPval	1777	A	TAATA	ok	False
Curlcake3	2071	2072	+	0	adjPval	1773	A	ATACA	ok	False
Curlcake3	2073	2074	+	0	adjPval	1769	A	ACACA	ok	False
Curlcake3	2075	2076	+	0	adjPval	1768	A	ACAAG	ok	False
Curlcake3	2076	2077	+	0	adjPval	1767	A	CAAGA	ok	False
Curlcake3	2087	2088	+	0	adjPval	1766	A	GCAAA	ok	False
Curlcake3	2088	2089	+	0	adjPval	1768	A	CAAAG	ok	False
Curlcake3	2113	2114	+	4.99793e-226	adjPval	1768	A	TCACC	ok	False
Curlcake3	2131	2132	+	0	adjPval	1743	A	GCATA	ok	False
Curlcake3	2133	2134	+	0	adjPval	1738	A	ATAAG	ok	False
Curlcake3	2143	2144	+	0	adjPval	1703	A	CGACC	ok	False
Curlcake3	2157	2158	+	0	adjPval	1699	A	TTAAT	ok	False
Curlcake3	2158	2159	+	0	adjPval	1694	A	TAATA	ok	False
Curlcake3	2160	2161	+	0	adjPval	1684	A	ATAAT	ok	False
Curlcake3	2161	2162	+	0	adjPval	1683	A	TAATG	ok	False
Curlcake3	2175	2176	+	0	adjPval	1670	A	TGAGC	ok	False
Curlcake3	2182	2183	+	0	adjPval	1659	A	CTACC	ok	False
Curlcake3	2192	2193	+	0	adjPval	1653	A	CGAGA	ok	False
Curlcake3	2194	2195	+	0	adjPval	1653	A	AGAAT	ok	False
Curlcake3	2195	2196	+	0	adjPval	1653	A	GAATG	ok	False
Curlcake3	2202	2203	+	0	adjPval	1650	A	CTAAC	ok	False
Curlcake3	2203	2204	+	0	adjPval	1651	A	TAACC	ok	True
Curlcake3	2213	2214	+	0	adjPval	1639	A	TGATA	ok	False
Curlcake3	2215	2216	+	0	adjPval	1640	A	ATACA	ok	False
Curlcake3	2217	2218	+	0	adjPval	1638	A	ACATC	ok	False
Curlcake3	2238	2239	+	0	adjPval	1627	A	CGAGA	ok	False
Curlcake3	2240	2241	+	0	adjPval	1627	A	AGAAA	ok	False
Curlcake3	2241	2242	+	0	adjPval	1627	A	GAAAC	ok	False
Curlcake3	2242	2243	+	0	adjPval	1626	A	AAACT	ok	True
Curlcake3	2245	2246	+	0	adjPval	1625	A	CTAAA	ok	False
Curlcake3	2246	2247	+	0	adjPval	1625	A	TAAAT	ok	False
Curlcake3	2247	2248	+	0	adjPval	1625	A	AAATC	ok	False
Curlcake3	2267	2268	+	0	adjPval	1623	A	CGATT	ok	False
Curlcake3	2272	2273	+	0	adjPval	1624	A	TGAAA	ok	False
Curlcake3	2273	2274	+	0	adjPval	1625	A	GAAAT	ok	False
Curlcake3	2274	2275	+	0	adjPval	1625	A	AAATC	ok	False
Curlcake3	2298	2299	+	0	adjPval	1638	A	GGAAC	ok	False
Curlcake3	2299	2300	+	0	adjPval	1638	A	GAACG	ok	False
Curlcake3	2302	2303	+	0	adjPval	1638	A	CGACC	ok	False
Curlcake3	2308	2309	+	0	adjPval	1641	A	GTAAT	ok	False
Curlcake3	2309	2310	+	0	adjPval	1644	A	TAATG	ok	False
Curlcake3	2326	2327	+	0	adjPval	1649	A	TTAGT	ok	False
Curlcake3	2330	2331	+	0	adjPval	1652	A	TTAAC	ok	False
Curlcake3	2331	2332	+	0	adjPval	1655	A	TAACC	ok	True
Curlcake3	2334	2335	+	0	adjPval	1655	A	CCAGA	ok	False
Curlcake3	2348	2349	+	0	adjPval	1660	A	GCACT	ok	False
Curlcake3	2351	2352	+	0	adjPval	1659	A	CTAAT	ok	False
Curlcake3	2352	2353	+	0	adjPval	1659	A	TAATT	ok	False
Curlcake3	2367	2368	+	0	adjPval	1657	A	TGACA	ok	True
Curlcake3	2369	2370	+	0	adjPval	1657	A	ACATT	ok	False
Curlcake3	2376	2377	+	0	adjPval	1656	A	GCAGA	ok	False
Curlcake3	2378	2379	+	0	adjPval	1656	A	AGAGA	ok	False
Curlcake3	2380	2381	+	0	adjPval	1656	A	AGAAC	ok	False
Curlcake3	2381	2382	+	0	adjPval	1656	A	GAACA	ok	True
Curlcake3	2383	2384	+	0	adjPval	1656	A	ACAGA	ok	False
Curlcake3	2385	2386	+	0	adjPval	1656	A	AGAGG	ok	False
Curlcake3	2401	2402	+	0	adjPval	1656	A	GGAAT	ok	False
Curlcake3	2402	2403	+	0	adjPval	1656	A	GAATT	ok	False
Curlcake3	2414	2415	+	0	adjPval	1631	A	TCAAC	ok	False
Curlcake3	2415	2416	+	0	adjPval	1630	A	CAACT	ok	False
Curlcake3	2425	2426	+	0	adjPval	1610	A	GCAAT	ok	False
Curlcake3	2426	2427	+	0	adjPval	1606	A	CAATA	ok	False
Curlcake3	2428	2429	+	0	adjPval	1590	A	ATAAT	ok	False
Curlcake3	2429	2430	+	0	adjPval	1588	A	TAATA	ok	False
Curlcake3	2447	2448	+	0	adjPval	1570	A	ATAGT	ok	False
Curlcake3	2452	2453	+	0	adjPval	1568	A	CTAAC	ok	False
Curlcake3	2453	2454	+	0	adjPval	1568	A	TAACA	ok	True
Curlcake3	2455	2456	+	0	adjPval	1566	A	ACAGA	ok	False
Curlcake3	2457	2458	+	0	adjPval	1564	A	AGAAG	ok	False
Curlcake3	2485	2486	+	0	adjPval	1443	A	CGATA	ok	False
Curlcake3	2495	2496	+	0	adjPval	1367	A	GTAAA	ok	False
Curlcake3	2496	2497	+	0	adjPval	1362	A	TAAAG	ok	False
Curlcake3	2502	2503	+	0	adjPval	1351	A	CCATG	ok	False
Curlcake3	2516	2517	+	5.21931e-264	adjPval	1255	A	GTACC	ok	False
Curlcake3	2519	2520	+	2.55898e-299	adjPval	1222	A	CCATC	ok	False
Curlcake3	2528	2529	+	0	adjPval	1116	A	GGAAG	ok	False
Curlcake3	2544	2545	+	0	adjPval	897	A	GGAGA	ok	False
Curlcake3	2546	2547	+	0	adjPval	741	A	AGAAT	ok	False
Curlcake3	2547	2548	+	0	adjPval	739	A	GAATA	ok	False
Curlcake3	2549	2550	+	0	adjPval	720	A	ATACA	ok	False
Curlcake3	2551	2552	+	0	adjPval	677	A	ACAAT	ok	False
Curlcake3	2552	2553	+	0	adjPval	652	A	CAATC	ok	False
Curlcake3	2557	2558	+	0	adjPval	524	A	TTAAA	ok	False
Curlcake3	2558	2559	+	0	adjPval	515	A	TAAAT	ok	False
Curlcake3	2559	2560	+	0	adjPval	501	A	AAATT	ok	False
Curlcake3	2571	2572	+	0	adjPval	407	A	GGAAT	ok	False
Curlcake3	2572	2573	+	0	adjPval	407	A	GAATA	ok	False
Curlcake3	2574	2575	+	0	adjPval	392	A	ATATC	ok	False
Curlcake3	2579	2580	+	0	adjPval	379	A	ACATG	ok	False
Curlcake3	2594	2595	+	0	adjPval	292	A	CCATA	ok	False
Curlcake3	2596	2597	+	0	adjPval	248	A	ATAAG	ok	False
Curlcake3	2601	2602	+	0	adjPval	236	A	CCATG	ok	False
Curlcake3	2605	2606	+	0	adjPval	225	A	GGACT	ok	True
Curlcake4	50	51	+	0	adjPval	78	A	CGAAG	ok	False
Curlcake4	55	56	+	0	adjPval	87	A	CGATC	ok	False
Curlcake4	71	72	+	0	adjPval	239	A	CTAAA	ok	False
Curlcake4	72	73	+	0	adjPval	241	A	TAAAC	ok	False
Curlcake4	73	74	+	1.7056e-254	adjPval	244	A	AAACC	ok	True
Curlcake4	91	92	+	3.58216e-218	adjPval	311	A	GGACC	ok	True
Curlcake4	105	106	+	0	adjPval	340	A	TGAGA	ok	False
Curlcake4	107	108	+	1.46199e-313	adjPval	345	A	AGACT	ok	True
Curlcake4	175	176	+	4.87412e-177	adjPval	388	A	CGACT	ok	False
Curlcake4	178	179	+	0	adjPval	388	A	CTAGA	ok	False
Curlcake4	180	181	+	0	adjPval	390	A	AGAAT	ok	False
Curlcake4	184	185	+	2.38042e-225	adjPval	392	A	TGACT	ok	True
Curlcake4	190	191	+	0	adjPval	392	A	TCATC	ok	False
Curlcake4	199	200	+	0	adjPval	392	A	GCATG	ok	False
Curlcake4	204	205	+	0	adjPval	394	A	GCATC	ok	False
Curlcake4	207	208	+	0	adjPval	394	A	TCAAG	ok	False
Curlcake4	214	215	+	0	adjPval	398	A	CCAAC	ok	False
Curlcake4	215	216	+	0	adjPval	398	A	CAACC	ok	False
Curlcake4	257	258	+	0	adjPval	419	A	GTATT	ok	False
Curlcake4	274	275	+	0	adjPval	422	A	CGAAA	ok	False
Curlcake4	275	276	+	0	adjPval	422	A	GAAAC	ok	False
Curlcake4	276	277	+	0	adjPval	422	A	AAACA	ok	True
Curlcake4	278	279	+	0	adjPval	423	A	ACAGC	ok	False
Curlcake4	287	288	+	0	adjPval	429	A	TCAAC	ok	False
Curlcake4	288	289	+	0	adjPval	431	A	CAACA	ok	False
Curlcake4	307	308	+	0	adjPval	453	A	CTACG	ok	False
Curlcake4	311	312	+	5.2872e-281	adjPval	453	A	GAATC	ok	False
Curlcake4	320	321	+	1.97753e-233	adjPval	455	A	CGATT	ok	False
Curlcake4	324	325	+	0	adjPval	456	A	TGATA	ok	False
Curlcake4	326	327	+	0	adjPval	457	A	ATACA	ok	False
Curlcake4	337	338	+	0	adjPval	457	A	GGACA	ok	True
Curlcake4	339	340	+	0	adjPval	457	A	ACAAA	ok	False
Curlcake4	340	341	+	0	adjPval	457	A	CAAAT	ok	False
Curlcake4	341	342	+	0	adjPval	457	A	AAATG	ok	False
Curlcake4	344	345	+	0	adjPval	458	A	TGATC	ok	False
Curlcake4	349	350	+	0	adjPval	461	A	CGACC	ok	False
Curlcake4	352	353	+	0	adjPval	464	A	CCAAG	ok	False
Curlcake4	353	354	+	0	adjPval	468	A	CAAGG	ok	False
Curlcake4	371	372	+	0	adjPval	475	A	GGAAG	ok	False
Curlcake4	379	380	+	0	adjPval	476	A	AGATT	ok	False
Curlcake4	392	393	+	0	adjPval	481	A	GGACA	ok	True
Curlcake4	394	395	+	2.31821e-211	adjPval	482	A	ACATC	ok	False
Curlcake4	399	400	+	0	adjPval	490	A	GGACA	ok	True
Curlcake4	417	418	+	0	adjPval	500	A	CGAAC	ok	False
Curlcake4	418	419	+	0	adjPval	500	A	GAACC	ok	True
Curlcake4	422	423	+	0	adjPval	500	A	CTATG	ok	False
Curlcake4	425	426	+	0	adjPval	501	A	TGACT	ok	True
Curlcake4	431	432	+	1.93748e-153	adjPval	505	A	CCACC	ok	False
Curlcake4	436	437	+	0	adjPval	508	A	CCAAA	ok	False
Curlcake4	437	438	+	0	adjPval	508	A	CAAAG	ok	False
Curlcake4	438	439	+	0	adjPval	508	A	AAAGG	ok	False
Curlcake4	444	445	+	0	adjPval	511	A	CTAAA	ok	False
Curlcake4	445	446	+	0	adjPval	514	A	TAAAC	ok	False
Curlcake4	446	447	+	0	adjPval	514	A	AAACA	ok	True
Curlcake4	448	449	+	0	adjPval	516	A	ACAAA	ok	False
Curlcake4	449	450	+	0	adjPval	516	A	CAAAG	ok	False
Curlcake4	450	451	+	0	adjPval	517	A	AAAGA	ok	False
Curlcake4	452	453	+	0	adjPval	534	A	AGACA	ok	True
Curlcake4	454	455	+	0	adjPval	537	A	ACATT	ok	False
Curlcake4	470	471	+	0	adjPval	595	A	GTAGA	ok	False
Curlcake4	482	483	+	0	adjPval	604	A	TTAAC	ok	False
Curlcake4	483	484	+	2.73392e-229	adjPval	607	A	TAACC	ok	True
Curlcake4	509	510	+	3.88056e-194	adjPval	659	A	CTAAG	ok	False
Curlcake4	522	523	+	0	adjPval	665	A	CTAAT	ok	False
Curlcake4	523	524	+	0	adjPval	666	A	TAATA	ok	False
Curlcake4	542	543	+	0	adjPval	680	A	TCAAT	ok	False
Curlcake4	543	544	+	0	adjPval	680	A	CAATG	ok	False
Curlcake4	546	547	+	0	adjPval	685	A	TGAAT	ok	False
Curlcake4	547	548	+	0	adjPval	687	A	GAATA	ok	False
Curlcake4	549	550	+	5.27569e-281	adjPval	688	A	ATACA	ok	False
Curlcake4	551	552	+	0	adjPval	692	A	ACATT	ok	False
Curlcake4	562	563	+	1.92024e-284	adjPval	731	A	TCACC	ok	False
Curlcake4	570	571	+	0	adjPval	778	A	GTAAG	ok	False
Curlcake4	578	579	+	0	adjPval	821	A	CGAAC	ok	False
Curlcake4	579	580	+	0	adjPval	830	A	GAACC	ok	True
Curlcake4	595	596	+	0	adjPval	867	A	TGATA	ok	False
Curlcake4	597	598	+	0	adjPval	868	A	ATAAA	ok	False
Curlcake4	598	599	+	0	adjPval	874	A	TAAAT	ok	False
Curlcake4	599	600	+	0	adjPval	885	A	AAATC	ok	False
Curlcake4	611	612	+	0	adjPval	974	A	CGAAC	ok	False
Curlcake4	612	613	+	0	adjPval	977	A	GAACG	ok	False
Curlcake4	620	621	+	0	adjPval	993	A	GGAGA	ok	False
Curlcake4	651	652	+	0	adjPval	1031	A	GGAAA	ok	False
Curlcake4	652	653	+	0	adjPval	1031	A	GAAAC	ok	False
Curlcake4	653	654	+	0	adjPval	1031	A	AAACC	ok	True
Curlcake4	656	657	+	0	adjPval	1031	A	CCATG	ok	False
Curlcake4	660	661	+	0	adjPval	1034	A	GGATA	ok	False
Curlcake4	662	663	+	0	adjPval	1039	A	ATAAA	ok	False
Curlcake4	663	664	+	0	adjPval	1043	A	TAAAT	ok	False
Curlcake4	680	681	+	4.46222e-111	adjPval	1055	A	CTACT	ok	False
Curlcake4	684	685	+	0	adjPval	1058	A	TTAAT	ok	False
Curlcake4	721	722	+	0	adjPval	1099	A	CGATC	ok	False
Curlcake4	728	729	+	0	adjPval	1105	A	GTAGA	ok	False
Curlcake4	730	731	+	0	adjPval	1106	A	AGAAT	ok	False
Curlcake4	731	732	+	0	adjPval	1106	A	GAATC	ok	False
Curlcake4	769	770	+	6.69047e-317	adjPval	1133	A	GCACC	ok	False
Curlcake4	773	774	+	0	adjPval	1132	A	CGAGA	ok	False
Curlcake4	775	776	+	0	adjPval	1131	A	AGAAA	ok	False
Curlcake4	776	777	+	0	adjPval	1132	A	GAAAT	ok	False
Curlcake4	777	778	+	0	adjPval	1132	A	AAATT	ok	False
Curlcake4	780	781	+	0	adjPval	1132	A	TTAAA	ok	False
Curlcake4	781	782	+	0	adjPval	1137	A	TAAAC	ok	False
Curlcake4	794	795	+	0	adjPval	1140	A	ACAAC	ok	False
Curlcake4	795	796	+	0	adjPval	1141	A	CAACG	ok	False
Curlcake4	846	847	+	0	adjPval	1182	A	ATACT	ok	False
Curlcake4	853	854	+	0	adjPval	1190	A	TGATT	ok	False
Curlcake4	870	871	+	0	adjPval	1191	A	TCAAT	ok	False
Curlcake4	871	872	+	0	adjPval	1192	A	CAATT	ok	False
Curlcake4	893	894	+	0	adjPval	1190	A	GTAAT	ok	False
Curlcake4	912	913	+	0	adjPval	1200	A	TGAAT	ok	False
Curlcake4	926	927	+	0	adjPval	1192	A	GGAAC	ok	False
Curlcake4	927	928	+	0	adjPval	1192	A	GAACA	ok	True
Curlcake4	929	930	+	0	adjPval	1191	A	ACACT	ok	False
Curlcake4	932	933	+	0	adjPval	1194	A	CTAAC	ok	False
Curlcake4	933	934	+	0	adjPval	1194	A	TAACT	ok	True
Curlcake4	960	961	+	0	adjPval	1212	A	CCAAT	ok	False
Curlcake4	961	962	+	0	adjPval	1205	A	CAATT	ok	False
Curlcake4	967	968	+	0	adjPval	1203	A	GGACA	ok	True
Curlcake4	969	970	+	0	adjPval	1202	A	ACATG	ok	False
Curlcake4	976	977	+	0	adjPval	1201	A	GTAAC	ok	False
Curlcake4	977	978	+	9.19828e-237	adjPval	1201	A	TAACG	ok	False
Curlcake4	982	983	+	0	adjPval	1200	A	TTAAG	ok	False
Curlcake4	985	986	+	0	adjPval	1202	A	AGATT	ok	False
Curlcake4	991	992	+	0	adjPval	1203	A	GTAAG	ok	False
Curlcake4	992	993	+	0	adjPval	1203	A	TAAGA	ok	False
Curlcake4	994	995	+	0	adjPval	1208	A	AGACA	ok	True
Curlcake4	996	997	+	0	adjPval	1211	A	ACAGC	ok	False
Curlcake4	1011	1012	+	3.82567e-141	adjPval	1221	A	GCACA	ok	False
Curlcake4	1013	1014	+	1.18576e-322	adjPval	1221	A	ACATC	ok	False
Curlcake4	1019	1020	+	0	adjPval	1226	A	GCAAG	ok	False
Curlcake4	1040	1041	+	0	adjPval	1237	A	TGAAT	ok	False
Curlcake4	1041	1042	+	0	adjPval	1237	A	GAATG	ok	False
Curlcake4	1055	1056	+	0	adjPval	1243	A	CTAAG	ok	False
Curlcake4	1062	1063	+	0	adjPval	1238	A	GCAGG	ok	False
Curlcake4	1065	1066	+	0	adjPval	1236	A	GGAAT	ok	False
Curlcake4	1066	1067	+	0	adjPval	1236	A	GAATA	ok	False
Curlcake4	1071	1072	+	4.71081e-108	adjPval	1235	A	GTATA	ok	False
Curlcake4	1096	1097	+	0	adjPval	1226	A	AGATC	ok	False
Curlcake4	1099	1100	+	0	adjPval	1225	A	TCACC	ok	False
Curlcake4	1104	1105	+	0	adjPval	1228	A	TCATT	ok	False
Curlcake4	1131	1132	+	7.06153e-92	adjPval	1230	A	CCACG	ok	False
Curlcake4	1136	1137	+	1.96573e-176	adjPval	1216	A	GTACA	ok	False
Curlcake4	1138	1139	+	0	adjPval	1205	A	ACACC	ok	False
Curlcake4	1144	1145	+	0	adjPval	1199	A	CCACA	ok	False
Curlcake4	1152	1153	+	0	adjPval	1176	A	CGAGA	ok	False
Curlcake4	1154	1155	+	0	adjPval	1176	A	AGACT	ok	True
Curlcake4	1175	1176	+	0	adjPval	1159	A	GGAAC	ok	False
Curlcake4	1176	1177	+	0	adjPval	1159	A	GAACA	ok	True
Curlcake4	1178	1179	+	0	adjPval	1159	A	ACATC	ok	False
Curlcake4	1194	1195	+	0	adjPval	1162	A	CCAAT	ok	False
Curlcake4	1203	1204	+	0	adjPval	1152	A	CGATT	ok	False
Curlcake4	1206	1207	+	0	adjPval	1131	A	TTAGA	ok	False
Curlcake4	1211	1212	+	1.77221e-320	adjPval	1123	A	GCACC	ok	False
Curlcake4	1221	1222	+	1.22805e-114	adjPval	1116	A	TTACT	ok	False
Curlcake4	1234	1235	+	0	adjPval	1106	A	GTAAC	ok	False
Curlcake4	1235	1236	+	0	adjPval	1100	A	TAACA	ok	True
Curlcake4	1237	1238	+	0	adjPval	1100	A	ACATT	ok	False
Curlcake4	1243	1244	+	0	adjPval	1101	A	GTATG	ok	False
Curlcake4	1249	1250	+	0	adjPval	1098	A	CTAAG	ok	False
Curlcake4	1250	1251	+	0	adjPval	1097	A	TAAGA	ok	False
Curlcake4	1252	1253	+	0	adjPval	1097	A	AGATC	ok	False
Curlcake4	1260	1261	+	0	adjPval	1093	A	TGAAA	ok	False
Curlcake4	1261	1262	+	0	adjPval	1094	A	GAAAT	ok	False
Curlcake4	1262	1263	+	0	adjPval	1094	A	AAATA	ok	False
Curlcake4	1264	1265	+	0	adjPval	1092	A	ATAAA	ok	False
Curlcake4	1265	1266	+	0	adjPval	1094	A	TAAAT	ok	False
Curlcake4	1266	1267	+	0	adjPval	1095	A	AAATA	ok	False
Curlcake4	1268	1269	+	0	adjPval	1097	A	ATACA	ok	False
Curlcake4	1270	1271	+	0	adjPval	1099	A	ACAAG	ok	False
Curlcake4	1285	1286	+	0	adjPval	1119	A	CGAGA	ok	False
Curlcake4	1290	1291	+	0	adjPval	1131	A	CGAAA	ok	False
Curlcake4	1291	1292	+	0	adjPval	1131	A	GAAAC	ok	False
Curlcake4	1292	1293	+	0	adjPval	1131	A	AAACG	ok	False
Curlcake4	1298	1299	+	0	adjPval	1137	A	GTACA	ok	False
Curlcake4	1300	1301	+	0	adjPval	1137	A	ACATC	ok	False
Curlcake4	1319	1320	+	0	adjPval	1161	A	CGAAG	ok	False
Curlcake4	1320	1321	+	0	adjPval	1161	A	GAAGC	ok	False
Curlcake4	1345	1346	+	0	adjPval	1179	A	GCAAC	ok	False
Curlcake4	1346	1347	+	0	adjPval	1179	A	CAACA	ok	False
Curlcake4	1348	1349	+	0	adjPval	1180	A	ACACT	ok	False
Curlcake4	1351	1352	+	0	adjPval	1181	A	CTACA	ok	False
Curlcake4	1353	1354	+	0	adjPval	1183	A	ACAAG	ok	False
Curlcake4	1370	1371	+	0	adjPval	1201	A	CTAAG	ok	False
Curlcake4	1381	1382	+	0	adjPval	1191	A	CTAGA	ok	False
Curlcake4	1383	1384	+	0	adjPval	1187	A	AGACA	ok	True
Curlcake4	1385	1386	+	0	adjPval	1189	A	ACAAG	ok	False
Curlcake4	1398	1399	+	2.10175e-122	adjPval	1194	A	CGATA	ok	False
Curlcake4	1400	1401	+	0	adjPval	1194	A	ATAAC	ok	False
Curlcake4	1401	1402	+	0	adjPval	1194	A	TAACT	ok	True
Curlcake4	1404	1405	+	0	adjPval	1193	A	CTAAA	ok	False
Curlcake4	1405	1406	+	0	adjPval	1194	A	TAAAG	ok	False
Curlcake4	1406	1407	+	0	adjPval	1194	A	AAAGC	ok	False
Curlcake4	1463	1464	+	0	adjPval	1228	A	CTAGA	ok	False
Curlcake4	1465	1466	+	0	adjPval	1227	A	AGAGA	ok	False
Curlcake4	1467	1468	+	0	adjPval	1228	A	AGACA	ok	True
Curlcake4	1482	1483	+	0	adjPval	1232	A	GTATA	ok	False
Curlcake4	1484	1485	+	0	adjPval	1217	A	ATAAT	ok	False
Curlcake4	1485	1486	+	0	adjPval	1214	A	TAATA	ok	False
Curlcake4	1500	1501	+	0	adjPval	1203	A	CGACC	ok	False
Curlcake4	1505	1506	+	0	adjPval	1200	A	CCAGC	ok	False
Curlcake4	1509	1510	+	0	adjPval	1200	A	CTAAG	ok	False
Curlcake4	1513	1514	+	0	adjPval	1200	A	GGACC	ok	True
Curlcake4	1526	1527	+	0	adjPval	1198	A	CGATA	ok	False
Curlcake4	1528	1529	+	0	adjPval	1199	A	ATATA	ok	False
Curlcake4	1530	1531	+	0	adjPval	1202	A	ATATG	ok	False
Curlcake4	1540	1541	+	0	adjPval	1202	A	CCAAG	ok	False
Curlcake4	1541	1542	+	0	adjPval	1200	A	CAAGC	ok	False
Curlcake4	1549	1550	+	0	adjPval	1199	A	TGAAC	ok	False
Curlcake4	1550	1551	+	0	adjPval	1199	A	GAACA	ok	True
Curlcake4	1552	1553	+	0	adjPval	1199	A	ACAGA	ok	False
Curlcake4	1554	1555	+	0	adjPval	1201	A	AGAGG	ok	False
Curlcake4	1574	1575	+	4.47126e-121	adjPval	1223	A	CTATA	ok	False
Curlcake4	1586	1587	+	0	adjPval	1223	A	GTACT	ok	False
Curlcake4	1590	1591	+	0	adjPval	1221	A	TTACT	ok	False
Curlcake4	1593	1594	+	0	adjPval	1221	A	CTAAA	ok	False
Curlcake4	1594	1595	+	0	adjPval	1222	A	TAAAC	ok	False
Curlcake4	1595	1596	+	0	adjPval	1222	A	AAACG	ok	False
Curlcake4	1598	1599	+	0	adjPval	1223	A	CGAAA	ok	False
Curlcake4	1599	1600	+	0	adjPval	1225	A	GAAAA	ok	False
Curlcake4	1600	1601	+	0	adjPval	1225	A	AAAAG	ok	False
Curlcake4	1601	1602	+	0	adjPval	1226	A	AAAGA	ok	False
Curlcake4	1616	1617	+	0	adjPval	1273	A	GGAGT	ok	False
Curlcake4	1620	1621	+	0	adjPval	1284	A	TCAAG	ok	False
Curlcake4	1621	1622	+	0	adjPval	1284	A	CAAGC	ok	False
Curlcake4	1626	1627	+	0	adjPval	1301	A	CTAAA	ok	False
Curlcake4	1627	1628	+	0	adjPval	1303	A	TAAAC	ok	False
Curlcake4	1636	1637	+	5.83644e-71	adjPval	1306	A	GCAAT	ok	False
Curlcake4	1637	1638	+	0	adjPval	1307	A	CAATG	ok	False
Curlcake4	1640	1641	+	8.2718e-259	adjPval	1312	A	TGACC	ok	True
Curlcake4	1646	1647	+	0	adjPval	1315	A	CTAGC	ok	False
Curlcake4	1650	1651	+	0	adjPval	1316	A	CTACT	ok	False
Curlcake4	1662	1663	+	0	adjPval	1343	A	TGACA	ok	True
Curlcake4	1664	1665	+	0	adjPval	1349	A	ACATT	ok	False
Curlcake4	1674	1675	+	0	adjPval	1377	A	GTAGA	ok	False
Curlcake4	1676	1677	+	0	adjPval	1383	A	AGAAC	ok	False
Curlcake4	1677	1678	+	0	adjPval	1386	A	GAACT	ok	True
Curlcake4	1690	1691	+	1.82818e-99	adjPval	1404	A	GTACC	ok	False
Curlcake4	1699	1700	+	1.50369e-301	adjPval	1402	A	ACAGG	ok	False
Curlcake4	1703	1704	+	0	adjPval	1403	A	GTACA	ok	False
Curlcake4	1705	1706	+	4.56057e-234	adjPval	1403	A	ACAGC	ok	False
Curlcake4	1708	1709	+	0	adjPval	1402	A	GCAAA	ok	False
Curlcake4	1709	1710	+	0	adjPval	1405	A	CAAAT	ok	False
Curlcake4	1710	1711	+	0	adjPval	1405	A	AAATC	ok	False
Curlcake4	1723	1724	+	0	adjPval	1457	A	TGAGA	ok	False
Curlcake4	1749	1750	+	0	adjPval	1479	A	GCACA	ok	False
Curlcake4	1751	1752	+	0	adjPval	1467	A	ACAAT	ok	False
Curlcake4	1752	1753	+	0	adjPval	1465	A	CAATA	ok	False
Curlcake4	1754	1755	+	0	adjPval	1464	A	ATAGG	ok	False
Curlcake4	1758	1759	+	7.52585e-222	adjPval	1465	A	GCACC	ok	False
Curlcake4	1769	1770	+	0	adjPval	1446	A	TCAAA	ok	False
Curlcake4	1770	1771	+	0	adjPval	1444	A	CAAAG	ok	False
Curlcake4	1771	1772	+	0	adjPval	1444	A	AAAGC	ok	False
Curlcake4	1774	1775	+	0	adjPval	1443	A	GCATT	ok	False
Curlcake4	1778	1779	+	0	adjPval	1446	A	TGAGA	ok	False
Curlcake4	1780	1781	+	0	adjPval	1451	A	AGAGA	ok	False
Curlcake4	1797	1798	+	0	adjPval	1450	A	CGACC	ok	False
Curlcake4	1805	1806	+	5.14658e-284	adjPval	1439	A	TCACG	ok	False
Curlcake4	1809	1810	+	0	adjPval	1434	A	GCAGA	ok	False
Curlcake4	1811	1812	+	0	adjPval	1430	A	AGAAG	ok	False
Curlcake4	1812	1813	+	0	adjPval	1429	A	GAAGA	ok	False
Curlcake4	1822	1823	+	0	adjPval	1430	A	GTATT	ok	False
Curlcake4	1828	1829	+	1.49334e-289	adjPval	1415	A	GCAGC	ok	False
Curlcake4	1832	1833	+	2.40343e-30	adjPval	1407	A	CCAAA	ok	False
Curlcake4	1833	1834	+	0	adjPval	1407	A	CAAAG	ok	False
Curlcake4	1839	1840	+	0	adjPval	1408	A	ATAAC	ok	False
Curlcake4	1840	1841	+	0	adjPval	1408	A	TAACC	ok	True
Curlcake4	1854	1855	+	0	adjPval	1395	A	TCAGA	ok	False
Curlcake4	1856	1857	+	0	adjPval	1395	A	AGAAC	ok	False
Curlcake4	1857	1858	+	0	adjPval	1395	A	GAACA	ok	True
Curlcake4	1859	1860	+	0	adjPval	1396	A	ACAGC	ok	False
Curlcake4	1865	1866	+	0	adjPval	1401	A	GGACT	ok	True
Curlcake4	1869	1870	+	0	adjPval	1404	A	TCAAG	ok	False
Curlcake4	1873	1874	+	0	adjPval	1405	A	GCATA	ok	False
Curlcake4	1879	1880	+	0	adjPval	1415	A	GGACA	ok	True
Curlcake4	1896	1897	+	0	adjPval	1415	A	CCAAG	ok	False
Curlcake4	1897	1898	+	0	adjPval	1410	A	CAAGA	ok	False
Curlcake4	1899	1900	+	0	adjPval	1407	A	AGAAG	ok	False
Curlcake4	1900	1901	+	0	adjPval	1407	A	GAAGG	ok	False
Curlcake4	1911	1912	+	0	adjPval	1402	A	CGATT	ok	False
Curlcake4	1918	1919	+	0	adjPval	1394	A	CGACC	ok	False
Curlcake4	1930	1931	+	0	adjPval	1393	A	CTATA	ok	False
Curlcake4	1932	1933	+	0	adjPval	1384	A	ATAAT	ok	False
Curlcake4	1933	1934	+	0	adjPval	1382	A	TAATG	ok	False
Curlcake4	1936	1937	+	0	adjPval	1383	A	TGACA	ok	True
Curlcake4	1938	1939	+	0	adjPval	1383	A	ACAAG	ok	False
Curlcake4	1939	1940	+	0	adjPval	1385	A	CAAGA	ok	False
Curlcake4	1948	1949	+	0	adjPval	1388	A	TCAGA	ok	False
Curlcake4	1973	1974	+	0	adjPval	1384	A	GGACT	ok	True
Curlcake4	2006	2007	+	0	adjPval	1371	A	CCAAG	ok	False
Curlcake4	2019	2020	+	0	adjPval	1335	A	GCAAC	ok	False
Curlcake4	2020	2021	+	0	adjPval	1329	A	CAACT	ok	False
Curlcake4	2037	2038	+	0	adjPval	1319	A	GTACA	ok	False
Curlcake4	2039	2040	+	0	adjPval	1308	A	ACAAT	ok	False
Curlcake4	2040	2041	+	0	adjPval	1304	A	CAATG	ok	False
Curlcake4	2047	2048	+	0	adjPval	1296	A	ACAGT	ok	False
Curlcake4	2051	2052	+	0	adjPval	1284	A	TTAAG	ok	False
Curlcake4	2055	2056	+	3.16919e-28	adjPval	1284	A	GCAGC	ok	False
Curlcake4	2065	2066	+	0	adjPval	1272	A	TCAAT	ok	False
Curlcake4	2070	2071	+	0	adjPval	1272	A	CGAGA	ok	False
Curlcake4	2090	2091	+	0	adjPval	1272	A	CGAGA	ok	False
Curlcake4	2117	2118	+	0	adjPval	1124	A	GTAAA	ok	False
Curlcake4	2118	2119	+	0	adjPval	1115	A	TAAAA	ok	False
Curlcake4	2119	2120	+	0	adjPval	1114	A	AAAAT	ok	False
Curlcake4	2120	2121	+	0	adjPval	1114	A	AAATC	ok	False
Curlcake4	2127	2128	+	0	adjPval	1110	A	TGACT	ok	True
Curlcake4	2131	2132	+	0	adjPval	1109	A	TCAAA	ok	False
Curlcake4	2132	2133	+	0	adjPval	1109	A	CAAAC	ok	False
Curlcake4	2133	2134	+	0	adjPval	1109	A	AAACG	ok	False
Curlcake4	2136	2137	+	3.08624e-278	adjPval	1109	A	CGACT	ok	False
Curlcake4	2139	2140	+	5.03311e-115	adjPval	1109	A	CTATA	ok	False
Curlcake4	2141	2142	+	4.37761e-268	adjPval	1106	A	ATAGG	ok	False
Curlcake4	2161	2162	+	0	adjPval	1053	A	TTAAT	ok	False
Curlcake4	2162	2163	+	0	adjPval	1052	A	TAATT	ok	False
Curlcake4	2165	2166	+	0	adjPval	1044	A	TTAAA	ok	False
Curlcake4	2166	2167	+	0	adjPval	1044	A	TAAAG	ok	False
Curlcake4	2178	2179	+	0	adjPval	1041	A	CCAAT	ok	False
Curlcake4	2179	2180	+	0	adjPval	1039	A	CAATT	ok	False
Curlcake4	2185	2186	+	0	adjPval	1027	A	TCATA	ok	False
Curlcake4	2187	2188	+	0	adjPval	1027	A	ATAGC	ok	False
Curlcake4	2192	2193	+	0	adjPval	1022	A	TTAAG	ok	False
Curlcake4	2212	2213	+	0	adjPval	1003	A	TGAAG	ok	False
Curlcake4	2213	2214	+	0	adjPval	1003	A	GAAGA	ok	False
Curlcake4	2215	2216	+	0	adjPval	1003	A	AGAAA	ok	False
Curlcake4	2216	2217	+	0	adjPval	1003	A	GAAAA	ok	False
Curlcake4	2217	2218	+	0	adjPval	1004	A	AAAAA	ok	False
Curlcake4	2218	2219	+	0	adjPval	1004	A	AAAAC	ok	False
Curlcake4	2219	2220	+	0	adjPval	1004	A	AAACA	ok	True
Curlcake4	2221	2222	+	0	adjPval	1004	A	ACAAT	ok	False
Curlcake4	2222	2223	+	0	adjPval	1006	A	CAATT	ok	False
Curlcake4	2232	2233	+	0	adjPval	1011	A	CGAAT	ok	False
Curlcake4	2240	2241	+	0	adjPval	1013	A	GCACA	ok	False
Curlcake4	2242	2243	+	0	adjPval	1012	A	ACACT	ok	False
Curlcake4	2250	2251	+	0	adjPval	1009	A	CCATA	ok	False
Curlcake4	2254	2255	+	0	adjPval	1009	A	AGAGA	ok	False
Curlcake4	2256	2257	+	0	adjPval	1008	A	AGACA	ok	True
Curlcake4	2258	2259	+	0	adjPval	1006	A	ACAGG	ok	False
Curlcake4	2277	2278	+	0	adjPval	1010	A	ATAAA	ok	False
Curlcake4	2278	2279	+	0	adjPval	1010	A	TAAAT	ok	False
Curlcake4	2279	2280	+	0	adjPval	1010	A	AAATC	ok	False
Curlcake4	2282	2283	+	0	adjPval	1010	A	TCACT	ok	False
Curlcake4	2306	2307	+	0	adjPval	1013	A	CGAAT	ok	False
Curlcake4	2307	2308	+	0	adjPval	1013	A	GAATG	ok	False
Curlcake4	2316	2317	+	0	adjPval	1016	A	GTACA	ok	False
Curlcake4	2318	2319	+	0	adjPval	1015	A	ACACT	ok	False
Curlcake4	2321	2322	+	0	adjPval	1015	A	CTAAG	ok	False
Curlcake4	2322	2323	+	0	adjPval	1015	A	TAAGC	ok	False
Curlcake4	2327	2328	+	0	adjPval	1015	A	TTACG	ok	False
Curlcake4	2337	2338	+	0	adjPval	1020	A	GTACT	ok	False
Curlcake4	2346	2347	+	0	adjPval	1014	A	GCAAT	ok	False
Curlcake4	2347	2348	+	0	adjPval	1012	A	CAATA	ok	False
Curlcake4	2349	2350	+	0	adjPval	1010	A	ATAAG	ok	False
Curlcake4	2353	2354	+	0	adjPval	1013	A	GTAAC	ok	False
Curlcake4	2354	2355	+	0	adjPval	1011	A	TAACA	ok	True
Curlcake4	2356	2357	+	0	adjPval	1012	A	ACATA	ok	False
Curlcake4	2365	2366	+	0	adjPval	1011	A	CCAAT	ok	False
Curlcake4	2366	2367	+	0	adjPval	1011	A	CAATG	ok	False
Curlcake4	2416	2417	+	0	adjPval	999	A	TGAGT	ok	False
Curlcake4	2420	2421	+	0	adjPval	996	A	TCAAG	ok	False
Curlcake4	2421	2422	+	0	adjPval	996	A	CAAGA	ok	False
Curlcake4	2423	2424	+	0	adjPval	996	A	AGAAA	ok	False
Curlcake4	2424	2425	+	0	adjPval	995	A	GAAAT	ok	False
Curlcake4	2425	2426	+	0	adjPval	995	A	AAATC	ok	False
Curlcake4	2435	2436	+	0	adjPval	995	A	GTAAG	ok	False
Curlcake4	2445	2446	+	0	adjPval	995	A	CGAAG	ok	False
Curlcake4	2449	2450	+	0	adjPval	995	A	GTAAG	ok	False
Curlcake4	2467	2468	+	0	adjPval	983	A	CGACC	ok	False
Curlcake4	2479	2480	+	0	adjPval	974	A	CCACA	ok	False
Curlcake4	2481	2482	+	0	adjPval	968	A	ACAAT	ok	False
Curlcake4	2482	2483	+	0	adjPval	966	A	CAATC	ok	False
Curlcake4	2485	2486	+	0	adjPval	965	A	TCATC	ok	False
Curlcake4	2489	2490	+	0	adjPval	965	A	CCATC	ok	False
Curlcake4	2496	2497	+	0	adjPval	964	A	CGACC	ok	False
Curlcake4	2507	2508	+	0	adjPval	961	A	TTACT	ok	False
Curlcake4	2514	2515	+	5.21252e-206	adjPval	960	A	ATATC	ok	False
Curlcake4	2550	2551	+	0	adjPval	945	A	GTAAT	ok	False
Curlcake4	2551	2552	+	0	adjPval	943	A	TAATC	ok	False
Curlcake4	2577	2578	+	0	adjPval	912	A	CCATC	ok	False
Curlcake4	2587	2588	+	0	adjPval	875	A	TCATT	ok	False
Curlcake4	2590	2591	+	0	adjPval	873	A	TTATA	ok	False
Curlcake4	2592	2593	+	1.38718e-196	adjPval	862	A	ATACT	ok	False
Curlcake4	2604	2605	+	0	adjPval	834	A	GGAGA	ok	False
Curlcake4	2610	2611	+	0	adjPval	817	A	TTACA	ok	False
Curlcake4	2647	2648	+	0	adjPval	555	A	TCACT	ok	False
Curlcake4	2650	2651	+	0	adjPval	524	A	CTACT	ok	False
Curlcake4	2653	2654	+	0	adjPval	508	A	CTATC	ok	False
Curlcake4	2658	2659	+	0	adjPval	485	A	TGACC	ok	True
Curlcake4	2661	2662	+	0	adjPval	484	A	CCACT	ok	False
Curlcake4	2667	2668	+	0	adjPval	479	A	GCAAA	ok	False
Curlcake4	2668	2669	+	0	adjPval	478	A	CAAAC	ok	False
Curlcake4	2669	2670	+	0	adjPval	476	A	AAACA	ok	True
Curlcake4	2671	2672	+	0	adjPval	476	A	ACATC	ok	False
Curlcake4	2675	2676	+	0	adjPval	476	A	CGAAC	ok	False
Curlcake4	2676	2677	+	0	adjPval	475	A	GAACC	ok	True
Curlcake4	2686	2687	+	0	adjPval	448	A	GTACA	ok	False
Curlcake4	2688	2689	+	1.556e-165	adjPval	431	A	ACACT	ok	False
Curlcake4	2695	2696	+	0	adjPval	398	A	TCAGC	ok	False
Curlcake4	2699	2700	+	0	adjPval	368	A	CCAAA	ok	False
Curlcake4	2700	2701	+	0	adjPval	358	A	CAAAC	ok	False
Curlcake4	2701	2702	+	0	adjPval	352	A	AAACA	ok	True
Curlcake4	2713	2714	+	0	adjPval	142	A	GGACA	ok	True
Curlcake4	2715	2716	+	0	adjPval	132	A	ACAGA	ok	False
Curlcake4	2717	2718	+	0	adjPval	109	A	AGACA	ok	True
Curlcake4	2719	2720	+	0	adjPval	107	A	ACAAC	ok	False
Curlcake4	2720	2721	+	2.15102e-298	adjPval	94	A	CAACC	ok	False
Curlcake4	2724	2725	+	0	adjPval	90	A	CGAAC	ok	False
Curlcake4	2725	2726	+	0	adjPval	90	A	GAACA	ok	True
Curlcake4	2727	2728	+	0	adjPval	85	A	ACAAG	ok	False
Curlcake4	2728	2729	+	0	adjPval	84	A	CAAGA	ok	False
