platform	species	dataset_group	sample	tool	family	mode	tp	fp	fn	tn	universe	n_calls_in_universe	ppv_glori_w2	glori_coverage_w2	mcc	precision_ci_lo	precision_ci_hi	n_calls_total
RNA004	Human	RNA004_HeLa_WT	HeLa_RNA004_WT	Dorado_sup@v5.0.0_m6A_DRACH@v1	m6A_DRACH	sup	3653	790	51586	13507484	13563513	4443	0.822192	0.0661308	0.232536	0.810939	0.833677	5001
RNA004	Human	RNA004_HeLa_WT	HeLa_RNA004_WT	Dorado_sup@v5.1.0_m6A_DRACH@v1	m6A_DRACH	sup	3147	681	52095	13507590	13563513	3828	0.8221	0.0569675	0.215808	0.809561	0.834378	4324
RNA004	Human	RNA004_HeLa_WT	HeLa_RNA004_WT	Dorado_hac@v5.1.0_m6A_DRACH@v1	m6A_DRACH	hac	2989	648	52254	13507622	13563513	3637	0.821831	0.0541064	0.210282	0.809733	0.834211	4103
RNA004	Human	RNA004_HeLa_WT	HeLa_RNA004_WT	Dorado_hac@v5.0.0_m6A_DRACH@v1	m6A_DRACH	hac	3210	706	52030	13507567	13563513	3916	0.819714	0.0581101	0.217642	0.807457	0.831984	4423
RNA004	Human	RNA004_HeLa_WT	HeLa_RNA004_WT	Dorado_sup@v5.1.0_inosine_m6A	inosine_m6A	sup	2758	661	52478	13507616	13563513	3419	0.806669	0.0499312	0.200114	0.792044	0.820415	3909
RNA004	Human	RNA004_HeLa_WT	HeLa_RNA004_WT	Dorado_hac@v5.1.0_inosine_m6A	inosine_m6A	hac	2762	678	52474	13507599	13563513	3440	0.802907	0.0500036	0.199787	0.789535	0.815988	3886
RNA004	Human	RNA004_HeLa_WT	HeLa_RNA004_WT	Dorado_sup@v5.0.0_m6A@v1	m6A	sup	3572	1593	51663	13506685	13563513	5165	0.691578	0.0646691	0.210704	0.679187	0.704356	10818
RNA004	Human	RNA004_HeLa_WT	HeLa_RNA004_WT	Dorado_hac@v5.0.0_m6A@v1	m6A	hac	2916	1651	52320	13506626	13563513	4567	0.638494	0.0527917	0.182827	0.62448	0.652075	9603
RNA004	Human	RNA004_HeLa_WT	HeLa_RNA004_WT	m6Anet			13599	14948	41637	13493329	13563513	28547	0.476372	0.246198	0.340589	0.470486	0.482187	31879
RNA004	Human	RNA004_HeLa_WT	HeLa_RNA004_WT	NanoSPA_m6A			77	141	55159	13508136	13563513	218	0.353211	0.00139402	0.0219788	0.288991	0.412844	323
RNA004	Human	RNA004_HeLa_WT	HeLa_RNA004_WT	DRUMMER			13	258	55223	13508019	13563513	271	0.0479705	0.000235354	0.00308113	0.0221402	0.0738007	334
RNA004	Human	RNA004_HeLa_WT	HeLa_RNA004_WT	ELIGOS2_diff			14	465	55225	13507809	13563513	479	0.0292276	0.000253444	0.00234726	0.0146138	0.0438413	780
RNA004	Human	RNA004_HeLa_WT	HeLa_RNA004_WT	ELIGOS2_solo			79	6444	55162	13501828	13563513	6523	0.012111	0.0014301	0.0027685	0.00950483	0.0148705	9389
