species	dataset_group	sample	replicate_tag	tool	precision	recall	f1	mcc	precision_ci_lo	precision_ci_hi	recall_ci_lo	recall_ci_hi	n_calls_in_universe	n_reference_in_universe	universe	window	min_cov
Arabidopsis	Arabidopsis_WT	Arabidopsis_WT_rep1	rep1	CHEUI_m6A	0.0369296	0.0116202	0.0176779	0.016477	0.034369	0.0396054	0.0107608	0.0125154	17574	55851	7248963	2	10
Arabidopsis	Arabidopsis_WT	Arabidopsis_WT_rep1	rep1	DENA	0.271447	0.115275	0.161827	0.172846	0.265803	0.277429	0.11241	0.117924	23570	55502	7248963	2	10
Arabidopsis	Arabidopsis_WT	Arabidopsis_WT_rep1	rep1	DRUMMER	0.838013	0.00696751	0.0138201	0.0760069	0.803456	0.87041	0.006339	0.00761399	463	55687	7248963	2	10
Arabidopsis	Arabidopsis_WT	Arabidopsis_WT_rep1	rep1	ELIGOS2_diff	0.829892	0.0151349	0.0297277	0.111472	0.804326	0.852507	0.0141487	0.0162113	1017	55765	7248963	2	10
Arabidopsis	Arabidopsis_WT	Arabidopsis_WT_rep1	rep1	ELIGOS2_solo	0.215766	0.196811	0.205853	0.200017	0.212407	0.219373	0.193556	0.200345	52404	57451	7248963	2	10
Arabidopsis	Arabidopsis_WT	Arabidopsis_WT_rep1	rep1	EpiNano_Error	0.202781	0.0338577	0.0580269	0.0800642	0.194652	0.21134	0.0323751	0.0354113	9350	55999	7248963	2	10
Arabidopsis	Arabidopsis_WT	Arabidopsis_WT_rep1	rep1	MINES	0.118796	0.139542	0.128336	0.121464	0.116419	0.121343	0.136714	0.142461	65204	55510	7248963	2	10
Arabidopsis	Arabidopsis_WT	Arabidopsis_WT_rep1	rep1	NanoSPA_m6A	0.825023	0.0163384	0.0320423	0.115473	0.801451	0.845875	0.0153146	0.0174157	1103	55697	7248963	2	10
Arabidopsis	Arabidopsis_WT	Arabidopsis_WT_rep1	rep1	Nanocompore	0.875847	0.00696326	0.0138167	0.0777107	0.841986	0.905192	0.00629879	0.00762729	443	55721	7248963	2	10
Arabidopsis	Arabidopsis_WT	Arabidopsis_WT_rep1	rep1	Nanom6A	0.156416	0.0606924	0.0874519	0.0931384	0.151468	0.161453	0.058648	0.0625935	21641	55773	7248963	2	10
Arabidopsis	Arabidopsis_WT	Arabidopsis_WT_rep1	rep1	m6Anet	0.48362	0.10385	0.170984	0.221587	0.474652	0.491915	0.101151	0.106442	11935	55580	7248963	2	10
Arabidopsis	Arabidopsis_WT	Arabidopsis_WT_rep1	rep1	xPore	0.0886155	0.042999	0.0579021	0.0566911	0.0854379	0.0919779	0.0413859	0.0446847	27072	55792	7248963	2	10
Arabidopsis	Arabidopsis_WT	Arabidopsis_WT_rep1	rep1	yanocomp	0.443452	0.0283197	0.0532395	0.110565	0.426969	0.460493	0.0269465	0.029836	3581	56074	7248963	2	10
Arabidopsis	Arabidopsis_WT	Arabidopsis_WT_rep2	rep2	CHEUI_m6A	0.0391259	0.015318	0.0220164	0.0193625	0.0365982	0.0418115	0.0142872	0.0164519	18990	48505	5801434	2	10
Arabidopsis	Arabidopsis_WT	Arabidopsis_WT_rep2	rep2	DENA	0.290491	0.106041	0.155367	0.171466	0.283838	0.297545	0.103237	0.108762	17584	48170	5801434	2	10
Arabidopsis	Arabidopsis_WT	Arabidopsis_WT_rep2	rep2	DRUMMER	0.901173	0.0111387	0.0220054	0.0996847	0.876005	0.921315	0.0101863	0.012029	597	48300	5801434	2	10
Arabidopsis	Arabidopsis_WT	Arabidopsis_WT_rep2	rep2	ELIGOS2_diff	0.858974	0.0221442	0.0431753	0.137166	0.838141	0.876603	0.0208221	0.0235075	1248	48410	5801434	2	10
Arabidopsis	Arabidopsis_WT	Arabidopsis_WT_rep2	rep2	ELIGOS2_solo	0.234499	0.169973	0.197089	0.193807	0.230151	0.238819	0.16674	0.173144	35885	49508	5801434	2	10
Arabidopsis	Arabidopsis_WT	Arabidopsis_WT_rep2	rep2	EpiNano_Error	0.186907	0.0554279	0.0855004	0.097742	0.180263	0.193481	0.0533757	0.0574189	14451	48730	5801434	2	10
Arabidopsis	Arabidopsis_WT	Arabidopsis_WT_rep2	rep2	MINES	0.122327	0.125244	0.123768	0.116351	0.119447	0.125267	0.122191	0.128316	49327	48178	5801434	2	10
Arabidopsis	Arabidopsis_WT	Arabidopsis_WT_rep2	rep2	NanoSPA_m6A	0.846838	0.0177381	0.0347484	0.121875	0.823123	0.867589	0.0165997	0.0189805	1012	48314	5801434	2	10
Arabidopsis	Arabidopsis_WT	Arabidopsis_WT_rep2	rep2	Nanocompore	0.497196	0.0110047	0.0215328	0.0730415	0.46729	0.527103	0.0100945	0.0118942	1070	48343	5801434	2	10
Arabidopsis	Arabidopsis_WT	Arabidopsis_WT_rep2	rep2	Nanom6A	0.157542	0.0646642	0.0916926	0.0961561	0.152355	0.16258	0.0623266	0.0667531	19855	48373	5801434	2	10
Arabidopsis	Arabidopsis_WT	Arabidopsis_WT_rep2	rep2	m6Anet	0.460004	0.0985028	0.16226	0.21008	0.44993	0.469301	0.0957006	0.100973	10326	48222	5801434	2	10
Arabidopsis	Arabidopsis_WT	Arabidopsis_WT_rep2	rep2	xPore	0.092482	0.0718764	0.0808876	0.0747178	0.0895623	0.0955358	0.0694623	0.0740626	37683	48486	5801434	2	10
Arabidopsis	Arabidopsis_WT	Arabidopsis_WT_rep2	rep2	yanocomp	0.237204	0.062966	0.0995155	0.118487	0.229835	0.244956	0.0606641	0.0651462	13031	49090	5801434	2	10
Arabidopsis	Arabidopsis_WT	Arabidopsis_WT_rep3	rep3	CHEUI_m6A	0.0351124	0.0120409	0.0179323	0.016002	0.0327112	0.0375137	0.0111284	0.0129359	19167	55893	7046502	2	10
Arabidopsis	Arabidopsis_WT	Arabidopsis_WT_rep3	rep3	DENA	0.282662	0.110291	0.158671	0.172587	0.276797	0.288665	0.1075	0.112958	21669	55535	7046502	2	10
Arabidopsis	Arabidopsis_WT	Arabidopsis_WT_rep3	rep3	DRUMMER	0.867284	0.00504353	0.0100287	0.0657967	0.830247	0.901235	0.00445122	0.00559993	324	55715	7046502	2	10
Arabidopsis	Arabidopsis_WT	Arabidopsis_WT_rep3	rep3	ELIGOS2_diff	0.832215	0.0111171	0.0219411	0.0956559	0.804027	0.85906	0.0102564	0.012032	745	55770	7046502	2	10
Arabidopsis	Arabidopsis_WT	Arabidopsis_WT_rep3	rep3	ELIGOS2_solo	0.223396	0.18507	0.202435	0.197392	0.219881	0.227206	0.181845	0.188245	47521	57362	7046502	2	10
Arabidopsis	Arabidopsis_WT	Arabidopsis_WT_rep3	rep3	EpiNano_Error	0.244843	0.0243881	0.0443578	0.0750954	0.233538	0.256323	0.0231905	0.0258	5575	55970	7046502	2	10
Arabidopsis	Arabidopsis_WT	Arabidopsis_WT_rep3	rep3	MINES	0.119651	0.132433	0.125718	0.118571	0.117324	0.12214	0.129624	0.135207	61479	55545	7046502	2	10
Arabidopsis	Arabidopsis_WT	Arabidopsis_WT_rep3	rep3	NanoSPA_m6A	0.840678	0.0178071	0.0348755	0.121694	0.818644	0.861864	0.0167835	0.018938	1180	55708	7046502	2	10
Arabidopsis	Arabidopsis_WT	Arabidopsis_WT_rep3	rep3	Nanocompore	0.902041	0.00396541	0.0078961	0.0595202	0.865306	0.934694	0.00342667	0.00446781	245	55732	7046502	2	10
Arabidopsis	Arabidopsis_WT	Arabidopsis_WT_rep3	rep3	Nanom6A	0.257029	0.0913017	0.134741	0.149288	0.25105	0.263109	0.0886552	0.0937489	19741	55574	7046502	2	10
Arabidopsis	Arabidopsis_WT	Arabidopsis_WT_rep3	rep3	m6Anet	0.521843	0.0945188	0.160049	0.219757	0.511713	0.530488	0.0919463	0.0968925	10072	55608	7046502	2	10
Arabidopsis	Arabidopsis_WT	Arabidopsis_WT_rep3	rep3	xPore	0.0804395	0.030203	0.0439165	0.0446849	0.0767602	0.0840232	0.0287682	0.0317096	20935	55756	7046502	2	10
Arabidopsis	Arabidopsis_WT	Arabidopsis_WT_rep3	rep3	yanocomp	0.504373	0.0185403	0.035766	0.0955729	0.482495	0.525279	0.0174861	0.0197197	2058	55986	7046502	2	10
Human	HeLa_WT	HeLa_WT1	rep1	CHEUI_m6A	0.0101515	0.0108183	0.0104743	0.00593287	0.00884872	0.0116091	0.00932039	0.0122607	19209	18025	4068227	2	10
Human	HeLa_WT	HeLa_WT1	rep1	DENA	0.190856	0.17821	0.184316	0.180925	0.184366	0.19693	0.172428	0.183991	16798	17990	4068227	2	10
Human	HeLa_WT	HeLa_WT1	rep1	DRUMMER	0.684358	0.0136172	0.026703	0.0961282	0.639665	0.72905	0.0118942	0.0153415	358	17992	4068227	2	10
Human	HeLa_WT	HeLa_WT1	rep1	ELIGOS2_diff	0.617526	0.0332169	0.0630427	0.142526	0.585567	0.649485	0.030666	0.0358232	970	18033	4068227	2	10
Human	HeLa_WT	HeLa_WT1	rep1	ELIGOS2_solo	0.0557354	0.133363	0.0786155	0.0798994	0.0536459	0.0578013	0.128584	0.138416	43563	18206	4068227	2	10
Human	HeLa_WT	HeLa_WT1	rep1	EpiNano_Error	0.0549306	0.0599736	0.0573414	0.0529803	0.0519546	0.0578058	0.0561736	0.0633894	19825	18158	4068227	2	10
Human	HeLa_WT	HeLa_WT1	rep1	MINES	0.116711	0.200567	0.147557	0.148092	0.113217	0.120205	0.194449	0.206629	30914	17989	4068227	2	10
Human	HeLa_WT	HeLa_WT1	rep1	NanoSPA_m6A	0.865657	0.0476376	0.0903056	0.202506	0.843434	0.886869	0.0443566	0.0506948	990	17990	4068227	2	10
Human	HeLa_WT	HeLa_WT1	rep1	Nanocompore	0.278782	0.016285	0.0307725	0.0664661	0.252117	0.305423	0.0145064	0.0180094	1051	17992	4068227	2	10
Human	HeLa_WT	HeLa_WT1	rep1	Nanom6A	0.213145	0.238855	0.225269	0.221994	0.207737	0.218751	0.232407	0.24536	20160	17990	4068227	2	10
Human	HeLa_WT	HeLa_WT1	rep1	m6Anet	0.405318	0.160145	0.22958	0.252774	0.393641	0.417136	0.154529	0.165481	7108	17990	4068227	2	10
Human	HeLa_WT	HeLa_WT1	rep1	xPore	0.0414326	0.0535774	0.0467287	0.0422904	0.0388591	0.0437497	0.0500832	0.0566833	23315	18030	4068227	2	10
Human	HeLa_WT	HeLa_WT1	rep1	yanocomp	0.0858427	0.0211998	0.0340024	0.0405707	0.0773034	0.0934831	0.0190341	0.0234197	4450	18019	4068227	2	10
Human	HeLa_WT	HeLa_WT2	rep2	CHEUI_m6A	0.0120526	0.0122641	0.0121574	0.00791176	0.01088	0.0132587	0.0110368	0.0134905	29869	29354	6918314	2	10
Human	HeLa_WT	HeLa_WT2	rep2	DENA	0.0842265	0.0475036	0.0607463	0.0602748	0.0802286	0.0883485	0.0449756	0.04986	16515	29282	6918314	2	10
Human	HeLa_WT	HeLa_WT2	rep2	DRUMMER	0.812191	0.0168374	0.0329909	0.116584	0.779242	0.841845	0.0154022	0.018306	607	29280	6918314	2	10
Human	HeLa_WT	HeLa_WT2	rep2	ELIGOS2_diff	0.669681	0.0378239	0.0716035	0.1585	0.64676	0.692586	0.0355752	0.0399363	1659	29373	6918314	2	10
Human	HeLa_WT	HeLa_WT2	rep2	ELIGOS2_solo	0.0800505	0.141142	0.10216	0.101204	0.0778503	0.082289	0.136991	0.145224	52267	29644	6918314	2	10
Human	HeLa_WT	HeLa_WT2	rep2	EpiNano_Error	0.0468864	0.0629735	0.0537521	0.0496333	0.0447958	0.0489764	0.0601317	0.0655777	39713	29568	6918314	2	10
Human	HeLa_WT	HeLa_WT2	rep2	MINES	0.118657	0.239515	0.158696	0.163615	0.116153	0.121263	0.23439	0.244263	59103	29280	6918314	2	10
Human	HeLa_WT	HeLa_WT2	rep2	NanoSPA_m6A	0.868317	0.0526945	0.0993593	0.213342	0.85256	0.8824	0.0500265	0.0550509	1777	29282	6918314	2	10
Human	HeLa_WT	HeLa_WT2	rep2	Nanocompore	0.405846	0.0203845	0.0388192	0.0902078	0.379997	0.428977	0.0187797	0.021956	1471	29287	6918314	2	10
Human	HeLa_WT	HeLa_WT2	rep2	Nanom6A	0.242621	0.145687	0.182055	0.185355	0.236417	0.249104	0.141588	0.14965	17583	29282	6918314	2	10
Human	HeLa_WT	HeLa_WT2	rep2	m6Anet	0.414387	0.187282	0.257973	0.276586	0.406224	0.422397	0.182569	0.191756	13234	29282	6918314	2	10
Human	HeLa_WT	HeLa_WT2	rep2	xPore	0.0453715	0.0600538	0.0516903	0.0475515	0.0432612	0.047328	0.0572947	0.0626776	38857	29357	6918314	2	10
Human	HeLa_WT	HeLa_WT2	rep2	yanocomp	0.122633	0.0273445	0.0447179	0.0560492	0.115447	0.130731	0.0254699	0.0291843	6548	29366	6918314	2	10
Human	HeLa_WT	HeLa_WT3	rep3	CHEUI_m6A	0.0125963	0.0145429	0.0134998	0.00859121	0.0110065	0.0142473	0.012778	0.0165196	16354	14165	3052351	2	10
Human	HeLa_WT	HeLa_WT3	rep3	DENA	0.181683	0.182134	0.181908	0.1781	0.175254	0.188674	0.175619	0.188221	14162	14127	3052351	2	10
Human	HeLa_WT	HeLa_WT3	rep3	DRUMMER	0.590361	0.0104049	0.0204493	0.0779442	0.53012	0.650602	0.00870612	0.0120328	249	14128	3052351	2	10
Human	HeLa_WT	HeLa_WT3	rep3	ELIGOS2_diff	0.549072	0.0292414	0.0555258	0.125948	0.514589	0.587533	0.0265574	0.031996	754	14158	3052351	2	10
Human	HeLa_WT	HeLa_WT3	rep3	ELIGOS2_solo	0.057469	0.124746	0.0786877	0.0783567	0.0549205	0.0600821	0.119004	0.130557	31008	14285	3052351	2	10
Human	HeLa_WT	HeLa_WT3	rep3	EpiNano_Error	0.0418993	0.0479837	0.0447355	0.0400483	0.0390758	0.0449068	0.0444007	0.0513577	16301	14234	3052351	2	10
Human	HeLa_WT	HeLa_WT3	rep3	MINES	0.117003	0.211651	0.150698	0.152129	0.113128	0.120721	0.204996	0.21845	25555	14127	3052351	2	10
Human	HeLa_WT	HeLa_WT3	rep3	NanoSPA_m6A	0.885496	0.0410561	0.0784738	0.190134	0.859542	0.908397	0.037869	0.0441707	655	14127	3052351	2	10
Human	HeLa_WT	HeLa_WT3	rep3	Nanocompore	0.146048	0.0120328	0.0222338	0.0406945	0.126289	0.167547	0.0101925	0.0137316	1164	14128	3052351	2	10
Human	HeLa_WT	HeLa_WT3	rep3	Nanom6A	0.207078	0.241877	0.223129	0.219904	0.200533	0.213199	0.234657	0.249243	16501	14127	3052351	2	10
Human	HeLa_WT	HeLa_WT3	rep3	m6Anet	0.398413	0.152828	0.220915	0.244673	0.384573	0.410791	0.146669	0.158776	5419	14127	3052351	2	10
Human	HeLa_WT	HeLa_WT3	rep3	xPore	0.033628	0.0464525	0.0390134	0.0342586	0.0313283	0.035878	0.0427815	0.0501235	19567	14165	3052351	2	10
Human	HeLa_WT	HeLa_WT3	rep3	yanocomp	0.0582547	0.0174546	0.026861	0.0294385	0.0518868	0.0650943	0.0153346	0.0195764	4240	14151	3052351	2	10
Mouse	Mouse_WT	mESCs_Mettl3_WT	studyA	CHEUI_m6A	0.0142561	0.0131848	0.0136995	0.0106989	0.0125242	0.0161246	0.0113287	0.014977	14450	15624	4936678	2	10
Mouse	Mouse_WT	mESCs_Mettl3_WT	studyA	DENA	0.184512	0.349923	0.241619	0.250899	0.180245	0.189152	0.342536	0.357051	29532	15572	4936678	2	10
Mouse	Mouse_WT	mESCs_Mettl3_WT	studyA	DRUMMER	0.731373	0.023944	0.04637	0.131977	0.694118	0.768676	0.0215689	0.026194	510	15578	4936678	2	10
Mouse	Mouse_WT	mESCs_Mettl3_WT	studyA	ELIGOS2_diff	0.664627	0.0347809	0.0661026	0.15157	0.632803	0.698898	0.0319626	0.0377274	817	15612	4936678	2	10
Mouse	Mouse_WT	mESCs_Mettl3_WT	studyA	ELIGOS2_solo	0.0657499	0.284673	0.106827	0.131182	0.0638944	0.0675483	0.27751	0.29134	69521	16057	4936678	2	10
Mouse	Mouse_WT	mESCs_Mettl3_WT	studyA	EpiNano_Error	0.0911592	0.0946967	0.0928943	0.0899529	0.0871225	0.0953167	0.0901223	0.0990187	16356	15745	4936678	2	10
Mouse	Mouse_WT	mESCs_Mettl3_WT	studyA	MINES	0.10674	0.440234	0.17182	0.212085	0.104528	0.108999	0.432203	0.447749	64212	15569	4936678	2	10
Mouse	Mouse_WT	mESCs_Mettl3_WT	studyA	NanoSPA_m6A	0.52446	0.105983	0.176332	0.234789	0.506989	0.540978	0.101168	0.110672	3148	15578	4936678	2	10
Mouse	Mouse_WT	mESCs_Mettl3_WT	studyA	Nanocompore	0.295207	0.0173919	0.0328485	0.0710059	0.266857	0.32244	0.0154008	0.0195097	918	15582	4936678	2	10
Mouse	Mouse_WT	mESCs_Mettl3_WT	studyA	Nanom6A	0.0975395	0.0640836	0.0773489	0.0767024	0.0919742	0.102717	0.0601065	0.0678042	10242	15589	4936678	2	10
Mouse	Mouse_WT	mESCs_Mettl3_WT	studyA	m6Anet	0.327342	0.477203	0.388316	0.392947	0.320866	0.333774	0.468917	0.48478	22701	15572	4936678	2	10
Mouse	Mouse_WT	mESCs_Mettl3_WT	studyA	xPore	0.0354786	0.0923844	0.0512684	0.0524344	0.0337365	0.0371476	0.0876565	0.0969205	40757	15652	4936678	2	10
Mouse	Mouse_WT	mESCs_Mettl3_WT	studyA	yanocomp	0.102485	0.0571629	0.0733907	0.0743548	0.096413	0.108786	0.0531392	0.0607396	8733	15657	4936678	2	10
Mouse	Mouse_WT	mES_WT	studyB	CHEUI_m6A	0.0121041	0.0201725	0.0151298	0.011882	0.0109988	0.01321	0.0184192	0.0219696	37095	22258	7580810	2	10
Mouse	Mouse_WT	mES_WT	studyB	DENA	0.175348	0.28289	0.2165	0.219848	0.171432	0.179489	0.276883	0.288579	35746	22157	7580810	2	10
Mouse	Mouse_WT	mES_WT	studyB	DRUMMER	0.697979	0.0576819	0.106558	0.200127	0.676679	0.7182	0.0546568	0.0607059	1831	22156	7580810	2	10
Mouse	Mouse_WT	mES_WT	studyB	ELIGOS2_diff	0.587384	0.101655	0.173316	0.243553	0.570831	0.602391	0.09767	0.105101	3868	22350	7580810	2	10
Mouse	Mouse_WT	mES_WT	studyB	ELIGOS2_solo	0.0588345	0.209849	0.0919026	0.106207	0.057234	0.0604105	0.204406	0.215248	80616	22602	7580810	2	10
Mouse	Mouse_WT	mES_WT	studyB	EpiNano_Error	0.0681877	0.0816717	0.0743231	0.0716154	0.0651035	0.0713091	0.0780221	0.085101	26911	22468	7580810	2	10
Mouse	Mouse_WT	mES_WT	studyB	MINES	0.0839869	0.318018	0.132881	0.158855	0.082294	0.0857636	0.311698	0.323977	83894	22156	7580810	2	10
Mouse	Mouse_WT	mES_WT	studyB	NanoSPA_m6A	0.61625	0.0766662	0.136367	0.216686	0.599193	0.63512	0.0730563	0.079826	2757	22161	7580810	2	10
Mouse	Mouse_WT	mES_WT	studyB	Nanocompore	0.516214	0.0703431	0.123814	0.189793	0.498345	0.533752	0.0669162	0.0735458	3022	22177	7580810	2	10
Mouse	Mouse_WT	mES_WT	studyB	Nanom6A	0.180473	0.193799	0.186899	0.184548	0.175892	0.185351	0.188516	0.198989	23793	22157	7580810	2	10
Mouse	Mouse_WT	mES_WT	studyB	m6Anet	0.302173	0.362668	0.329669	0.328897	0.296795	0.308228	0.356077	0.368762	26594	22158	7580810	2	10
Mouse	Mouse_WT	mES_WT	studyB	xPore	0.0644339	0.170915	0.0935863	0.100688	0.0625756	0.0664104	0.165853	0.17562	59208	22321	7580810	2	10
Mouse	Mouse_WT	mES_WT	studyB	yanocomp	0.231707	0.0749037	0.11321	0.130321	0.222284	0.241269	0.071275	0.078174	7216	22322	7580810	2	10
