tool	CHEUI_m6A	DENA	DRUMMER	ELIGOS2_diff	ELIGOS2_solo	EpiNano_Error	MINES	NanoSPA_m6A	Nanocompore	Nanom6A	m6Anet	xPore	yanocomp
CHEUI_m6A	1	0.000358772	0	0	0.000271156	0.00144648	0.000326427	0.00101061	0	0.000249626	0.000773246	0.000148192	0.000395413
DENA	0.000358772	1	0.00224931	0.00804207	0.0276838	0.00973701	0.20719	0.021586	0.00521932	0.121939	0.154146	0.0127063	0.0148517
DRUMMER	0	0.00224931	1	0.311438	0.00743932	0.0494885	0.000795559	0.0131086	0.0151286	0.00219008	0.00705219	0.00709108	0.0472517
ELIGOS2_diff	0	0.00804207	0.311438	1	0.0178947	0.0957113	0.00284013	0.0161209	0.0390244	0.00737804	0.0160376	0.0152626	0.0937766
ELIGOS2_solo	0.000271156	0.0276838	0.00743932	0.0178947	1	0.0339206	0.0164282	0.00743084	0.00174751	0.0105269	0.0263584	0.00911232	0.0104865
EpiNano_Error	0.00144648	0.00973701	0.0494885	0.0957113	0.0339206	1	0.0038738	0.0280477	0.0103683	0.00857168	0.0223652	0.0177125	0.0485593
MINES	0.000326427	0.20719	0.000795559	0.00284013	0.0164282	0.0038738	1	0.00915918	0.00241173	0.190905	0.0966577	0.00854565	0.00645216
NanoSPA_m6A	0.00101061	0.021586	0.0131086	0.0161209	0.00743084	0.0280477	0.00915918	1	0.0351827	0.0125733	0.0692474	0.0159753	0.0267615
Nanocompore	0	0.00521932	0.0151286	0.0390244	0.00174751	0.0103683	0.00241173	0.0351827	1	0.00891247	0.0165264	0.0302634	0.0856397
Nanom6A	0.000249626	0.121939	0.00219008	0.00737804	0.0105269	0.00857168	0.190905	0.0125733	0.00891247	1	0.0868862	0.0204872	0.022303
m6Anet	0.000773246	0.154146	0.00705219	0.0160376	0.0263584	0.0223652	0.0966577	0.0692474	0.0165264	0.0868862	1	0.0276261	0.0369158
xPore	0.000148192	0.0127063	0.00709108	0.0152626	0.00911232	0.0177125	0.00854565	0.0159753	0.0302634	0.0204872	0.0276261	1	0.0451622
yanocomp	0.000395413	0.0148517	0.0472517	0.0937766	0.0104865	0.0485593	0.00645216	0.0267615	0.0856397	0.022303	0.0369158	0.0451622	1
