species	tool	n_sites_consensus	mean_jaccard_to_others	max_jaccard_tool	max_jaccard	kruskal_stress_1
Arabidopsis	CHEUI_m6A	740	0.000414994	EpiNano_Error	0.00144648	0.599856
Arabidopsis	DENA	18778	0.0488091	MINES	0.20719	0.599856
Arabidopsis	DRUMMER	382	0.0386028	ELIGOS2_diff	0.311438	0.599856
Arabidopsis	ELIGOS2_diff	776	0.0519606	DRUMMER	0.311438	0.599856
Arabidopsis	ELIGOS2_solo	39838	0.0141083	EpiNano_Error	0.0339206	0.599856
Arabidopsis	EpiNano_Error	3414	0.0274835	ELIGOS2_diff	0.0957113	0.599856
Arabidopsis	MINES	57485	0.0454654	DENA	0.20719	0.599856
Arabidopsis	NanoSPA_m6A	1241	0.0213504	m6Anet	0.0692474	0.599856
Arabidopsis	Nanocompore	289	0.0208687	yanocomp	0.0856397	0.599856
Arabidopsis	Nanom6A	19295	0.0410768	MINES	0.190905	0.599856
Arabidopsis	m6Anet	9614	0.046716	DENA	0.154146	0.599856
Arabidopsis	xPore	6009	0.0175077	yanocomp	0.0451622	0.599856
Arabidopsis	yanocomp	1790	0.0365463	ELIGOS2_diff	0.0937766	0.599856
Mouse	CHEUI_m6A	203	0.000266539	ELIGOS2_diff	0.00140845	0.576181
Mouse	DENA	14511	0.0590695	MINES	0.219312	0.576181
Mouse	DRUMMER	280	0.0570078	ELIGOS2_diff	0.328836	0.576181
Mouse	ELIGOS2_diff	508	0.0650087	DRUMMER	0.328836	0.576181
Mouse	ELIGOS2_solo	33681	0.0161048	m6Anet	0.043289	0.576181
Mouse	EpiNano_Error	1561	0.0239335	NanoSPA_m6A	0.0564516	0.576181
Mouse	MINES	38462	0.0453637	DENA	0.219312	0.576181
Mouse	NanoSPA_m6A	1583	0.0336641	m6Anet	0.0722344	0.576181
Mouse	Nanocompore	214	0.0356909	yanocomp	0.159509	0.576181
Mouse	Nanom6A	4480	0.0375312	DENA	0.0999073	0.576181
Mouse	m6Anet	11628	0.0587961	DENA	0.198377	0.576181
Mouse	xPore	3118	0.0261039	m6Anet	0.0480455	0.576181
Mouse	yanocomp	542	0.0594223	ELIGOS2_diff	0.16408	0.576181
Human	CHEUI_m6A	2228	0.00341135	xPore	0.0123568	0.569614
Human	DENA	12884	0.070658	MINES	0.275093	0.569614
Human	DRUMMER	288	0.0411219	ELIGOS2_diff	0.218543	0.569614
Human	ELIGOS2_diff	816	0.0506821	DRUMMER	0.218543	0.569614
Human	ELIGOS2_solo	33761	0.0170391	EpiNano_Error	0.0347804	0.569614
Human	EpiNano_Error	10480	0.0175588	ELIGOS2_solo	0.0347804	0.569614
Human	MINES	33268	0.0681777	Nanom6A	0.316836	0.569614
Human	NanoSPA_m6A	1076	0.0307888	ELIGOS2_diff	0.0665163	0.569614
Human	Nanocompore	649	0.0372313	yanocomp	0.111056	0.569614
Human	Nanom6A	16939	0.0787359	MINES	0.316836	0.569614
Human	m6Anet	6714	0.0610209	Nanom6A	0.170593	0.569614
Human	xPore	7849	0.0287232	m6Anet	0.0486786	0.569614
Human	yanocomp	1582	0.0345898	Nanocompore	0.111056	0.569614
