species	dataset_group	tool	stratum	n_calls_sum	universe_sum	pct_of_calls	pct_of_universe	enrichment_calls_vs_universe	n_units_drawn
Arabidopsis	Arabidopsis_WT	CHEUI_m6A	10-19	493	8785611	0.884606	43.7163	0.0202352	3
Arabidopsis	Arabidopsis_WT	CHEUI_m6A	20-49	30496	6701027	54.72	33.3436	1.6411	3
Arabidopsis	Arabidopsis_WT	CHEUI_m6A	>=50	24742	4610261	44.3954	22.9402	1.93527	3
Arabidopsis	Arabidopsis_WT	CHEUI_m6A	pooled>=10	55731	20096899	100	100	1	3
Arabidopsis	Arabidopsis_WT	DENA	10-19	5013	8785611	7.97956	43.7163	0.182531	3
Arabidopsis	Arabidopsis_WT	DENA	20-49	31014	6701027	49.3673	33.3436	1.48056	3
Arabidopsis	Arabidopsis_WT	DENA	>=50	26796	4610261	42.6532	22.9402	1.85932	3
Arabidopsis	Arabidopsis_WT	DENA	pooled>=10	62823	20096899	100	100	1	3
Arabidopsis	Arabidopsis_WT	DRUMMER	10-19	0	8785611	0	43.7163	0	3
Arabidopsis	Arabidopsis_WT	DRUMMER	20-49	20	6701027	1.44509	33.3436	0.0433393	3
Arabidopsis	Arabidopsis_WT	DRUMMER	>=50	1364	4610261	98.5549	22.9402	4.29617	3
Arabidopsis	Arabidopsis_WT	DRUMMER	pooled>=10	1384	20096899	100	100	1	3
Arabidopsis	Arabidopsis_WT	ELIGOS2_diff	10-19	55	8785611	1.82724	43.7163	0.0417978	3
Arabidopsis	Arabidopsis_WT	ELIGOS2_diff	20-49	284	6701027	9.43522	33.3436	0.282969	3
Arabidopsis	Arabidopsis_WT	ELIGOS2_diff	>=50	2671	4610261	88.7375	22.9402	3.86822	3
Arabidopsis	Arabidopsis_WT	ELIGOS2_diff	pooled>=10	3010	20096899	100	100	1	3
Arabidopsis	Arabidopsis_WT	ELIGOS2_solo	10-19	21961	8785611	16.1704	43.7163	0.369894	3
Arabidopsis	Arabidopsis_WT	ELIGOS2_solo	20-49	51592	6701027	37.9884	33.3436	1.1393	3
Arabidopsis	Arabidopsis_WT	ELIGOS2_solo	>=50	62257	4610261	45.8412	22.9402	1.9983	3
Arabidopsis	Arabidopsis_WT	ELIGOS2_solo	pooled>=10	135810	20096899	100	100	1	3
Arabidopsis	Arabidopsis_WT	EpiNano_Error	10-19	532	8785611	1.811	43.7163	0.0414263	3
Arabidopsis	Arabidopsis_WT	EpiNano_Error	20-49	10186	6701027	34.6746	33.3436	1.03992	3
Arabidopsis	Arabidopsis_WT	EpiNano_Error	>=50	18658	4610261	63.5144	22.9402	2.7687	3
Arabidopsis	Arabidopsis_WT	EpiNano_Error	pooled>=10	29376	20096899	100	100	1	3
Arabidopsis	Arabidopsis_WT	m6Anet	10-19	318	8785611	0.983515	43.7163	0.0224977	3
Arabidopsis	Arabidopsis_WT	m6Anet	20-49	15106	6701027	46.7201	33.3436	1.40117	3
Arabidopsis	Arabidopsis_WT	m6Anet	>=50	16909	4610261	52.2964	22.9402	2.27969	3
Arabidopsis	Arabidopsis_WT	m6Anet	pooled>=10	32333	20096899	100	100	1	3
Arabidopsis	Arabidopsis_WT	MINES	10-19	2154	8785611	1.22379	43.7163	0.027994	3
Arabidopsis	Arabidopsis_WT	MINES	20-49	88253	6701027	50.1409	33.3436	1.50376	3
Arabidopsis	Arabidopsis_WT	MINES	>=50	85603	4610261	48.6353	22.9402	2.12009	3
Arabidopsis	Arabidopsis_WT	MINES	pooled>=10	176010	20096899	100	100	1	3
Arabidopsis	Arabidopsis_WT	Nanocompore	10-19	4	8785611	0.227531	43.7163	0.00520473	3
Arabidopsis	Arabidopsis_WT	Nanocompore	20-49	39	6701027	2.21843	33.3436	0.0665324	3
Arabidopsis	Arabidopsis_WT	Nanocompore	>=50	1715	4610261	97.554	22.9402	4.25254	3
Arabidopsis	Arabidopsis_WT	Nanocompore	pooled>=10	1758	20096899	100	100	1	3
Arabidopsis	Arabidopsis_WT	Nanom6A	10-19	0	8785611	0	43.7163	0	3
Arabidopsis	Arabidopsis_WT	Nanom6A	20-49	10337	6701027	16.8803	33.3436	0.506254	3
Arabidopsis	Arabidopsis_WT	Nanom6A	>=50	50900	4610261	83.1197	22.9402	3.62333	3
Arabidopsis	Arabidopsis_WT	Nanom6A	pooled>=10	61237	20096899	100	100	1	3
Arabidopsis	Arabidopsis_WT	NanoSPA_m6A	10-19	221	8785611	6.70713	43.7163	0.153424	3
Arabidopsis	Arabidopsis_WT	NanoSPA_m6A	20-49	1721	6701027	52.2307	33.3436	1.56644	3
Arabidopsis	Arabidopsis_WT	NanoSPA_m6A	>=50	1353	4610261	41.0622	22.9402	1.78997	3
Arabidopsis	Arabidopsis_WT	NanoSPA_m6A	pooled>=10	3295	20096899	100	100	1	3
Arabidopsis	Arabidopsis_WT	xPore	10-19	217	8785611	0.253238	43.7163	0.00579278	3
Arabidopsis	Arabidopsis_WT	xPore	20-49	15132	6701027	17.659	33.3436	0.529607	3
Arabidopsis	Arabidopsis_WT	xPore	>=50	70341	4610261	82.0878	22.9402	3.57834	3
Arabidopsis	Arabidopsis_WT	xPore	pooled>=10	85690	20096899	100	100	1	3
Arabidopsis	Arabidopsis_WT	yanocomp	10-19	7	8785611	0.0374933	43.7163	0.000857651	3
Arabidopsis	Arabidopsis_WT	yanocomp	20-49	107	6701027	0.573112	33.3436	0.0171881	3
Arabidopsis	Arabidopsis_WT	yanocomp	>=50	18556	4610261	99.3894	22.9402	4.33255	3
Arabidopsis	Arabidopsis_WT	yanocomp	pooled>=10	18670	20096899	100	100	1	3
Mouse	Mouse_WT	CHEUI_m6A	10-19	98	2943853	0.264187	38.833	0.00680315	1
Mouse	Mouse_WT	CHEUI_m6A	20-49	16651	2651578	44.8875	34.9775	1.28332	1
Mouse	Mouse_WT	CHEUI_m6A	>=50	20346	1985379	54.8484	26.1895	2.09429	1
Mouse	Mouse_WT	CHEUI_m6A	pooled>=10	37095	7580810	100	100	1	1
Mouse	Mouse_WT	DENA	10-19	1696	2943853	4.74459	38.833	0.122179	1
Mouse	Mouse_WT	DENA	20-49	17426	2651578	48.7495	34.9775	1.39374	1
Mouse	Mouse_WT	DENA	>=50	16624	1985379	46.5059	26.1895	1.77574	1
Mouse	Mouse_WT	DENA	pooled>=10	35746	7580810	100	100	1	1
Mouse	Mouse_WT	DRUMMER	10-19	23	2943853	1.25614	38.833	0.0323474	1
Mouse	Mouse_WT	DRUMMER	20-49	374	2651578	20.426	34.9775	0.583975	1
Mouse	Mouse_WT	DRUMMER	>=50	1434	1985379	78.3179	26.1895	2.99043	1
Mouse	Mouse_WT	DRUMMER	pooled>=10	1831	7580810	100	100	1	1
Mouse	Mouse_WT	ELIGOS2_diff	10-19	337	2943853	8.71251	38.833	0.224359	1
Mouse	Mouse_WT	ELIGOS2_diff	20-49	1302	2651578	33.6608	34.9775	0.962356	1
Mouse	Mouse_WT	ELIGOS2_diff	>=50	2229	1985379	57.6267	26.1895	2.20037	1
Mouse	Mouse_WT	ELIGOS2_diff	pooled>=10	3868	7580810	100	100	1	1
Mouse	Mouse_WT	ELIGOS2_solo	10-19	8475	2943853	10.5128	38.833	0.270719	1
Mouse	Mouse_WT	ELIGOS2_solo	20-49	30689	2651578	38.0681	34.9775	1.08836	1
Mouse	Mouse_WT	ELIGOS2_solo	>=50	41452	1985379	51.4191	26.1895	1.96334	1
Mouse	Mouse_WT	ELIGOS2_solo	pooled>=10	80616	7580810	100	100	1	1
Mouse	Mouse_WT	EpiNano_Error	10-19	2470	2943853	9.1784	38.833	0.236356	1
Mouse	Mouse_WT	EpiNano_Error	20-49	13255	2651578	49.255	34.9775	1.40819	1
Mouse	Mouse_WT	EpiNano_Error	>=50	11186	1985379	41.5666	26.1895	1.58715	1
Mouse	Mouse_WT	EpiNano_Error	pooled>=10	26911	7580810	100	100	1	1
Mouse	Mouse_WT	m6Anet	10-19	74	2943853	0.278258	38.833	0.00716552	1
Mouse	Mouse_WT	m6Anet	20-49	12423	2651578	46.7135	34.9775	1.33553	1
Mouse	Mouse_WT	m6Anet	>=50	14097	1985379	53.0082	26.1895	2.02402	1
Mouse	Mouse_WT	m6Anet	pooled>=10	26594	7580810	100	100	1	1
Mouse	Mouse_WT	MINES	10-19	51	2943853	0.060791	38.833	0.00156545	1
Mouse	Mouse_WT	MINES	20-49	39117	2651578	46.6267	34.9775	1.33305	1
Mouse	Mouse_WT	MINES	>=50	44726	1985379	53.3125	26.1895	2.03564	1
Mouse	Mouse_WT	MINES	pooled>=10	83894	7580810	100	100	1	1
Mouse	Mouse_WT	Nanocompore	10-19	94	2943853	3.11052	38.833	0.0801001	1
Mouse	Mouse_WT	Nanocompore	20-49	554	2651578	18.3322	34.9775	0.524115	1
Mouse	Mouse_WT	Nanocompore	>=50	2374	1985379	78.5572	26.1895	2.99957	1
Mouse	Mouse_WT	Nanocompore	pooled>=10	3022	7580810	100	100	1	1
Mouse	Mouse_WT	Nanom6A	10-19	0	2943853	0	38.833	0	1
Mouse	Mouse_WT	Nanom6A	20-49	2706	2651578	11.3731	34.9775	0.325155	1
Mouse	Mouse_WT	Nanom6A	>=50	21087	1985379	88.6269	26.1895	3.38406	1
Mouse	Mouse_WT	Nanom6A	pooled>=10	23793	7580810	100	100	1	1
Mouse	Mouse_WT	NanoSPA_m6A	10-19	27	2943853	0.979325	38.833	0.0252189	1
Mouse	Mouse_WT	NanoSPA_m6A	20-49	1726	2651578	62.6043	34.9775	1.78984	1
Mouse	Mouse_WT	NanoSPA_m6A	>=50	1004	1985379	36.4164	26.1895	1.39049	1
Mouse	Mouse_WT	NanoSPA_m6A	pooled>=10	2757	7580810	100	100	1	1
Mouse	Mouse_WT	xPore	10-19	118	2943853	0.199297	38.833	0.00513217	1
Mouse	Mouse_WT	xPore	20-49	18767	2651578	31.6967	34.9775	0.906203	1
Mouse	Mouse_WT	xPore	>=50	40323	1985379	68.104	26.1895	2.60043	1
Mouse	Mouse_WT	xPore	pooled>=10	59208	7580810	100	100	1	1
Mouse	Mouse_WT	yanocomp	10-19	3	2943853	0.0415743	38.833	0.00107059	1
Mouse	Mouse_WT	yanocomp	20-49	7	2651578	0.0970067	34.9775	0.0027734	1
Mouse	Mouse_WT	yanocomp	>=50	7206	1985379	99.8614	26.1895	3.81303	1
Mouse	Mouse_WT	yanocomp	pooled>=10	7216	7580810	100	100	1	1
Human	HeLa_WT	CHEUI_m6A	10-19	27	6446757	0.0412642	45.9207	0.000898597	3
Human	HeLa_WT	CHEUI_m6A	20-49	21748	4877463	33.2376	34.7425	0.956683	3
Human	HeLa_WT	CHEUI_m6A	>=50	43657	2714672	66.7212	19.3368	3.45048	3
Human	HeLa_WT	CHEUI_m6A	pooled>=10	65432	14038892	100	100	1	3
Human	HeLa_WT	DENA	10-19	2458	6446757	5.17746	45.9207	0.112748	3
Human	HeLa_WT	DENA	20-49	22005	4877463	46.3507	34.7425	1.33412	3
Human	HeLa_WT	DENA	>=50	23012	2714672	48.4718	19.3368	2.50671	3
Human	HeLa_WT	DENA	pooled>=10	47475	14038892	100	100	1	3
Human	HeLa_WT	DRUMMER	10-19	1	6446757	0.0823723	45.9207	0.0017938	3
Human	HeLa_WT	DRUMMER	20-49	237	4877463	19.5222	34.7425	0.561912	3
Human	HeLa_WT	DRUMMER	>=50	976	2714672	80.3954	19.3368	4.15764	3
Human	HeLa_WT	DRUMMER	pooled>=10	1214	14038892	100	100	1	3
Human	HeLa_WT	ELIGOS2_diff	10-19	255	6446757	7.53769	45.9207	0.164146	3
Human	HeLa_WT	ELIGOS2_diff	20-49	1128	4877463	33.3432	34.7425	0.959723	3
Human	HeLa_WT	ELIGOS2_diff	>=50	2000	2714672	59.1191	19.3368	3.05734	3
Human	HeLa_WT	ELIGOS2_diff	pooled>=10	3383	14038892	100	100	1	3
Human	HeLa_WT	ELIGOS2_solo	10-19	16800	6446757	13.2452	45.9207	0.288437	3
Human	HeLa_WT	ELIGOS2_solo	20-49	51757	4877463	40.8056	34.7425	1.17451	3
Human	HeLa_WT	ELIGOS2_solo	>=50	58281	2714672	45.9492	19.3368	2.37626	3
Human	HeLa_WT	ELIGOS2_solo	pooled>=10	126838	14038892	100	100	1	3
Human	HeLa_WT	EpiNano_Error	10-19	4173	6446757	5.50245	45.9207	0.119825	3
Human	HeLa_WT	EpiNano_Error	20-49	39459	4877463	52.03	34.7425	1.49759	3
Human	HeLa_WT	EpiNano_Error	>=50	32207	2714672	42.4676	19.3368	2.19621	3
Human	HeLa_WT	EpiNano_Error	pooled>=10	75839	14038892	100	100	1	3
Human	HeLa_WT	m6Anet	10-19	18	6446757	0.0698731	45.9207	0.0015216	3
Human	HeLa_WT	m6Anet	20-49	10554	4877463	40.9689	34.7425	1.17922	3
Human	HeLa_WT	m6Anet	>=50	15189	2714672	58.9612	19.3368	3.04917	3
Human	HeLa_WT	m6Anet	pooled>=10	25761	14038892	100	100	1	3
Human	HeLa_WT	MINES	10-19	33	6446757	0.0285536	45.9207	0.000621803	3
Human	HeLa_WT	MINES	20-49	55502	4877463	48.0237	34.7425	1.38228	3
Human	HeLa_WT	MINES	>=50	60037	2714672	51.9477	19.3368	2.68647	3
Human	HeLa_WT	MINES	pooled>=10	115572	14038892	100	100	1	3
Human	HeLa_WT	Nanocompore	10-19	45	6446757	1.22084	45.9207	0.0265857	3
Human	HeLa_WT	Nanocompore	20-49	324	4877463	8.79002	34.7425	0.253005	3
Human	HeLa_WT	Nanocompore	>=50	3317	2714672	89.9891	19.3368	4.65378	3
Human	HeLa_WT	Nanocompore	pooled>=10	3686	14038892	100	100	1	3
Human	HeLa_WT	Nanom6A	10-19	0	6446757	0	45.9207	0	3
Human	HeLa_WT	Nanom6A	20-49	19142	4877463	35.2887	34.7425	1.01572	3
Human	HeLa_WT	Nanom6A	>=50	35102	2714672	64.7113	19.3368	3.34654	3
Human	HeLa_WT	Nanom6A	pooled>=10	54244	14038892	100	100	1	3
Human	HeLa_WT	NanoSPA_m6A	10-19	16	6446757	0.467563	45.9207	0.010182	3
Human	HeLa_WT	NanoSPA_m6A	20-49	2436	4877463	71.1864	34.7425	2.04897	3
Human	HeLa_WT	NanoSPA_m6A	>=50	970	2714672	28.346	19.3368	1.46591	3
Human	HeLa_WT	NanoSPA_m6A	pooled>=10	3422	14038892	100	100	1	3
Human	HeLa_WT	xPore	10-19	39	6446757	0.0477128	45.9207	0.00103903	3
Human	HeLa_WT	xPore	20-49	22742	4877463	27.8227	34.7425	0.800826	3
Human	HeLa_WT	xPore	>=50	58958	2714672	72.1296	19.3368	3.73017	3
Human	HeLa_WT	xPore	pooled>=10	81739	14038892	100	100	1	3
Human	HeLa_WT	yanocomp	10-19	0	6446757	0	45.9207	0	3
Human	HeLa_WT	yanocomp	20-49	6	4877463	0.0393752	34.7425	0.00113334	3
Human	HeLa_WT	yanocomp	>=50	15232	2714672	99.9606	19.3368	5.16945	3
Human	HeLa_WT	yanocomp	pooled>=10	15238	14038892	100	100	1	3
