species	dataset_group	stratum	n_units	universe_mean	n_glori_mean	n_calls_mean	ppv_mean	ppv_max	recall_mean	recall_max	f1_mean	mcc_mean	mcc_max	n_tools	pct_of_pooled_universe
Arabidopsis	Arabidopsis_WT	pooled>=10	3	6.69897e+06	53265.7	17105.8	0.410844	0.868823	0.0601828	0.183951	0.0812459	0.113207	0.217141	13	100
Arabidopsis	Arabidopsis_WT	5-9	3	3.62035e+06	12418.3	272.641	0.189242	0.698412	0.00242989	0.0247454	0.00845487	0.0141697	0.0465631	13	54.0434
Arabidopsis	Arabidopsis_WT	10-19	3	2.92854e+06	17209.7	794.231	0.401594	1	0.00841797	0.0581328	0.016082	0.0333338	0.0954533	13	43.7163
Arabidopsis	Arabidopsis_WT	20-49	3	2.23368e+06	18377	6520.18	0.32341	0.82647	0.0585972	0.203545	0.0701208	0.0869731	0.222554	13	33.3436
Arabidopsis	Arabidopsis_WT	>=50	3	1.53675e+06	17679	9791.41	0.427223	0.903376	0.11008	0.259207	0.129288	0.162259	0.298191	13	22.9402
Mouse	Mouse_WT	pooled>=10	1	7.58081e+06	22161	30196.2	0.276544	0.697979	0.155479	0.362668	0.138012	0.166386	0.328897	13	100
Mouse	Mouse_WT	5-9	1	3.50465e+06	6239	400.385	0.059449	0.4	0.000789073	0.00769354	0.00371749	0.00401018	0.0159571	13	46.2305
Mouse	Mouse_WT	10-19	1	2.94385e+06	7579	1035.85	0.161169	0.531915	0.00739559	0.0426178	0.0146667	0.0245651	0.0890139	13	38.833
Mouse	Mouse_WT	20-49	1	2.65158e+06	8530	11922.8	0.264052	0.619134	0.158059	0.421972	0.136379	0.15513	0.347128	13	34.9775
Mouse	Mouse_WT	>=50	1	1.98538e+06	6052	17237.5	0.29197	0.725941	0.335572	0.73157	0.215185	0.254358	0.477029	13	26.1895
Human	HeLa_WT	pooled>=10	3	4.67963e+06	20466.3	15893.4	0.277497	0.873157	0.0859327	0.217244	0.0909631	0.114875	0.258011	13	100
Human	HeLa_WT	5-9	3	2.92712e+06	12857	205.333	0.0602564	0.390688	0.00058061	0.00626796	0.003357	0.00374523	0.0165554	13	62.5503
Human	HeLa_WT	10-19	3	2.14892e+06	9777.67	611.923	0.359314	1	0.00392975	0.0219667	0.00815266	0.0187914	0.0621181	13	45.9207
Human	HeLa_WT	20-49	3	1.62582e+06	7286.33	6334.36	0.341385	0.858512	0.118373	0.322455	0.120233	0.140095	0.303288	13	34.7425
Human	HeLa_WT	>=50	3	904891	3402.33	8947.13	0.2642	0.912478	0.267468	0.647697	0.15814	0.197118	0.479477	13	19.3368
