species	dataset_group	tool	stratum	stratum_kind	metric	n_units	n_units_total	k_of_n	rank_mean	rank_min	rank_max	value_mean	value_min	value_max
Arabidopsis	Arabidopsis_WT	CHEUI_m6A	pooled>=10	pooled	precision	3	3	3/3	13	13	13	0.037056	0.0351124	0.0391259
Arabidopsis	Arabidopsis_WT	CHEUI_m6A	pooled>=10	pooled	recall	3	3	3/3	10.6667	10	11	0.012993	0.0116202	0.015318
Arabidopsis	Arabidopsis_WT	CHEUI_m6A	pooled>=10	pooled	f1	3	3	3/3	11	11	11	0.0192089	0.0176779	0.0220164
Arabidopsis	Arabidopsis_WT	CHEUI_m6A	pooled>=10	pooled	mcc	3	3	3/3	13	13	13	0.0172805	0.016002	0.0193625
Arabidopsis	Arabidopsis_WT	CHEUI_m6A	5-9	sensitivity	precision	2	3	2/3	7	7	7	0	0	0
Arabidopsis	Arabidopsis_WT	CHEUI_m6A	5-9	sensitivity	recall	3	3	3/3	5.33333	2	7	0	0	0
Arabidopsis	Arabidopsis_WT	CHEUI_m6A	5-9	sensitivity	f1	0	3	0/3						
Arabidopsis	Arabidopsis_WT	CHEUI_m6A	5-9	sensitivity	mcc	2	3	2/3	9	9	9	-0.000118454	-0.000139491	-9.74174e-05
Arabidopsis	Arabidopsis_WT	CHEUI_m6A	10-19	primary	precision	3	3	3/3	8.33333	6	10	0.0433569	0.0253165	0.062201
Arabidopsis	Arabidopsis_WT	CHEUI_m6A	10-19	primary	recall	3	3	3/3	6.66667	6	8	0.000407469	0.00011655	0.000760634
Arabidopsis	Arabidopsis_WT	CHEUI_m6A	10-19	primary	f1	3	3	3/3	6.66667	6	8	0.000805505	0.000232464	0.00150289
Arabidopsis	Arabidopsis_WT	CHEUI_m6A	10-19	primary	mcc	3	3	3/3	8	6	10	0.00347418	0.00193614	0.00628466
Arabidopsis	Arabidopsis_WT	CHEUI_m6A	20-49	primary	precision	3	3	3/3	11.6667	9	13	0.0308874	0.0286649	0.0346918
Arabidopsis	Arabidopsis_WT	CHEUI_m6A	20-49	primary	recall	3	3	3/3	7.33333	6	9	0.0173719	0.0146346	0.022694
Arabidopsis	Arabidopsis_WT	CHEUI_m6A	20-49	primary	f1	3	3	3/3	7.66667	7	9	0.0221565	0.0195099	0.0274387
Arabidopsis	Arabidopsis_WT	CHEUI_m6A	20-49	primary	mcc	3	3	3/3	9.33333	8	11	0.0170518	0.0147547	0.0212507
Arabidopsis	Arabidopsis_WT	CHEUI_m6A	>=50	primary	precision	3	3	3/3	13	13	13	0.0411835	0.0403961	0.0419341
Arabidopsis	Arabidopsis_WT	CHEUI_m6A	>=50	primary	recall	3	3	3/3	12.3333	11	13	0.019422	0.0160323	0.0224818
Arabidopsis	Arabidopsis_WT	CHEUI_m6A	>=50	primary	f1	3	3	3/3	12.6667	12	13	0.0263014	0.0229545	0.0290951
Arabidopsis	Arabidopsis_WT	CHEUI_m6A	>=50	primary	mcc	3	3	3/3	13	13	13	0.020447	0.0185537	0.0218213
Arabidopsis	Arabidopsis_WT	DENA	pooled>=10	pooled	precision	3	3	3/3	6.66667	6	7	0.281533	0.271447	0.290491
Arabidopsis	Arabidopsis_WT	DENA	pooled>=10	pooled	recall	3	3	3/3	3	3	3	0.110536	0.106041	0.115275
Arabidopsis	Arabidopsis_WT	DENA	pooled>=10	pooled	f1	3	3	3/3	3	3	3	0.158622	0.155367	0.161827
Arabidopsis	Arabidopsis_WT	DENA	pooled>=10	pooled	mcc	3	3	3/3	3	3	3	0.1723	0.171466	0.172846
Arabidopsis	Arabidopsis_WT	DENA	5-9	sensitivity	precision	3	3	3/3	2	2	2	0.365276	0	0.560345
Arabidopsis	Arabidopsis_WT	DENA	5-9	sensitivity	recall	3	3	3/3	2	2	2	0.00393618	0	0.00730184
Arabidopsis	Arabidopsis_WT	DENA	5-9	sensitivity	f1	2	3	2/3	2	2	2	0.0116743	0.00894147	0.0144072
Arabidopsis	Arabidopsis_WT	DENA	5-9	sensitivity	mcc	3	3	3/3	1.33333	1	2	0.0374085	-2.92329e-05	0.0622638
Arabidopsis	Arabidopsis_WT	DENA	10-19	primary	precision	3	3	3/3	5	4	6	0.312374	0.263862	0.372051
Arabidopsis	Arabidopsis_WT	DENA	10-19	primary	recall	3	3	3/3	2	2	2	0.0307824	0.0160942	0.040839
Arabidopsis	Arabidopsis_WT	DENA	10-19	primary	f1	3	3	3/3	2	2	2	0.0556454	0.030338	0.0719261
Arabidopsis	Arabidopsis_WT	DENA	10-19	primary	mcc	3	3	3/3	1.33333	1	2	0.0954533	0.063961	0.113179
Arabidopsis	Arabidopsis_WT	DENA	20-49	primary	precision	3	3	3/3	6	5	7	0.258323	0.25109	0.263817
Arabidopsis	Arabidopsis_WT	DENA	20-49	primary	recall	3	3	3/3	3	3	3	0.145573	0.143947	0.146438
Arabidopsis	Arabidopsis_WT	DENA	20-49	primary	f1	3	3	3/3	2.66667	2	3	0.186179	0.184989	0.187285
Arabidopsis	Arabidopsis_WT	DENA	20-49	primary	mcc	3	3	3/3	3	3	3	0.188949	0.186864	0.190157
Arabidopsis	Arabidopsis_WT	DENA	>=50	primary	precision	3	3	3/3	6.66667	6	7	0.300627	0.287212	0.310068
Arabidopsis	Arabidopsis_WT	DENA	>=50	primary	recall	3	3	3/3	5.66667	5	7	0.151967	0.147529	0.158535
Arabidopsis	Arabidopsis_WT	DENA	>=50	primary	f1	3	3	3/3	3.66667	3	4	0.201838	0.196933	0.2098
Arabidopsis	Arabidopsis_WT	DENA	>=50	primary	mcc	3	3	3/3	3.66667	3	5	0.207343	0.201132	0.215344
Arabidopsis	Arabidopsis_WT	DRUMMER	pooled>=10	pooled	precision	3	3	3/3	1.66667	1	2	0.868823	0.838013	0.901173
Arabidopsis	Arabidopsis_WT	DRUMMER	pooled>=10	pooled	recall	3	3	3/3	12	12	12	0.00771658	0.00504353	0.0111387
Arabidopsis	Arabidopsis_WT	DRUMMER	pooled>=10	pooled	f1	3	3	3/3	12	12	12	0.0152847	0.0100287	0.0220054
Arabidopsis	Arabidopsis_WT	DRUMMER	pooled>=10	pooled	mcc	3	3	3/3	9.66667	8	11	0.0804961	0.0657967	0.0996847
Arabidopsis	Arabidopsis_WT	DRUMMER	5-9	sensitivity	precision	0	3	0/3						
Arabidopsis	Arabidopsis_WT	DRUMMER	5-9	sensitivity	recall	3	3	3/3	5.33333	2	7	0	0	0
Arabidopsis	Arabidopsis_WT	DRUMMER	5-9	sensitivity	f1	0	3	0/3						
Arabidopsis	Arabidopsis_WT	DRUMMER	5-9	sensitivity	mcc	0	3	0/3						
Arabidopsis	Arabidopsis_WT	DRUMMER	10-19	primary	precision	0	3	0/3						
Arabidopsis	Arabidopsis_WT	DRUMMER	10-19	primary	recall	3	3	3/3	10.3333	8	12	0	0	0
Arabidopsis	Arabidopsis_WT	DRUMMER	10-19	primary	f1	0	3	0/3						
Arabidopsis	Arabidopsis_WT	DRUMMER	10-19	primary	mcc	0	3	0/3						
Arabidopsis	Arabidopsis_WT	DRUMMER	20-49	primary	precision	3	3	3/3	6.66667	4	11	0.277778	0	0.5
Arabidopsis	Arabidopsis_WT	DRUMMER	20-49	primary	recall	3	3	3/3	12.3333	11	13	0.000180761	0	0.000490587
Arabidopsis	Arabidopsis_WT	DRUMMER	20-49	primary	f1	2	3	2/3	13	13	13	0.000541794	0.000103375	0.000980212
Arabidopsis	Arabidopsis_WT	DRUMMER	20-49	primary	mcc	3	3	3/3	12	11	13	0.00648969	-5.91584e-05	0.0154601
Arabidopsis	Arabidopsis_WT	DRUMMER	>=50	primary	precision	3	3	3/3	3	2	4	0.871055	0.841304	0.901893
Arabidopsis	Arabidopsis_WT	DRUMMER	>=50	primary	recall	3	3	3/3	11	10	12	0.0235617	0.0147282	0.035856
Arabidopsis	Arabidopsis_WT	DRUMMER	>=50	primary	f1	3	3	3/3	10.6667	10	11	0.0457332	0.0289661	0.0689701
Arabidopsis	Arabidopsis_WT	DRUMMER	>=50	primary	mcc	3	3	3/3	9	6	11	0.139993	0.112352	0.178568
Arabidopsis	Arabidopsis_WT	ELIGOS2_diff	pooled>=10	pooled	precision	3	3	3/3	3	2	4	0.84036	0.829892	0.858974
Arabidopsis	Arabidopsis_WT	ELIGOS2_diff	pooled>=10	pooled	recall	3	3	3/3	10	9	11	0.0161321	0.0111171	0.0221442
Arabidopsis	Arabidopsis_WT	ELIGOS2_diff	pooled>=10	pooled	f1	3	3	3/3	9.66667	9	10	0.0316147	0.0219411	0.0431753
Arabidopsis	Arabidopsis_WT	ELIGOS2_diff	pooled>=10	pooled	mcc	3	3	3/3	5.66667	4	7	0.114765	0.0956559	0.137166
Arabidopsis	Arabidopsis_WT	ELIGOS2_diff	5-9	sensitivity	precision	2	3	2/3	3.5	3	4	0.392857	0.285714	0.5
Arabidopsis	Arabidopsis_WT	ELIGOS2_diff	5-9	sensitivity	recall	3	3	3/3	4	2	5	0.000104869	0	0.000175948
Arabidopsis	Arabidopsis_WT	ELIGOS2_diff	5-9	sensitivity	f1	2	3	2/3	5	5	5	0.000314477	0.000277181	0.000351772
Arabidopsis	Arabidopsis_WT	ELIGOS2_diff	5-9	sensitivity	mcc	2	3	2/3	5	5	5	0.00777643	0.00621746	0.0093354
Arabidopsis	Arabidopsis_WT	ELIGOS2_diff	10-19	primary	precision	3	3	3/3	3.33333	1	5	0.599537	0.444444	0.6875
Arabidopsis	Arabidopsis_WT	ELIGOS2_diff	10-19	primary	recall	3	3	3/3	6.33333	5	7	0.000560266	0.000116557	0.000920704
Arabidopsis	Arabidopsis_WT	ELIGOS2_diff	10-19	primary	f1	3	3	3/3	6.33333	5	7	0.00111885	0.000233073	0.0018376
Arabidopsis	Arabidopsis_WT	ELIGOS2_diff	10-19	primary	mcc	3	3	3/3	5.66667	5	6	0.0165617	0.008765	0.0209229
Arabidopsis	Arabidopsis_WT	ELIGOS2_diff	20-49	primary	precision	3	3	3/3	2.66667	2	3	0.69784	0.663043	0.74
Arabidopsis	Arabidopsis_WT	ELIGOS2_diff	20-49	primary	recall	3	3	3/3	9.66667	9	10	0.00381657	0.00148871	0.00680773
Arabidopsis	Arabidopsis_WT	ELIGOS2_diff	20-49	primary	f1	3	3	3/3	9.33333	9	10	0.00757967	0.00297101	0.0134913
Arabidopsis	Arabidopsis_WT	ELIGOS2_diff	20-49	primary	mcc	3	3	3/3	6.33333	6	7	0.0492095	0.0318106	0.0704609
Arabidopsis	Arabidopsis_WT	ELIGOS2_diff	>=50	primary	precision	3	3	3/3	3.33333	3	4	0.851443	0.841429	0.869115
Arabidopsis	Arabidopsis_WT	ELIGOS2_diff	>=50	primary	recall	3	3	3/3	9	9	9	0.0443804	0.0307877	0.0626783
Arabidopsis	Arabidopsis_WT	ELIGOS2_diff	>=50	primary	f1	3	3	3/3	9	9	9	0.0840376	0.0594019	0.116924
Arabidopsis	Arabidopsis_WT	ELIGOS2_diff	>=50	primary	mcc	3	3	3/3	4.33333	2	6	0.190994	0.159695	0.231677
Arabidopsis	Arabidopsis_WT	ELIGOS2_solo	pooled>=10	pooled	precision	3	3	3/3	8.66667	8	10	0.224554	0.215766	0.234499
Arabidopsis	Arabidopsis_WT	ELIGOS2_solo	pooled>=10	pooled	recall	3	3	3/3	1	1	1	0.183951	0.169973	0.196811
Arabidopsis	Arabidopsis_WT	ELIGOS2_solo	pooled>=10	pooled	f1	3	3	3/3	1	1	1	0.201792	0.197089	0.205853
Arabidopsis	Arabidopsis_WT	ELIGOS2_solo	pooled>=10	pooled	mcc	3	3	3/3	2	2	2	0.197072	0.193807	0.200017
Arabidopsis	Arabidopsis_WT	ELIGOS2_solo	5-9	sensitivity	precision	3	3	3/3	3.66667	1	5	0.0969496	0.0855444	0.106807
Arabidopsis	Arabidopsis_WT	ELIGOS2_solo	5-9	sensitivity	recall	3	3	3/3	1	1	1	0.0247454	0.0168427	0.0328647
Arabidopsis	Arabidopsis_WT	ELIGOS2_solo	5-9	sensitivity	f1	3	3	3/3	1	1	1	0.0386198	0.0290969	0.047486
Arabidopsis	Arabidopsis_WT	ELIGOS2_solo	5-9	sensitivity	mcc	3	3	3/3	1.66667	1	2	0.0465631	0.0412478	0.0511932
Arabidopsis	Arabidopsis_WT	ELIGOS2_solo	10-19	primary	precision	3	3	3/3	6.66667	5	8	0.136979	0.129211	0.15043
Arabidopsis	Arabidopsis_WT	ELIGOS2_solo	10-19	primary	recall	3	3	3/3	1	1	1	0.0581328	0.0406973	0.0715701
Arabidopsis	Arabidopsis_WT	ELIGOS2_solo	10-19	primary	f1	3	3	3/3	1	1	1	0.0808267	0.0618986	0.0926408
Arabidopsis	Arabidopsis_WT	ELIGOS2_solo	10-19	primary	mcc	3	3	3/3	1.66667	1	2	0.0852451	0.0695985	0.0932392
Arabidopsis	Arabidopsis_WT	ELIGOS2_solo	20-49	primary	precision	3	3	3/3	7	6	8	0.226061	0.207899	0.238792
Arabidopsis	Arabidopsis_WT	ELIGOS2_solo	20-49	primary	recall	3	3	3/3	1	1	1	0.203545	0.192754	0.20969
Arabidopsis	Arabidopsis_WT	ELIGOS2_solo	20-49	primary	f1	3	3	3/3	1	1	1	0.213899	0.208045	0.223297
Arabidopsis	Arabidopsis_WT	ELIGOS2_solo	20-49	primary	mcc	3	3	3/3	1.66667	1	2	0.207963	0.201478	0.217537
Arabidopsis	Arabidopsis_WT	ELIGOS2_solo	>=50	primary	precision	3	3	3/3	8.66667	8	9	0.233114	0.226349	0.241188
Arabidopsis	Arabidopsis_WT	ELIGOS2_solo	>=50	primary	recall	3	3	3/3	1	1	1	0.259207	0.23496	0.282331
Arabidopsis	Arabidopsis_WT	ELIGOS2_solo	>=50	primary	f1	3	3	3/3	2	2	2	0.244924	0.238033	0.254586
Arabidopsis	Arabidopsis_WT	ELIGOS2_solo	>=50	primary	mcc	3	3	3/3	2.33333	2	3	0.235874	0.2287	0.245705
Arabidopsis	Arabidopsis_WT	EpiNano_Error	pooled>=10	pooled	precision	3	3	3/3	9	9	9	0.21151	0.186907	0.244843
Arabidopsis	Arabidopsis_WT	EpiNano_Error	pooled>=10	pooled	recall	3	3	3/3	7.33333	7	8	0.0378912	0.0243881	0.0554279
Arabidopsis	Arabidopsis_WT	EpiNano_Error	pooled>=10	pooled	f1	3	3	3/3	6.33333	6	7	0.0626284	0.0443578	0.0855004
Arabidopsis	Arabidopsis_WT	EpiNano_Error	pooled>=10	pooled	mcc	3	3	3/3	9	9	9	0.0843005	0.0750954	0.097742
Arabidopsis	Arabidopsis_WT	EpiNano_Error	5-9	sensitivity	precision	3	3	3/3	5.33333	2	7	0	0	0
Arabidopsis	Arabidopsis_WT	EpiNano_Error	5-9	sensitivity	recall	3	3	3/3	5.33333	2	7	0	0	0
Arabidopsis	Arabidopsis_WT	EpiNano_Error	5-9	sensitivity	f1	0	3	0/3						
Arabidopsis	Arabidopsis_WT	EpiNano_Error	5-9	sensitivity	mcc	3	3	3/3	8.33333	5	10	-0.000243322	-0.00048085	-0.000105904
Arabidopsis	Arabidopsis_WT	EpiNano_Error	10-19	primary	precision	3	3	3/3	9.66667	8	11	0.0121287	0	0.0273973
Arabidopsis	Arabidopsis_WT	EpiNano_Error	10-19	primary	recall	3	3	3/3	8.66667	8	9	0.000115726	0	0.00023015
Arabidopsis	Arabidopsis_WT	EpiNano_Error	10-19	primary	f1	2	3	2/3	9.5	9	10	0.000340933	0.000233059	0.000448808
Arabidopsis	Arabidopsis_WT	EpiNano_Error	10-19	primary	mcc	3	3	3/3	10	9	11	0.000555583	-0.000162209	0.00143329
Arabidopsis	Arabidopsis_WT	EpiNano_Error	20-49	primary	precision	3	3	3/3	11	10	12	0.0501373	0.0139721	0.100216
Arabidopsis	Arabidopsis_WT	EpiNano_Error	20-49	primary	recall	3	3	3/3	8	5	10	0.0172525	0.00035938	0.0479873
Arabidopsis	Arabidopsis_WT	EpiNano_Error	20-49	primary	f1	3	3	3/3	8.33333	5	10	0.0239446	0.000700736	0.0648987
Arabidopsis	Arabidopsis_WT	EpiNano_Error	20-49	primary	mcc	3	3	3/3	9.33333	7	11	0.0244742	0.00092601	0.0637898
Arabidopsis	Arabidopsis_WT	EpiNano_Error	>=50	primary	precision	3	3	3/3	7.66667	7	8	0.265227	0.241449	0.285854
Arabidopsis	Arabidopsis_WT	EpiNano_Error	>=50	primary	recall	3	3	3/3	7.33333	7	8	0.0934491	0.0702426	0.118019
Arabidopsis	Arabidopsis_WT	EpiNano_Error	>=50	primary	f1	3	3	3/3	6.33333	6	7	0.137243	0.111343	0.167063
Arabidopsis	Arabidopsis_WT	EpiNano_Error	>=50	primary	mcc	3	3	3/3	8	7	9	0.150987	0.132278	0.177431
Arabidopsis	Arabidopsis_WT	m6Anet	pooled>=10	pooled	precision	3	3	3/3	5	5	5	0.488489	0.460004	0.521843
Arabidopsis	Arabidopsis_WT	m6Anet	pooled>=10	pooled	recall	3	3	3/3	4	4	4	0.0989572	0.0945188	0.10385
Arabidopsis	Arabidopsis_WT	m6Anet	pooled>=10	pooled	f1	3	3	3/3	2	2	2	0.164431	0.160049	0.170984
Arabidopsis	Arabidopsis_WT	m6Anet	pooled>=10	pooled	mcc	3	3	3/3	1	1	1	0.217141	0.21008	0.221587
Arabidopsis	Arabidopsis_WT	m6Anet	5-9	sensitivity	precision	2	3	2/3	1	1	1	0.698412	0.611111	0.785714
Arabidopsis	Arabidopsis_WT	m6Anet	5-9	sensitivity	recall	3	3	3/3	3.33333	2	4	0.000576777	0	0.000967714
Arabidopsis	Arabidopsis_WT	m6Anet	5-9	sensitivity	f1	2	3	2/3	4	4	4	0.00172806	0.00152376	0.00193237
Arabidopsis	Arabidopsis_WT	m6Anet	5-9	sensitivity	mcc	2	3	2/3	4	4	4	0.0243169	0.0242319	0.0244018
Arabidopsis	Arabidopsis_WT	m6Anet	10-19	primary	precision	3	3	3/3	2.33333	2	3	0.706806	0.625	0.76875
Arabidopsis	Arabidopsis_WT	m6Anet	10-19	primary	recall	3	3	3/3	4	4	4	0.00458755	0.000291409	0.0071993
Arabidopsis	Arabidopsis_WT	m6Anet	10-19	primary	f1	3	3	3/3	4	4	4	0.00909468	0.000582547	0.014265
Arabidopsis	Arabidopsis_WT	m6Anet	10-19	primary	mcc	3	3	3/3	3	3	3	0.0515342	0.0134114	0.074066
Arabidopsis	Arabidopsis_WT	m6Anet	20-49	primary	precision	3	3	3/3	4	3	5	0.430639	0.417807	0.44988
Arabidopsis	Arabidopsis_WT	m6Anet	20-49	primary	recall	3	3	3/3	4	4	4	0.118669	0.106441	0.129486
Arabidopsis	Arabidopsis_WT	m6Anet	20-49	primary	f1	3	3	3/3	2.33333	2	3	0.185676	0.172151	0.197701
Arabidopsis	Arabidopsis_WT	m6Anet	20-49	primary	mcc	3	3	3/3	1.33333	1	2	0.222554	0.215933	0.229122
Arabidopsis	Arabidopsis_WT	m6Anet	>=50	primary	precision	3	3	3/3	4.66667	4	5	0.534458	0.493474	0.582251
Arabidopsis	Arabidopsis_WT	m6Anet	>=50	primary	recall	3	3	3/3	4.33333	3	6	0.171458	0.167368	0.17366
Arabidopsis	Arabidopsis_WT	m6Anet	>=50	primary	f1	3	3	3/3	1	1	1	0.25929	0.25691	0.260962
Arabidopsis	Arabidopsis_WT	m6Anet	>=50	primary	mcc	3	3	3/3	1	1	1	0.298191	0.288025	0.308276
Arabidopsis	Arabidopsis_WT	MINES	pooled>=10	pooled	precision	3	3	3/3	11	11	11	0.120258	0.118796	0.122327
Arabidopsis	Arabidopsis_WT	MINES	pooled>=10	pooled	recall	3	3	3/3	2	2	2	0.132406	0.125244	0.139542
Arabidopsis	Arabidopsis_WT	MINES	pooled>=10	pooled	f1	3	3	3/3	4.33333	4	5	0.125941	0.123768	0.128336
Arabidopsis	Arabidopsis_WT	MINES	pooled>=10	pooled	mcc	3	3	3/3	5.66667	4	7	0.118795	0.116351	0.121464
Arabidopsis	Arabidopsis_WT	MINES	5-9	sensitivity	precision	3	3	3/3	3	2	4	0.267671	0	0.455556
Arabidopsis	Arabidopsis_WT	MINES	5-9	sensitivity	recall	3	3	3/3	2.66667	2	3	0.0021498	0	0.00360693
Arabidopsis	Arabidopsis_WT	MINES	5-9	sensitivity	f1	2	3	2/3	3	3	3	0.00639474	0.00564972	0.00713975
Arabidopsis	Arabidopsis_WT	MINES	5-9	sensitivity	mcc	3	3	3/3	2.66667	2	3	0.0236155	-2.92329e-05	0.0357375
Arabidopsis	Arabidopsis_WT	MINES	10-19	primary	precision	3	3	3/3	6.66667	6	7	0.196492	0.0322581	0.294393
Arabidopsis	Arabidopsis_WT	MINES	10-19	primary	recall	3	3	3/3	4.33333	3	7	0.0113507	5.82785e-05	0.0194919
Arabidopsis	Arabidopsis_WT	MINES	10-19	primary	f1	3	3	3/3	4.33333	3	7	0.0213503	0.000116347	0.0362923
Arabidopsis	Arabidopsis_WT	MINES	10-19	primary	mcc	3	3	3/3	5	4	7	0.0451747	0.00113364	0.0702789
Arabidopsis	Arabidopsis_WT	MINES	20-49	primary	precision	3	3	3/3	8.33333	7	9	0.108385	0.106536	0.111751
Arabidopsis	Arabidopsis_WT	MINES	20-49	primary	recall	3	3	3/3	2	2	2	0.173785	0.169949	0.178327
Arabidopsis	Arabidopsis_WT	MINES	20-49	primary	f1	3	3	3/3	4	4	4	0.133476	0.13097	0.135813
Arabidopsis	Arabidopsis_WT	MINES	20-49	primary	mcc	3	3	3/3	5.33333	5	6	0.128195	0.125551	0.129873
Arabidopsis	Arabidopsis_WT	MINES	>=50	primary	precision	3	3	3/3	11	11	11	0.128457	0.125028	0.133006
Arabidopsis	Arabidopsis_WT	MINES	>=50	primary	recall	3	3	3/3	2	2	2	0.208102	0.203594	0.213669
Arabidopsis	Arabidopsis_WT	MINES	>=50	primary	f1	3	3	3/3	5.66667	5	7	0.158847	0.155907	0.163953
Arabidopsis	Arabidopsis_WT	MINES	>=50	primary	mcc	3	3	3/3	7.66667	7	9	0.151155	0.148338	0.156318
Arabidopsis	Arabidopsis_WT	Nanocompore	pooled>=10	pooled	precision	3	3	3/3	2	1	4	0.758361	0.497196	0.902041
Arabidopsis	Arabidopsis_WT	Nanocompore	pooled>=10	pooled	recall	3	3	3/3	13	13	13	0.00731112	0.00396541	0.0110047
Arabidopsis	Arabidopsis_WT	Nanocompore	pooled>=10	pooled	f1	3	3	3/3	13	13	13	0.0144152	0.0078961	0.0215328
Arabidopsis	Arabidopsis_WT	Nanocompore	pooled>=10	pooled	mcc	3	3	3/3	11	10	12	0.0700908	0.0595202	0.0777107
Arabidopsis	Arabidopsis_WT	Nanocompore	5-9	sensitivity	precision	0	3	0/3						
Arabidopsis	Arabidopsis_WT	Nanocompore	5-9	sensitivity	recall	3	3	3/3	5.33333	2	7	0	0	0
Arabidopsis	Arabidopsis_WT	Nanocompore	5-9	sensitivity	f1	0	3	0/3						
Arabidopsis	Arabidopsis_WT	Nanocompore	5-9	sensitivity	mcc	0	3	0/3						
Arabidopsis	Arabidopsis_WT	Nanocompore	10-19	primary	precision	1	3	1/3	1	1	1	1	1	1
Arabidopsis	Arabidopsis_WT	Nanocompore	10-19	primary	recall	3	3	3/3	9.33333	8	11	7.67167e-05	0	0.00023015
Arabidopsis	Arabidopsis_WT	Nanocompore	10-19	primary	f1	1	3	1/3	9	9	9	0.000460193	0.000460193	0.000460193
Arabidopsis	Arabidopsis_WT	Nanocompore	10-19	primary	mcc	1	3	1/3	7	7	7	0.0151211	0.0151211	0.0151211
Arabidopsis	Arabidopsis_WT	Nanocompore	20-49	primary	precision	2	3	2/3	1	1	1	0.82647	0.8	0.852941
Arabidopsis	Arabidopsis_WT	Nanocompore	20-49	primary	recall	3	3	3/3	11	11	11	0.000661647	0	0.00177816
Arabidopsis	Arabidopsis_WT	Nanocompore	20-49	primary	f1	2	3	2/3	11	11	11	0.00198119	0.000413458	0.00354892
Arabidopsis	Arabidopsis_WT	Nanocompore	20-49	primary	mcc	2	3	2/3	10	10	10	0.0257523	0.0127847	0.0387199
Arabidopsis	Arabidopsis_WT	Nanocompore	>=50	primary	precision	3	3	3/3	3	2	5	0.753124	0.48062	0.902041
Arabidopsis	Arabidopsis_WT	Nanocompore	>=50	primary	recall	3	3	3/3	12	11	13	0.0217768	0.0115731	0.0338474
Arabidopsis	Arabidopsis_WT	Nanocompore	>=50	primary	f1	3	3	3/3	12	11	13	0.0416765	0.022853	0.0632411
Arabidopsis	Arabidopsis_WT	Nanocompore	>=50	primary	mcc	3	3	3/3	10.6667	10	11	0.119278	0.101458	0.131188
Arabidopsis	Arabidopsis_WT	Nanom6A	pooled>=10	pooled	precision	3	3	3/3	9.33333	8	10	0.190329	0.156416	0.257029
Arabidopsis	Arabidopsis_WT	Nanom6A	pooled>=10	pooled	recall	3	3	3/3	5.33333	5	6	0.0722194	0.0606924	0.0913017
Arabidopsis	Arabidopsis_WT	Nanom6A	pooled>=10	pooled	f1	3	3	3/3	5	4	6	0.104628	0.0874519	0.134741
Arabidopsis	Arabidopsis_WT	Nanom6A	pooled>=10	pooled	mcc	3	3	3/3	7.33333	4	10	0.112861	0.0931384	0.149288
Arabidopsis	Arabidopsis_WT	Nanom6A	5-9	sensitivity	precision	0	3	0/3						
Arabidopsis	Arabidopsis_WT	Nanom6A	5-9	sensitivity	recall	3	3	3/3	5.33333	2	7	0	0	0
Arabidopsis	Arabidopsis_WT	Nanom6A	5-9	sensitivity	f1	0	3	0/3						
Arabidopsis	Arabidopsis_WT	Nanom6A	5-9	sensitivity	mcc	0	3	0/3						
Arabidopsis	Arabidopsis_WT	Nanom6A	10-19	primary	precision	0	3	0/3						
Arabidopsis	Arabidopsis_WT	Nanom6A	10-19	primary	recall	3	3	3/3	10.3333	8	12	0	0	0
Arabidopsis	Arabidopsis_WT	Nanom6A	10-19	primary	f1	0	3	0/3						
Arabidopsis	Arabidopsis_WT	Nanom6A	10-19	primary	mcc	0	3	0/3						
Arabidopsis	Arabidopsis_WT	Nanom6A	20-49	primary	precision	3	3	3/3	8	4	10	0.210776	0.0863181	0.43882
Arabidopsis	Arabidopsis_WT	Nanom6A	20-49	primary	recall	3	3	3/3	6.33333	5	7	0.0366115	0.0124586	0.0673943
Arabidopsis	Arabidopsis_WT	Nanom6A	20-49	primary	f1	3	3	3/3	6.33333	5	8	0.0618252	0.0217745	0.116844
Arabidopsis	Arabidopsis_WT	Nanom6A	20-49	primary	mcc	3	3	3/3	6.33333	4	8	0.0839708	0.029902	0.169561
Arabidopsis	Arabidopsis_WT	Nanom6A	>=50	primary	precision	3	3	3/3	10	10	10	0.18648	0.164889	0.224669
Arabidopsis	Arabidopsis_WT	Nanom6A	>=50	primary	recall	3	3	3/3	3.66667	3	4	0.178629	0.16072	0.198241
Arabidopsis	Arabidopsis_WT	Nanom6A	>=50	primary	f1	3	3	3/3	4	3	5	0.182247	0.162778	0.210629
Arabidopsis	Arabidopsis_WT	Nanom6A	>=50	primary	mcc	3	3	3/3	6	4	8	0.173018	0.153451	0.202409
Arabidopsis	Arabidopsis_WT	NanoSPA_m6A	pooled>=10	pooled	precision	3	3	3/3	3.33333	3	4	0.837513	0.825023	0.846838
Arabidopsis	Arabidopsis_WT	NanoSPA_m6A	pooled>=10	pooled	recall	3	3	3/3	9.33333	9	10	0.0172945	0.0163384	0.0178071
Arabidopsis	Arabidopsis_WT	NanoSPA_m6A	pooled>=10	pooled	f1	3	3	3/3	9.33333	9	10	0.0338887	0.0320423	0.0348755
Arabidopsis	Arabidopsis_WT	NanoSPA_m6A	pooled>=10	pooled	mcc	3	3	3/3	5	5	5	0.119681	0.115473	0.121875
Arabidopsis	Arabidopsis_WT	NanoSPA_m6A	5-9	sensitivity	precision	3	3	3/3	5	2	7	0.0277778	0	0.0833333
Arabidopsis	Arabidopsis_WT	NanoSPA_m6A	5-9	sensitivity	recall	3	3	3/3	5	2	7	2.93247e-05	0	8.7974e-05
Arabidopsis	Arabidopsis_WT	NanoSPA_m6A	5-9	sensitivity	f1	1	3	1/3	6	6	6	0.000175762	0.000175762	0.000175762
Arabidopsis	Arabidopsis_WT	NanoSPA_m6A	5-9	sensitivity	mcc	3	3	3/3	6	4	8	0.000796174	-0.000112207	0.00261011
Arabidopsis	Arabidopsis_WT	NanoSPA_m6A	10-19	primary	precision	3	3	3/3	2.66667	2	3	0.601352	0.333333	0.78
Arabidopsis	Arabidopsis_WT	NanoSPA_m6A	10-19	primary	recall	3	3	3/3	4.33333	3	5	0.00295843	0.000466228	0.00448818
Arabidopsis	Arabidopsis_WT	NanoSPA_m6A	10-19	primary	f1	3	3	3/3	4.33333	3	5	0.00588455	0.000931153	0.008925
Arabidopsis	Arabidopsis_WT	NanoSPA_m6A	10-19	primary	mcc	3	3	3/3	4.66667	4	5	0.0409746	0.0122894	0.0588659
Arabidopsis	Arabidopsis_WT	NanoSPA_m6A	20-49	primary	precision	3	3	3/3	1.66667	1	2	0.803019	0.783178	0.814042
Arabidopsis	Arabidopsis_WT	NanoSPA_m6A	20-49	primary	recall	3	3	3/3	6.33333	5	8	0.0251545	0.0216638	0.0274838
Arabidopsis	Arabidopsis_WT	NanoSPA_m6A	20-49	primary	f1	3	3	3/3	6	5	7	0.0487708	0.0421614	0.0531677
Arabidopsis	Arabidopsis_WT	NanoSPA_m6A	20-49	primary	mcc	3	3	3/3	4.33333	4	5	0.141141	0.129462	0.148493
Arabidopsis	Arabidopsis_WT	NanoSPA_m6A	>=50	primary	precision	3	3	3/3	1	1	1	0.903376	0.900212	0.906494
Arabidopsis	Arabidopsis_WT	NanoSPA_m6A	>=50	primary	recall	3	3	3/3	10.6667	10	12	0.0231222	0.0219974	0.0238404
Arabidopsis	Arabidopsis_WT	NanoSPA_m6A	>=50	primary	f1	3	3	3/3	10.6667	10	12	0.0450892	0.0429454	0.046459
Arabidopsis	Arabidopsis_WT	NanoSPA_m6A	>=50	primary	mcc	3	3	3/3	9	8	10	0.143514	0.139779	0.145973
Arabidopsis	Arabidopsis_WT	xPore	pooled>=10	pooled	precision	3	3	3/3	12	12	12	0.087179	0.0804395	0.092482
Arabidopsis	Arabidopsis_WT	xPore	pooled>=10	pooled	recall	3	3	3/3	5.66667	5	6	0.0483595	0.030203	0.0718764
Arabidopsis	Arabidopsis_WT	xPore	pooled>=10	pooled	f1	3	3	3/3	7.33333	7	8	0.0609021	0.0439165	0.0808876
Arabidopsis	Arabidopsis_WT	xPore	pooled>=10	pooled	mcc	3	3	3/3	11.6667	11	12	0.0586979	0.0446849	0.0747178
Arabidopsis	Arabidopsis_WT	xPore	5-9	sensitivity	precision	2	3	2/3	6.5	6	7	0.0434783	0	0.0869565
Arabidopsis	Arabidopsis_WT	xPore	5-9	sensitivity	recall	3	3	3/3	4.66667	2	7	4.62193e-05	0	0.000138658
Arabidopsis	Arabidopsis_WT	xPore	5-9	sensitivity	f1	1	3	1/3	6	6	6	0.000276874	0.000276874	0.000276874
Arabidopsis	Arabidopsis_WT	xPore	5-9	sensitivity	mcc	2	3	2/3	7	6	8	0.00162575	-6.56787e-05	0.00331717
Arabidopsis	Arabidopsis_WT	xPore	10-19	primary	precision	3	3	3/3	8.33333	8	9	0.0585128	0	0.0965909
Arabidopsis	Arabidopsis_WT	xPore	10-19	primary	recall	3	3	3/3	7.33333	6	8	0.000384559	0	0.000978136
Arabidopsis	Arabidopsis_WT	xPore	10-19	primary	f1	2	3	2/3	7	6	8	0.00114348	0.000350304	0.00193666
Arabidopsis	Arabidopsis_WT	xPore	10-19	primary	mcc	3	3	3/3	8.66667	8	9	0.00416336	-7.5088e-05	0.0090935
Arabidopsis	Arabidopsis_WT	xPore	20-49	primary	precision	3	3	3/3	10.3333	8	12	0.0538969	0.0351668	0.0659722
Arabidopsis	Arabidopsis_WT	xPore	20-49	primary	recall	3	3	3/3	7.33333	6	8	0.0187229	0.00200226	0.0454295
Arabidopsis	Arabidopsis_WT	xPore	20-49	primary	f1	3	3	3/3	7.33333	6	8	0.0242887	0.0037888	0.0538068
Arabidopsis	Arabidopsis_WT	xPore	20-49	primary	mcc	3	3	3/3	8.66667	8	9	0.0248367	0.00645735	0.0479876
Arabidopsis	Arabidopsis_WT	xPore	>=50	primary	precision	3	3	3/3	12	12	12	0.090929	0.0829844	0.0992198
Arabidopsis	Arabidopsis_WT	xPore	>=50	primary	recall	3	3	3/3	5.66667	5	6	0.125275	0.0860401	0.176327
Arabidopsis	Arabidopsis_WT	xPore	>=50	primary	f1	3	3	3/3	8	8	8	0.10407	0.0844846	0.126985
Arabidopsis	Arabidopsis_WT	xPore	>=50	primary	mcc	3	3	3/3	12	12	12	0.0939308	0.0735509	0.118249
Arabidopsis	Arabidopsis_WT	yanocomp	pooled>=10	pooled	precision	3	3	3/3	6.33333	6	7	0.39501	0.237204	0.504373
Arabidopsis	Arabidopsis_WT	yanocomp	pooled>=10	pooled	recall	3	3	3/3	7.66667	7	8	0.0366087	0.0185403	0.062966
Arabidopsis	Arabidopsis_WT	yanocomp	pooled>=10	pooled	f1	3	3	3/3	7	5	8	0.0628403	0.035766	0.0995155
Arabidopsis	Arabidopsis_WT	yanocomp	pooled>=10	pooled	mcc	3	3	3/3	7	6	8	0.108208	0.0955729	0.118487
Arabidopsis	Arabidopsis_WT	yanocomp	5-9	sensitivity	precision	2	3	2/3	7	7	7	0	0	0
Arabidopsis	Arabidopsis_WT	yanocomp	5-9	sensitivity	recall	3	3	3/3	5.33333	2	7	0	0	0
Arabidopsis	Arabidopsis_WT	yanocomp	5-9	sensitivity	f1	0	3	0/3						
Arabidopsis	Arabidopsis_WT	yanocomp	5-9	sensitivity	mcc	2	3	2/3	7	7	7	-4.39852e-05	-5.8598e-05	-2.93724e-05
Arabidopsis	Arabidopsis_WT	yanocomp	10-19	primary	precision	2	3	2/3	2.5	1	4	0.75	0.5	1
Arabidopsis	Arabidopsis_WT	yanocomp	10-19	primary	recall	3	3	3/3	9.66667	8	11	7.70419e-05	0	0.000172612
Arabidopsis	Arabidopsis_WT	yanocomp	10-19	primary	f1	2	3	2/3	10.5	10	11	0.000231063	0.000117021	0.000345105
Arabidopsis	Arabidopsis_WT	yanocomp	10-19	primary	mcc	2	3	2/3	7.5	7	8	0.0084136	0.00762826	0.00919895
Arabidopsis	Arabidopsis_WT	yanocomp	20-49	primary	precision	2	3	2/3	7	6	8	0.230113	0.1875	0.272727
Arabidopsis	Arabidopsis_WT	yanocomp	20-49	primary	recall	3	3	3/3	11.6667	11	12	0.000419546	0	0.00110355
Arabidopsis	Arabidopsis_WT	yanocomp	20-49	primary	f1	2	3	2/3	12	12	12	0.00125209	0.000309997	0.00219419
Arabidopsis	Arabidopsis_WT	yanocomp	20-49	primary	mcc	2	3	2/3	12.5	12	13	0.010063	0.00633884	0.0137872
Arabidopsis	Arabidopsis_WT	yanocomp	>=50	primary	precision	3	3	3/3	7	6	9	0.394426	0.235362	0.504373
Arabidopsis	Arabidopsis_WT	yanocomp	>=50	primary	recall	3	3	3/3	6.33333	3	8	0.110688	0.0536434	0.197816
Arabidopsis	Arabidopsis_WT	yanocomp	>=50	primary	f1	3	3	3/3	5.33333	3	7	0.149451	0.0969731	0.214962
Arabidopsis	Arabidopsis_WT	yanocomp	>=50	primary	mcc	3	3	3/3	4.33333	4	5	0.184635	0.16171	0.206706
Mouse	Mouse_WT	CHEUI_m6A	pooled>=10	pooled	precision	1	1	1/1	13	13	13	0.0121041	0.0121041	0.0121041
Mouse	Mouse_WT	CHEUI_m6A	pooled>=10	pooled	recall	1	1	1/1	13	13	13	0.0201725	0.0201725	0.0201725
Mouse	Mouse_WT	CHEUI_m6A	pooled>=10	pooled	f1	1	1	1/1	13	13	13	0.0151298	0.0151298	0.0151298
Mouse	Mouse_WT	CHEUI_m6A	pooled>=10	pooled	mcc	1	1	1/1	13	13	13	0.011882	0.011882	0.011882
Mouse	Mouse_WT	CHEUI_m6A	5-9	sensitivity	precision	1	1	1/1	5	5	5	0	0	0
Mouse	Mouse_WT	CHEUI_m6A	5-9	sensitivity	recall	1	1	1/1	5	5	5	0	0	0
Mouse	Mouse_WT	CHEUI_m6A	5-9	sensitivity	f1	0	1	0/1						
Mouse	Mouse_WT	CHEUI_m6A	5-9	sensitivity	mcc	1	1	1/1	8	8	8	-6.38037e-05	-6.38037e-05	-6.38037e-05
Mouse	Mouse_WT	CHEUI_m6A	10-19	primary	precision	1	1	1/1	11	11	11	0	0	0
Mouse	Mouse_WT	CHEUI_m6A	10-19	primary	recall	1	1	1/1	11	11	11	0	0	0
Mouse	Mouse_WT	CHEUI_m6A	10-19	primary	f1	0	1	0/1						
Mouse	Mouse_WT	CHEUI_m6A	10-19	primary	mcc	1	1	1/1	12	12	12	-0.000293136	-0.000293136	-0.000293136
Mouse	Mouse_WT	CHEUI_m6A	20-49	primary	precision	1	1	1/1	12	12	12	0.0120113	0.0120113	0.0120113
Mouse	Mouse_WT	CHEUI_m6A	20-49	primary	recall	1	1	1/1	12	12	12	0.0233427	0.0233427	0.0233427
Mouse	Mouse_WT	CHEUI_m6A	20-49	primary	f1	1	1	1/1	12	12	12	0.0158611	0.0158611	0.0158611
Mouse	Mouse_WT	CHEUI_m6A	20-49	primary	mcc	1	1	1/1	12	12	12	0.0122983	0.0122983	0.0122983
Mouse	Mouse_WT	CHEUI_m6A	>=50	primary	precision	1	1	1/1	13	13	13	0.0122383	0.0122383	0.0122383
Mouse	Mouse_WT	CHEUI_m6A	>=50	primary	recall	1	1	1/1	13	13	13	0.0407462	0.0407462	0.0407462
Mouse	Mouse_WT	CHEUI_m6A	>=50	primary	f1	1	1	1/1	13	13	13	0.018823	0.018823	0.018823
Mouse	Mouse_WT	CHEUI_m6A	>=50	primary	mcc	1	1	1/1	13	13	13	0.0168267	0.0168267	0.0168267
Mouse	Mouse_WT	DENA	pooled>=10	pooled	precision	1	1	1/1	8	8	8	0.175348	0.175348	0.175348
Mouse	Mouse_WT	DENA	pooled>=10	pooled	recall	1	1	1/1	3	3	3	0.28289	0.28289	0.28289
Mouse	Mouse_WT	DENA	pooled>=10	pooled	f1	1	1	1/1	2	2	2	0.2165	0.2165	0.2165
Mouse	Mouse_WT	DENA	pooled>=10	pooled	mcc	1	1	1/1	3	3	3	0.219848	0.219848	0.219848
Mouse	Mouse_WT	DENA	5-9	sensitivity	precision	0	1	0/1						
Mouse	Mouse_WT	DENA	5-9	sensitivity	recall	1	1	1/1	5	5	5	0	0	0
Mouse	Mouse_WT	DENA	5-9	sensitivity	f1	0	1	0/1						
Mouse	Mouse_WT	DENA	5-9	sensitivity	mcc	0	1	0/1						
Mouse	Mouse_WT	DENA	10-19	primary	precision	1	1	1/1	4	4	4	0.190448	0.190448	0.190448
Mouse	Mouse_WT	DENA	10-19	primary	recall	1	1	1/1	1	1	1	0.0426178	0.0426178	0.0426178
Mouse	Mouse_WT	DENA	10-19	primary	f1	1	1	1/1	1	1	1	0.0696496	0.0696496	0.0696496
Mouse	Mouse_WT	DENA	10-19	primary	mcc	1	1	1/1	1	1	1	0.0890139	0.0890139	0.0890139
Mouse	Mouse_WT	DENA	20-49	primary	precision	1	1	1/1	7	7	7	0.174567	0.174567	0.174567
Mouse	Mouse_WT	DENA	20-49	primary	recall	1	1	1/1	3	3	3	0.356665	0.356665	0.356665
Mouse	Mouse_WT	DENA	20-49	primary	f1	1	1	1/1	2	2	2	0.234406	0.234406	0.234406
Mouse	Mouse_WT	DENA	20-49	primary	mcc	1	1	1/1	3	3	3	0.246131	0.246131	0.246131
Mouse	Mouse_WT	DENA	>=50	primary	precision	1	1	1/1	7	7	7	0.174627	0.174627	0.174627
Mouse	Mouse_WT	DENA	>=50	primary	recall	1	1	1/1	4	4	4	0.479914	0.479914	0.479914
Mouse	Mouse_WT	DENA	>=50	primary	f1	1	1	1/1	5	5	5	0.256076	0.256076	0.256076
Mouse	Mouse_WT	DENA	>=50	primary	mcc	1	1	1/1	7	7	7	0.286076	0.286076	0.286076
Mouse	Mouse_WT	DRUMMER	pooled>=10	pooled	precision	1	1	1/1	1	1	1	0.697979	0.697979	0.697979
Mouse	Mouse_WT	DRUMMER	pooled>=10	pooled	recall	1	1	1/1	12	12	12	0.0576819	0.0576819	0.0576819
Mouse	Mouse_WT	DRUMMER	pooled>=10	pooled	f1	1	1	1/1	9	9	9	0.106558	0.106558	0.106558
Mouse	Mouse_WT	DRUMMER	pooled>=10	pooled	mcc	1	1	1/1	5	5	5	0.200127	0.200127	0.200127
Mouse	Mouse_WT	DRUMMER	5-9	sensitivity	precision	0	1	0/1						
Mouse	Mouse_WT	DRUMMER	5-9	sensitivity	recall	1	1	1/1	5	5	5	0	0	0
Mouse	Mouse_WT	DRUMMER	5-9	sensitivity	f1	0	1	0/1						
Mouse	Mouse_WT	DRUMMER	5-9	sensitivity	mcc	0	1	0/1						
Mouse	Mouse_WT	DRUMMER	10-19	primary	precision	1	1	1/1	2	2	2	0.434783	0.434783	0.434783
Mouse	Mouse_WT	DRUMMER	10-19	primary	recall	1	1	1/1	7	7	7	0.00131944	0.00131944	0.00131944
Mouse	Mouse_WT	DRUMMER	10-19	primary	f1	1	1	1/1	7	7	7	0.00263089	0.00263089	0.00263089
Mouse	Mouse_WT	DRUMMER	10-19	primary	mcc	1	1	1/1	4	4	4	0.0238403	0.0238403	0.0238403
Mouse	Mouse_WT	DRUMMER	20-49	primary	precision	1	1	1/1	2	2	2	0.606952	0.606952	0.606952
Mouse	Mouse_WT	DRUMMER	20-49	primary	recall	1	1	1/1	11	11	11	0.0266151	0.0266151	0.0266151
Mouse	Mouse_WT	DRUMMER	20-49	primary	f1	1	1	1/1	11	11	11	0.050994	0.050994	0.050994
Mouse	Mouse_WT	DRUMMER	20-49	primary	mcc	1	1	1/1	8	8	8	0.126638	0.126638	0.126638
Mouse	Mouse_WT	DRUMMER	>=50	primary	precision	1	1	1/1	1	1	1	0.725941	0.725941	0.725941
Mouse	Mouse_WT	DRUMMER	>=50	primary	recall	1	1	1/1	10	10	10	0.172123	0.172123	0.172123
Mouse	Mouse_WT	DRUMMER	>=50	primary	f1	1	1	1/1	3	3	3	0.278268	0.278268	0.278268
Mouse	Mouse_WT	DRUMMER	>=50	primary	mcc	1	1	1/1	3	3	3	0.352666	0.352666	0.352666
Mouse	Mouse_WT	ELIGOS2_diff	pooled>=10	pooled	precision	1	1	1/1	3	3	3	0.587384	0.587384	0.587384
Mouse	Mouse_WT	ELIGOS2_diff	pooled>=10	pooled	recall	1	1	1/1	7	7	7	0.101655	0.101655	0.101655
Mouse	Mouse_WT	ELIGOS2_diff	pooled>=10	pooled	f1	1	1	1/1	4	4	4	0.173316	0.173316	0.173316
Mouse	Mouse_WT	ELIGOS2_diff	pooled>=10	pooled	mcc	1	1	1/1	2	2	2	0.243553	0.243553	0.243553
Mouse	Mouse_WT	ELIGOS2_diff	5-9	sensitivity	precision	1	1	1/1	2	2	2	0.177778	0.177778	0.177778
Mouse	Mouse_WT	ELIGOS2_diff	5-9	sensitivity	recall	1	1	1/1	2	2	2	0.00128226	0.00128226	0.00128226
Mouse	Mouse_WT	ELIGOS2_diff	5-9	sensitivity	f1	1	1	1/1	2	2	2	0.00254615	0.00254615	0.00254615
Mouse	Mouse_WT	ELIGOS2_diff	5-9	sensitivity	mcc	1	1	1/1	2	2	2	0.0149605	0.0149605	0.0149605
Mouse	Mouse_WT	ELIGOS2_diff	10-19	primary	precision	1	1	1/1	3	3	3	0.281899	0.281899	0.281899
Mouse	Mouse_WT	ELIGOS2_diff	10-19	primary	recall	1	1	1/1	3	3	3	0.012528	0.012528	0.012528
Mouse	Mouse_WT	ELIGOS2_diff	10-19	primary	f1	1	1	1/1	2	2	2	0.0239899	0.0239899	0.0239899
Mouse	Mouse_WT	ELIGOS2_diff	10-19	primary	mcc	1	1	1/1	3	3	3	0.0589639	0.0589639	0.0589639
Mouse	Mouse_WT	ELIGOS2_diff	20-49	primary	precision	1	1	1/1	4	4	4	0.526882	0.526882	0.526882
Mouse	Mouse_WT	ELIGOS2_diff	20-49	primary	recall	1	1	1/1	9	9	9	0.079972	0.079972	0.079972
Mouse	Mouse_WT	ELIGOS2_diff	20-49	primary	f1	1	1	1/1	5	5	5	0.138866	0.138866	0.138866
Mouse	Mouse_WT	ELIGOS2_diff	20-49	primary	mcc	1	1	1/1	4	4	4	0.204391	0.204391	0.204391
Mouse	Mouse_WT	ELIGOS2_diff	>=50	primary	precision	1	1	1/1	3	3	3	0.66891	0.66891	0.66891
Mouse	Mouse_WT	ELIGOS2_diff	>=50	primary	recall	1	1	1/1	8	8	8	0.240911	0.240911	0.240911
Mouse	Mouse_WT	ELIGOS2_diff	>=50	primary	f1	1	1	1/1	2	2	2	0.354241	0.354241	0.354241
Mouse	Mouse_WT	ELIGOS2_diff	>=50	primary	mcc	1	1	1/1	2	2	2	0.400411	0.400411	0.400411
Mouse	Mouse_WT	ELIGOS2_solo	pooled>=10	pooled	precision	1	1	1/1	12	12	12	0.0588345	0.0588345	0.0588345
Mouse	Mouse_WT	ELIGOS2_solo	pooled>=10	pooled	recall	1	1	1/1	4	4	4	0.209849	0.209849	0.209849
Mouse	Mouse_WT	ELIGOS2_solo	pooled>=10	pooled	f1	1	1	1/1	11	11	11	0.0919026	0.0919026	0.0919026
Mouse	Mouse_WT	ELIGOS2_solo	pooled>=10	pooled	mcc	1	1	1/1	10	10	10	0.106207	0.106207	0.106207
Mouse	Mouse_WT	ELIGOS2_solo	5-9	sensitivity	precision	1	1	1/1	3	3	3	0.0144753	0.0144753	0.0144753
Mouse	Mouse_WT	ELIGOS2_solo	5-9	sensitivity	recall	1	1	1/1	1	1	1	0.00769354	0.00769354	0.00769354
Mouse	Mouse_WT	ELIGOS2_solo	5-9	sensitivity	f1	1	1	1/1	1	1	1	0.0100471	0.0100471	0.0100471
Mouse	Mouse_WT	ELIGOS2_solo	5-9	sensitivity	mcc	1	1	1/1	3	3	3	0.00926781	0.00926781	0.00926781
Mouse	Mouse_WT	ELIGOS2_solo	10-19	primary	precision	1	1	1/1	9	9	9	0.0223009	0.0223009	0.0223009
Mouse	Mouse_WT	ELIGOS2_solo	10-19	primary	recall	1	1	1/1	2	2	2	0.024911	0.024911	0.024911
Mouse	Mouse_WT	ELIGOS2_solo	10-19	primary	f1	1	1	1/1	3	3	3	0.0235338	0.0235338	0.0235338
Mouse	Mouse_WT	ELIGOS2_solo	10-19	primary	mcc	1	1	1/1	5	5	5	0.020903	0.020903	0.020903
Mouse	Mouse_WT	ELIGOS2_solo	20-49	primary	precision	1	1	1/1	10	10	10	0.0702206	0.0702206	0.0702206
Mouse	Mouse_WT	ELIGOS2_solo	20-49	primary	recall	1	1	1/1	4	4	4	0.247161	0.247161	0.247161
Mouse	Mouse_WT	ELIGOS2_solo	20-49	primary	f1	1	1	1/1	7	7	7	0.109369	0.109369	0.109369
Mouse	Mouse_WT	ELIGOS2_solo	20-49	primary	mcc	1	1	1/1	9	9	9	0.126514	0.126514	0.126514
Mouse	Mouse_WT	ELIGOS2_solo	>=50	primary	precision	1	1	1/1	12	12	12	0.0578742	0.0578742	0.0578742
Mouse	Mouse_WT	ELIGOS2_solo	>=50	primary	recall	1	1	1/1	6	6	6	0.381036	0.381036	0.381036
Mouse	Mouse_WT	ELIGOS2_solo	>=50	primary	f1	1	1	1/1	12	12	12	0.100486	0.100486	0.100486
Mouse	Mouse_WT	ELIGOS2_solo	>=50	primary	mcc	1	1	1/1	11	11	11	0.142077	0.142077	0.142077
Mouse	Mouse_WT	EpiNano_Error	pooled>=10	pooled	precision	1	1	1/1	10	10	10	0.0681877	0.0681877	0.0681877
Mouse	Mouse_WT	EpiNano_Error	pooled>=10	pooled	recall	1	1	1/1	8	8	8	0.0816717	0.0816717	0.0816717
Mouse	Mouse_WT	EpiNano_Error	pooled>=10	pooled	f1	1	1	1/1	12	12	12	0.0743231	0.0743231	0.0743231
Mouse	Mouse_WT	EpiNano_Error	pooled>=10	pooled	mcc	1	1	1/1	12	12	12	0.0716154	0.0716154	0.0716154
Mouse	Mouse_WT	EpiNano_Error	5-9	sensitivity	precision	1	1	1/1	4	4	4	0.00223714	0.00223714	0.00223714
Mouse	Mouse_WT	EpiNano_Error	5-9	sensitivity	recall	1	1	1/1	4	4	4	0.000641026	0.000641026	0.000641026
Mouse	Mouse_WT	EpiNano_Error	5-9	sensitivity	f1	1	1	1/1	4	4	4	0.000996512	0.000996512	0.000996512
Mouse	Mouse_WT	EpiNano_Error	5-9	sensitivity	mcc	1	1	1/1	4	4	4	0.000244718	0.000244718	0.000244718
Mouse	Mouse_WT	EpiNano_Error	10-19	primary	precision	1	1	1/1	10	10	10	0.0153846	0.0153846	0.0153846
Mouse	Mouse_WT	EpiNano_Error	10-19	primary	recall	1	1	1/1	5	5	5	0.00500263	0.00500263	0.00500263
Mouse	Mouse_WT	EpiNano_Error	10-19	primary	f1	1	1	1/1	5	5	5	0.00755017	0.00755017	0.00755017
Mouse	Mouse_WT	EpiNano_Error	10-19	primary	mcc	1	1	1/1	9	9	9	0.00731402	0.00731402	0.00731402
Mouse	Mouse_WT	EpiNano_Error	20-49	primary	precision	1	1	1/1	11	11	11	0.0559789	0.0559789	0.0559789
Mouse	Mouse_WT	EpiNano_Error	20-49	primary	recall	1	1	1/1	8	8	8	0.08582	0.08582	0.08582
Mouse	Mouse_WT	EpiNano_Error	20-49	primary	f1	1	1	1/1	10	10	10	0.0677595	0.0677595	0.0677595
Mouse	Mouse_WT	EpiNano_Error	20-49	primary	mcc	1	1	1/1	11	11	11	0.0655451	0.0655451	0.0655451
Mouse	Mouse_WT	EpiNano_Error	>=50	primary	precision	1	1	1/1	9	9	9	0.0943143	0.0943143	0.0943143
Mouse	Mouse_WT	EpiNano_Error	>=50	primary	recall	1	1	1/1	11	11	11	0.169451	0.169451	0.169451
Mouse	Mouse_WT	EpiNano_Error	>=50	primary	f1	1	1	1/1	10	10	10	0.121181	0.121181	0.121181
Mouse	Mouse_WT	EpiNano_Error	>=50	primary	mcc	1	1	1/1	12	12	12	0.122753	0.122753	0.122753
Mouse	Mouse_WT	m6Anet	pooled>=10	pooled	precision	1	1	1/1	5	5	5	0.302173	0.302173	0.302173
Mouse	Mouse_WT	m6Anet	pooled>=10	pooled	recall	1	1	1/1	1	1	1	0.362668	0.362668	0.362668
Mouse	Mouse_WT	m6Anet	pooled>=10	pooled	f1	1	1	1/1	1	1	1	0.329669	0.329669	0.329669
Mouse	Mouse_WT	m6Anet	pooled>=10	pooled	mcc	1	1	1/1	1	1	1	0.328897	0.328897	0.328897
Mouse	Mouse_WT	m6Anet	5-9	sensitivity	precision	1	1	1/1	5	5	5	0	0	0
Mouse	Mouse_WT	m6Anet	5-9	sensitivity	recall	1	1	1/1	5	5	5	0	0	0
Mouse	Mouse_WT	m6Anet	5-9	sensitivity	f1	0	1	0/1						
Mouse	Mouse_WT	m6Anet	5-9	sensitivity	mcc	1	1	1/1	9	9	9	-6.7674e-05	-6.7674e-05	-6.7674e-05
Mouse	Mouse_WT	m6Anet	10-19	primary	precision	1	1	1/1	6	6	6	0.148649	0.148649	0.148649
Mouse	Mouse_WT	m6Anet	10-19	primary	recall	1	1	1/1	6	6	6	0.00145138	0.00145138	0.00145138
Mouse	Mouse_WT	m6Anet	10-19	primary	f1	1	1	1/1	6	6	6	0.00287469	0.00287469	0.00287469
Mouse	Mouse_WT	m6Anet	10-19	primary	mcc	1	1	1/1	6	6	6	0.0144527	0.0144527	0.0144527
Mouse	Mouse_WT	m6Anet	20-49	primary	precision	1	1	1/1	6	6	6	0.289705	0.289705	0.289705
Mouse	Mouse_WT	m6Anet	20-49	primary	recall	1	1	1/1	1	1	1	0.421972	0.421972	0.421972
Mouse	Mouse_WT	m6Anet	20-49	primary	f1	1	1	1/1	1	1	1	0.343547	0.343547	0.343547
Mouse	Mouse_WT	m6Anet	20-49	primary	mcc	1	1	1/1	1	1	1	0.347128	0.347128	0.347128
Mouse	Mouse_WT	m6Anet	>=50	primary	precision	1	1	1/1	5	5	5	0.313968	0.313968	0.313968
Mouse	Mouse_WT	m6Anet	>=50	primary	recall	1	1	1/1	1	1	1	0.73157	0.73157	0.73157
Mouse	Mouse_WT	m6Anet	>=50	primary	f1	1	1	1/1	1	1	1	0.439371	0.439371	0.439371
Mouse	Mouse_WT	m6Anet	>=50	primary	mcc	1	1	1/1	1	1	1	0.477029	0.477029	0.477029
Mouse	Mouse_WT	MINES	pooled>=10	pooled	precision	1	1	1/1	9	9	9	0.0839869	0.0839869	0.0839869
Mouse	Mouse_WT	MINES	pooled>=10	pooled	recall	1	1	1/1	2	2	2	0.318018	0.318018	0.318018
Mouse	Mouse_WT	MINES	pooled>=10	pooled	f1	1	1	1/1	6	6	6	0.132881	0.132881	0.132881
Mouse	Mouse_WT	MINES	pooled>=10	pooled	mcc	1	1	1/1	8	8	8	0.158855	0.158855	0.158855
Mouse	Mouse_WT	MINES	5-9	sensitivity	precision	1	1	1/1	5	5	5	0	0	0
Mouse	Mouse_WT	MINES	5-9	sensitivity	recall	1	1	1/1	5	5	5	0	0	0
Mouse	Mouse_WT	MINES	5-9	sensitivity	f1	0	1	0/1						
Mouse	Mouse_WT	MINES	5-9	sensitivity	mcc	1	1	1/1	6	6	6	-3.19018e-05	-3.19018e-05	-3.19018e-05
Mouse	Mouse_WT	MINES	10-19	primary	precision	1	1	1/1	7	7	7	0.0980392	0.0980392	0.0980392
Mouse	Mouse_WT	MINES	10-19	primary	recall	1	1	1/1	8	8	8	0.000659718	0.000659718	0.000659718
Mouse	Mouse_WT	MINES	10-19	primary	f1	1	1	1/1	9	9	9	0.00131062	0.00131062	0.00131062
Mouse	Mouse_WT	MINES	10-19	primary	mcc	1	1	1/1	8	8	8	0.00784125	0.00784125	0.00784125
Mouse	Mouse_WT	MINES	20-49	primary	precision	1	1	1/1	8	8	8	0.0839277	0.0839277	0.0839277
Mouse	Mouse_WT	MINES	20-49	primary	recall	1	1	1/1	2	2	2	0.384967	0.384967	0.384967
Mouse	Mouse_WT	MINES	20-49	primary	f1	1	1	1/1	6	6	6	0.137811	0.137811	0.137811
Mouse	Mouse_WT	MINES	20-49	primary	mcc	1	1	1/1	6	6	6	0.17443	0.17443	0.17443
Mouse	Mouse_WT	MINES	>=50	primary	precision	1	1	1/1	10	10	10	0.0840227	0.0840227	0.0840227
Mouse	Mouse_WT	MINES	>=50	primary	recall	1	1	1/1	2	2	2	0.62126	0.62126	0.62126
Mouse	Mouse_WT	MINES	>=50	primary	f1	1	1	1/1	9	9	9	0.148026	0.148026	0.148026
Mouse	Mouse_WT	MINES	>=50	primary	mcc	1	1	1/1	9	9	9	0.223051	0.223051	0.223051
Mouse	Mouse_WT	Nanocompore	pooled>=10	pooled	precision	1	1	1/1	4	4	4	0.516214	0.516214	0.516214
Mouse	Mouse_WT	Nanocompore	pooled>=10	pooled	recall	1	1	1/1	11	11	11	0.0703431	0.0703431	0.0703431
Mouse	Mouse_WT	Nanocompore	pooled>=10	pooled	f1	1	1	1/1	7	7	7	0.123814	0.123814	0.123814
Mouse	Mouse_WT	Nanocompore	pooled>=10	pooled	mcc	1	1	1/1	6	6	6	0.189793	0.189793	0.189793
Mouse	Mouse_WT	Nanocompore	5-9	sensitivity	precision	1	1	1/1	5	5	5	0	0	0
Mouse	Mouse_WT	Nanocompore	5-9	sensitivity	recall	1	1	1/1	5	5	5	0	0	0
Mouse	Mouse_WT	Nanocompore	5-9	sensitivity	f1	0	1	0/1						
Mouse	Mouse_WT	Nanocompore	5-9	sensitivity	mcc	1	1	1/1	5	5	5	-2.2558e-05	-2.2558e-05	-2.2558e-05
Mouse	Mouse_WT	Nanocompore	10-19	primary	precision	1	1	1/1	1	1	1	0.531915	0.531915	0.531915
Mouse	Mouse_WT	Nanocompore	10-19	primary	recall	1	1	1/1	4	4	4	0.00659718	0.00659718	0.00659718
Mouse	Mouse_WT	Nanocompore	10-19	primary	f1	1	1	1/1	4	4	4	0.0130327	0.0130327	0.0130327
Mouse	Mouse_WT	Nanocompore	10-19	primary	mcc	1	1	1/1	2	2	2	0.0590282	0.0590282	0.0590282
Mouse	Mouse_WT	Nanocompore	20-49	primary	precision	1	1	1/1	1	1	1	0.619134	0.619134	0.619134
Mouse	Mouse_WT	Nanocompore	20-49	primary	recall	1	1	1/1	10	10	10	0.0402016	0.0402016	0.0402016
Mouse	Mouse_WT	Nanocompore	20-49	primary	f1	1	1	1/1	9	9	9	0.0755008	0.0755008	0.0755008
Mouse	Mouse_WT	Nanocompore	20-49	primary	mcc	1	1	1/1	7	7	7	0.157216	0.157216	0.157216
Mouse	Mouse_WT	Nanocompore	>=50	primary	precision	1	1	1/1	4	4	4	0.491575	0.491575	0.491575
Mouse	Mouse_WT	Nanocompore	>=50	primary	recall	1	1	1/1	9	9	9	0.192384	0.192384	0.192384
Mouse	Mouse_WT	Nanocompore	>=50	primary	f1	1	1	1/1	4	4	4	0.27654	0.27654	0.27654
Mouse	Mouse_WT	Nanocompore	>=50	primary	mcc	1	1	1/1	4	4	4	0.306264	0.306264	0.306264
Mouse	Mouse_WT	Nanom6A	pooled>=10	pooled	precision	1	1	1/1	7	7	7	0.180473	0.180473	0.180473
Mouse	Mouse_WT	Nanom6A	pooled>=10	pooled	recall	1	1	1/1	5	5	5	0.193799	0.193799	0.193799
Mouse	Mouse_WT	Nanom6A	pooled>=10	pooled	f1	1	1	1/1	3	3	3	0.186899	0.186899	0.186899
Mouse	Mouse_WT	Nanom6A	pooled>=10	pooled	mcc	1	1	1/1	7	7	7	0.184548	0.184548	0.184548
Mouse	Mouse_WT	Nanom6A	5-9	sensitivity	precision	0	1	0/1						
Mouse	Mouse_WT	Nanom6A	5-9	sensitivity	recall	1	1	1/1	5	5	5	0	0	0
Mouse	Mouse_WT	Nanom6A	5-9	sensitivity	f1	0	1	0/1						
Mouse	Mouse_WT	Nanom6A	5-9	sensitivity	mcc	0	1	0/1						
Mouse	Mouse_WT	Nanom6A	10-19	primary	precision	0	1	0/1						
Mouse	Mouse_WT	Nanom6A	10-19	primary	recall	1	1	1/1	11	11	11	0	0	0
Mouse	Mouse_WT	Nanom6A	10-19	primary	f1	0	1	0/1						
Mouse	Mouse_WT	Nanom6A	10-19	primary	mcc	0	1	0/1						
Mouse	Mouse_WT	Nanom6A	20-49	primary	precision	1	1	1/1	5	5	5	0.358463	0.358463	0.358463
Mouse	Mouse_WT	Nanom6A	20-49	primary	recall	1	1	1/1	6	6	6	0.11373	0.11373	0.11373
Mouse	Mouse_WT	Nanom6A	20-49	primary	f1	1	1	1/1	4	4	4	0.172675	0.172675	0.172675
Mouse	Mouse_WT	Nanom6A	20-49	primary	mcc	1	1	1/1	5	5	5	0.200524	0.200524	0.200524
Mouse	Mouse_WT	Nanom6A	>=50	primary	precision	1	1	1/1	8	8	8	0.157633	0.157633	0.157633
Mouse	Mouse_WT	Nanom6A	>=50	primary	recall	1	1	1/1	3	3	3	0.549512	0.549512	0.549512
Mouse	Mouse_WT	Nanom6A	>=50	primary	f1	1	1	1/1	7	7	7	0.244988	0.244988	0.244988
Mouse	Mouse_WT	Nanom6A	>=50	primary	mcc	1	1	1/1	6	6	6	0.290614	0.290614	0.290614
Mouse	Mouse_WT	NanoSPA_m6A	pooled>=10	pooled	precision	1	1	1/1	2	2	2	0.61625	0.61625	0.61625
Mouse	Mouse_WT	NanoSPA_m6A	pooled>=10	pooled	recall	1	1	1/1	9	9	9	0.0766662	0.0766662	0.0766662
Mouse	Mouse_WT	NanoSPA_m6A	pooled>=10	pooled	f1	1	1	1/1	5	5	5	0.136367	0.136367	0.136367
Mouse	Mouse_WT	NanoSPA_m6A	pooled>=10	pooled	mcc	1	1	1/1	4	4	4	0.216686	0.216686	0.216686
Mouse	Mouse_WT	NanoSPA_m6A	5-9	sensitivity	precision	1	1	1/1	1	1	1	0.4	0.4	0.4
Mouse	Mouse_WT	NanoSPA_m6A	5-9	sensitivity	recall	1	1	1/1	3	3	3	0.000641128	0.000641128	0.000641128
Mouse	Mouse_WT	NanoSPA_m6A	5-9	sensitivity	f1	1	1	1/1	3	3	3	0.0012802	0.0012802	0.0012802
Mouse	Mouse_WT	NanoSPA_m6A	5-9	sensitivity	mcc	1	1	1/1	1	1	1	0.0159571	0.0159571	0.0159571
Mouse	Mouse_WT	NanoSPA_m6A	10-19	primary	precision	1	1	1/1	5	5	5	0.185185	0.185185	0.185185
Mouse	Mouse_WT	NanoSPA_m6A	10-19	primary	recall	1	1	1/1	8	8	8	0.000659718	0.000659718	0.000659718
Mouse	Mouse_WT	NanoSPA_m6A	10-19	primary	f1	1	1	1/1	8	8	8	0.00131475	0.00131475	0.00131475
Mouse	Mouse_WT	NanoSPA_m6A	10-19	primary	mcc	1	1	1/1	7	7	7	0.0109135	0.0109135	0.0109135
Mouse	Mouse_WT	NanoSPA_m6A	20-49	primary	precision	1	1	1/1	3	3	3	0.561414	0.561414	0.561414
Mouse	Mouse_WT	NanoSPA_m6A	20-49	primary	recall	1	1	1/1	7	7	7	0.113599	0.113599	0.113599
Mouse	Mouse_WT	NanoSPA_m6A	20-49	primary	f1	1	1	1/1	3	3	3	0.188963	0.188963	0.188963
Mouse	Mouse_WT	NanoSPA_m6A	20-49	primary	mcc	1	1	1/1	2	2	2	0.251579	0.251579	0.251579
Mouse	Mouse_WT	NanoSPA_m6A	>=50	primary	precision	1	1	1/1	2	2	2	0.722112	0.722112	0.722112
Mouse	Mouse_WT	NanoSPA_m6A	>=50	primary	recall	1	1	1/1	12	12	12	0.119795	0.119795	0.119795
Mouse	Mouse_WT	NanoSPA_m6A	>=50	primary	f1	1	1	1/1	8	8	8	0.205499	0.205499	0.205499
Mouse	Mouse_WT	NanoSPA_m6A	>=50	primary	mcc	1	1	1/1	5	5	5	0.293398	0.293398	0.293398
Mouse	Mouse_WT	xPore	pooled>=10	pooled	precision	1	1	1/1	11	11	11	0.0644339	0.0644339	0.0644339
Mouse	Mouse_WT	xPore	pooled>=10	pooled	recall	1	1	1/1	6	6	6	0.170915	0.170915	0.170915
Mouse	Mouse_WT	xPore	pooled>=10	pooled	f1	1	1	1/1	10	10	10	0.0935863	0.0935863	0.0935863
Mouse	Mouse_WT	xPore	pooled>=10	pooled	mcc	1	1	1/1	11	11	11	0.100688	0.100688	0.100688
Mouse	Mouse_WT	xPore	5-9	sensitivity	precision	1	1	1/1	5	5	5	0	0	0
Mouse	Mouse_WT	xPore	5-9	sensitivity	recall	1	1	1/1	5	5	5	0	0	0
Mouse	Mouse_WT	xPore	5-9	sensitivity	f1	0	1	0/1						
Mouse	Mouse_WT	xPore	5-9	sensitivity	mcc	1	1	1/1	10	10	10	-0.000110511	-0.000110511	-0.000110511
Mouse	Mouse_WT	xPore	10-19	primary	precision	1	1	1/1	8	8	8	0.0254237	0.0254237	0.0254237
Mouse	Mouse_WT	xPore	10-19	primary	recall	1	1	1/1	10	10	10	0.000395831	0.000395831	0.000395831
Mouse	Mouse_WT	xPore	10-19	primary	f1	1	1	1/1	10	10	10	0.000779524	0.000779524	0.000779524
Mouse	Mouse_WT	xPore	10-19	primary	mcc	1	1	1/1	10	10	10	0.00285479	0.00285479	0.00285479
Mouse	Mouse_WT	xPore	20-49	primary	precision	1	1	1/1	9	9	9	0.0734268	0.0734268	0.0734268
Mouse	Mouse_WT	xPore	20-49	primary	recall	1	1	1/1	5	5	5	0.160718	0.160718	0.160718
Mouse	Mouse_WT	xPore	20-49	primary	f1	1	1	1/1	8	8	8	0.100801	0.100801	0.100801
Mouse	Mouse_WT	xPore	20-49	primary	mcc	1	1	1/1	10	10	10	0.104387	0.104387	0.104387
Mouse	Mouse_WT	xPore	>=50	primary	precision	1	1	1/1	11	11	11	0.0603626	0.0603626	0.0603626
Mouse	Mouse_WT	xPore	>=50	primary	recall	1	1	1/1	5	5	5	0.394617	0.394617	0.394617
Mouse	Mouse_WT	xPore	>=50	primary	f1	1	1	1/1	11	11	11	0.104708	0.104708	0.104708
Mouse	Mouse_WT	xPore	>=50	primary	mcc	1	1	1/1	10	10	10	0.148134	0.148134	0.148134
Mouse	Mouse_WT	yanocomp	pooled>=10	pooled	precision	1	1	1/1	6	6	6	0.231707	0.231707	0.231707
Mouse	Mouse_WT	yanocomp	pooled>=10	pooled	recall	1	1	1/1	10	10	10	0.0749037	0.0749037	0.0749037
Mouse	Mouse_WT	yanocomp	pooled>=10	pooled	f1	1	1	1/1	8	8	8	0.11321	0.11321	0.11321
Mouse	Mouse_WT	yanocomp	pooled>=10	pooled	mcc	1	1	1/1	9	9	9	0.130321	0.130321	0.130321
Mouse	Mouse_WT	yanocomp	5-9	sensitivity	precision	1	1	1/1	5	5	5	0	0	0
Mouse	Mouse_WT	yanocomp	5-9	sensitivity	recall	1	1	1/1	5	5	5	0	0	0
Mouse	Mouse_WT	yanocomp	5-9	sensitivity	f1	0	1	0/1						
Mouse	Mouse_WT	yanocomp	5-9	sensitivity	mcc	1	1	1/1	6	6	6	-3.19018e-05	-3.19018e-05	-3.19018e-05
Mouse	Mouse_WT	yanocomp	10-19	primary	precision	1	1	1/1	11	11	11	0	0	0
Mouse	Mouse_WT	yanocomp	10-19	primary	recall	1	1	1/1	11	11	11	0	0	0
Mouse	Mouse_WT	yanocomp	10-19	primary	f1	0	1	0/1						
Mouse	Mouse_WT	yanocomp	10-19	primary	mcc	1	1	1/1	11	11	11	-5.12874e-05	-5.12874e-05	-5.12874e-05
Mouse	Mouse_WT	yanocomp	20-49	primary	precision	1	1	1/1	13	13	13	0	0	0
Mouse	Mouse_WT	yanocomp	20-49	primary	recall	1	1	1/1	13	13	13	0	0	0
Mouse	Mouse_WT	yanocomp	20-49	primary	f1	0	1	0/1						
Mouse	Mouse_WT	yanocomp	20-49	primary	mcc	1	1	1/1	13	13	13	-9.23038e-05	-9.23038e-05	-9.23038e-05
Mouse	Mouse_WT	yanocomp	>=50	primary	precision	1	1	1/1	6	6	6	0.232029	0.232029	0.232029
Mouse	Mouse_WT	yanocomp	>=50	primary	recall	1	1	1/1	7	7	7	0.269113	0.269113	0.269113
Mouse	Mouse_WT	yanocomp	>=50	primary	f1	1	1	1/1	6	6	6	0.249199	0.249199	0.249199
Mouse	Mouse_WT	yanocomp	>=50	primary	mcc	1	1	1/1	8	8	8	0.24735	0.24735	0.24735
Human	HeLa_WT	CHEUI_m6A	pooled>=10	pooled	precision	3	3	3/3	13	13	13	0.0116001	0.0101515	0.0125963
Human	HeLa_WT	CHEUI_m6A	pooled>=10	pooled	recall	3	3	3/3	12.3333	11	13	0.0125418	0.0108183	0.0145429
Human	HeLa_WT	CHEUI_m6A	pooled>=10	pooled	f1	3	3	3/3	13	13	13	0.0120438	0.0104743	0.0134998
Human	HeLa_WT	CHEUI_m6A	pooled>=10	pooled	mcc	3	3	3/3	13	13	13	0.00747861	0.00593287	0.00859121
Human	HeLa_WT	CHEUI_m6A	5-9	sensitivity	precision	3	3	3/3	4.33333	4	5	0	0	0
Human	HeLa_WT	CHEUI_m6A	5-9	sensitivity	recall	3	3	3/3	4.33333	4	5	0	0	0
Human	HeLa_WT	CHEUI_m6A	5-9	sensitivity	f1	0	3	0/3						
Human	HeLa_WT	CHEUI_m6A	5-9	sensitivity	mcc	3	3	3/3	5	4	7	-6.94209e-05	-9.62265e-05	-4.83995e-05
Human	HeLa_WT	CHEUI_m6A	10-19	primary	precision	3	3	3/3	10	9	11	0	0	0
Human	HeLa_WT	CHEUI_m6A	10-19	primary	recall	3	3	3/3	10	9	11	0	0	0
Human	HeLa_WT	CHEUI_m6A	10-19	primary	f1	0	3	0/3						
Human	HeLa_WT	CHEUI_m6A	10-19	primary	mcc	3	3	3/3	10.3333	10	11	-0.000142526	-0.00017265	-0.000126408
Human	HeLa_WT	CHEUI_m6A	20-49	primary	precision	3	3	3/3	12	12	12	0.0116932	0.0111991	0.0120015
Human	HeLa_WT	CHEUI_m6A	20-49	primary	recall	3	3	3/3	11	10	12	0.0120772	0.0100751	0.0132987
Human	HeLa_WT	CHEUI_m6A	20-49	primary	f1	3	3	3/3	12	12	12	0.0118256	0.010903	0.0124149
Human	HeLa_WT	CHEUI_m6A	20-49	primary	mcc	3	3	3/3	12	12	12	0.007258	0.0069471	0.00746424
Human	HeLa_WT	CHEUI_m6A	>=50	primary	precision	3	3	3/3	13	13	13	0.0115101	0.00951178	0.0128813
Human	HeLa_WT	CHEUI_m6A	>=50	primary	recall	3	3	3/3	12.3333	11	13	0.0517923	0.0445553	0.0656036
Human	HeLa_WT	CHEUI_m6A	>=50	primary	f1	3	3	3/3	13	13	13	0.0187764	0.0157174	0.0215343
Human	HeLa_WT	CHEUI_m6A	>=50	primary	mcc	3	3	3/3	13	13	13	0.0165788	0.0130257	0.0207772
Human	HeLa_WT	DENA	pooled>=10	pooled	precision	3	3	3/3	7.33333	6	9	0.152255	0.0842265	0.190856
Human	HeLa_WT	DENA	pooled>=10	pooled	recall	3	3	3/3	4.66667	3	8	0.135949	0.0475036	0.182134
Human	HeLa_WT	DENA	pooled>=10	pooled	f1	3	3	3/3	4.33333	3	7	0.142323	0.0607463	0.184316
Human	HeLa_WT	DENA	pooled>=10	pooled	mcc	3	3	3/3	5.66667	4	9	0.139767	0.0602748	0.180925
Human	HeLa_WT	DENA	5-9	sensitivity	precision	0	3	0/3						
Human	HeLa_WT	DENA	5-9	sensitivity	recall	3	3	3/3	4.33333	4	5	0	0	0
Human	HeLa_WT	DENA	5-9	sensitivity	f1	0	3	0/3						
Human	HeLa_WT	DENA	5-9	sensitivity	mcc	0	3	0/3						
Human	HeLa_WT	DENA	10-19	primary	precision	3	3	3/3	5.66667	5	6	0.204593	0.110951	0.267057
Human	HeLa_WT	DENA	10-19	primary	recall	3	3	3/3	1.33333	1	2	0.0198733	0.0060039	0.0292735
Human	HeLa_WT	DENA	10-19	primary	f1	3	3	3/3	1.33333	1	2	0.0360945	0.0113914	0.0527633
Human	HeLa_WT	DENA	10-19	primary	mcc	3	3	3/3	2	1	4	0.0621181	0.0248643	0.0870921
Human	HeLa_WT	DENA	20-49	primary	precision	3	3	3/3	7.66667	7	9	0.171612	0.0978392	0.211395
Human	HeLa_WT	DENA	20-49	primary	recall	3	3	3/3	4.33333	3	7	0.207115	0.0669114	0.277524
Human	HeLa_WT	DENA	20-49	primary	f1	3	3	3/3	4	3	6	0.185146	0.0794724	0.239758
Human	HeLa_WT	DENA	20-49	primary	mcc	3	3	3/3	5.66667	4	9	0.183419	0.0775925	0.238064
Human	HeLa_WT	DENA	>=50	primary	precision	3	3	3/3	6.66667	5	9	0.127551	0.0698925	0.159279
Human	HeLa_WT	DENA	>=50	primary	recall	3	3	3/3	5.66667	4	9	0.363912	0.105178	0.495565
Human	HeLa_WT	DENA	>=50	primary	f1	3	3	3/3	5.66667	3	11	0.186304	0.0839793	0.241075
Human	HeLa_WT	DENA	>=50	primary	mcc	3	3	3/3	6.66667	4	12	0.209345	0.0813941	0.276683
Human	HeLa_WT	DRUMMER	pooled>=10	pooled	precision	3	3	3/3	2	2	2	0.695637	0.590361	0.812191
Human	HeLa_WT	DRUMMER	pooled>=10	pooled	recall	3	3	3/3	12.3333	12	13	0.0136198	0.0104049	0.0168374
Human	HeLa_WT	DRUMMER	pooled>=10	pooled	f1	3	3	3/3	12	12	12	0.0267144	0.0204493	0.0329909
Human	HeLa_WT	DRUMMER	pooled>=10	pooled	mcc	3	3	3/3	7	6	8	0.0968855	0.0779442	0.116584
Human	HeLa_WT	DRUMMER	5-9	sensitivity	precision	0	3	0/3						
Human	HeLa_WT	DRUMMER	5-9	sensitivity	recall	3	3	3/3	4.33333	4	5	0	0	0
Human	HeLa_WT	DRUMMER	5-9	sensitivity	f1	0	3	0/3						
Human	HeLa_WT	DRUMMER	5-9	sensitivity	mcc	0	3	0/3						
Human	HeLa_WT	DRUMMER	10-19	primary	precision	1	3	1/3	1	1	1	1	1	1
Human	HeLa_WT	DRUMMER	10-19	primary	recall	3	3	3/3	9	8	10	2.59909e-05	0	7.79727e-05
Human	HeLa_WT	DRUMMER	10-19	primary	f1	1	3	1/3	8	8	8	0.000155933	0.000155933	0.000155933
Human	HeLa_WT	DRUMMER	10-19	primary	mcc	1	3	1/3	7	7	7	0.00881118	0.00881118	0.00881118
Human	HeLa_WT	DRUMMER	20-49	primary	precision	3	3	3/3	2	1	3	0.84564	0.775	0.910569
Human	HeLa_WT	DRUMMER	20-49	primary	recall	3	3	3/3	11.6667	11	12	0.00898812	0.00643955	0.0102809
Human	HeLa_WT	DRUMMER	20-49	primary	f1	3	3	3/3	11	11	11	0.0177831	0.012773	0.0203322
Human	HeLa_WT	DRUMMER	20-49	primary	mcc	3	3	3/3	8.66667	8	9	0.086663	0.0703765	0.0965045
Human	HeLa_WT	DRUMMER	>=50	primary	precision	3	3	3/3	2	2	2	0.660873	0.555024	0.786749
Human	HeLa_WT	DRUMMER	>=50	primary	recall	3	3	3/3	12.3333	12	13	0.065072	0.0535549	0.073328
Human	HeLa_WT	DRUMMER	>=50	primary	f1	3	3	3/3	7.33333	7	8	0.118342	0.0976842	0.131598
Human	HeLa_WT	DRUMMER	>=50	primary	mcc	3	3	3/3	6.66667	6	7	0.20627	0.1716	0.231212
Human	HeLa_WT	ELIGOS2_diff	pooled>=10	pooled	precision	3	3	3/3	3	3	3	0.612093	0.549072	0.669681
Human	HeLa_WT	ELIGOS2_diff	pooled>=10	pooled	recall	3	3	3/3	9	9	9	0.0334274	0.0292414	0.0378239
Human	HeLa_WT	ELIGOS2_diff	pooled>=10	pooled	f1	3	3	3/3	6.66667	6	7	0.0633907	0.0555258	0.0716035
Human	HeLa_WT	ELIGOS2_diff	pooled>=10	pooled	mcc	3	3	3/3	5.66667	5	6	0.142325	0.125948	0.1585
Human	HeLa_WT	ELIGOS2_diff	5-9	sensitivity	precision	3	3	3/3	1	1	1	0.390688	0.210526	0.5
Human	HeLa_WT	ELIGOS2_diff	5-9	sensitivity	recall	3	3	3/3	2.33333	2	3	0.000725154	0.000301887	0.00112118
Human	HeLa_WT	ELIGOS2_diff	5-9	sensitivity	f1	3	3	3/3	2.33333	2	3	0.00144746	0.000602909	0.00223693
Human	HeLa_WT	ELIGOS2_diff	5-9	sensitivity	mcc	3	3	3/3	1.33333	1	2	0.0165554	0.00781897	0.0225716
Human	HeLa_WT	ELIGOS2_diff	10-19	primary	precision	3	3	3/3	3.66667	3	4	0.526937	0.439394	0.597938
Human	HeLa_WT	ELIGOS2_diff	10-19	primary	recall	3	3	3/3	3.33333	3	4	0.00464039	0.00405708	0.00534131
Human	HeLa_WT	ELIGOS2_diff	10-19	primary	f1	3	3	3/3	3.33333	3	4	0.00919875	0.00803992	0.0105787
Human	HeLa_WT	ELIGOS2_diff	10-19	primary	mcc	3	3	3/3	1.66667	1	2	0.0490465	0.0418578	0.0535405
Human	HeLa_WT	ELIGOS2_diff	20-49	primary	precision	3	3	3/3	4	4	4	0.667315	0.605809	0.707182
Human	HeLa_WT	ELIGOS2_diff	20-49	primary	recall	3	3	3/3	9	9	9	0.0346032	0.0302591	0.0384179
Human	HeLa_WT	ELIGOS2_diff	20-49	primary	f1	3	3	3/3	7	7	7	0.0657855	0.0576392	0.0727775
Human	HeLa_WT	ELIGOS2_diff	20-49	primary	mcc	3	3	3/3	5.66667	5	6	0.151227	0.134655	0.162016
Human	HeLa_WT	ELIGOS2_diff	>=50	primary	precision	3	3	3/3	3	3	3	0.591824	0.534676	0.656526
Human	HeLa_WT	ELIGOS2_diff	>=50	primary	recall	3	3	3/3	8.66667	8	9	0.117697	0.109382	0.12465
Human	HeLa_WT	ELIGOS2_diff	>=50	primary	f1	3	3	3/3	4	3	5	0.196215	0.181611	0.205466
Human	HeLa_WT	ELIGOS2_diff	>=50	primary	mcc	3	3	3/3	4.66667	3	6	0.262678	0.240678	0.278563
Human	HeLa_WT	ELIGOS2_solo	pooled>=10	pooled	precision	3	3	3/3	10	10	10	0.0644183	0.0557354	0.0800505
Human	HeLa_WT	ELIGOS2_solo	pooled>=10	pooled	recall	3	3	3/3	4.66667	4	5	0.133084	0.124746	0.141142
Human	HeLa_WT	ELIGOS2_solo	pooled>=10	pooled	f1	3	3	3/3	5	4	6	0.0864877	0.0786155	0.10216
Human	HeLa_WT	ELIGOS2_solo	pooled>=10	pooled	mcc	3	3	3/3	7.33333	7	8	0.0864867	0.0783567	0.101204
Human	HeLa_WT	ELIGOS2_solo	5-9	sensitivity	precision	3	3	3/3	2.33333	2	3	0.0407441	0.0362903	0.0433369
Human	HeLa_WT	ELIGOS2_solo	5-9	sensitivity	recall	3	3	3/3	1	1	1	0.00626796	0.00547233	0.00679194
Human	HeLa_WT	ELIGOS2_solo	5-9	sensitivity	f1	3	3	3/3	1	1	1	0.0108329	0.00971758	0.0114424
Human	HeLa_WT	ELIGOS2_solo	5-9	sensitivity	mcc	3	3	3/3	1.66667	1	2	0.0142205	0.0137846	0.0149121
Human	HeLa_WT	ELIGOS2_solo	10-19	primary	precision	3	3	3/3	8.33333	8	9	0.0379205	0.0327869	0.0449615
Human	HeLa_WT	ELIGOS2_solo	10-19	primary	recall	3	3	3/3	1.66667	1	2	0.0219667	0.0200234	0.0257396
Human	HeLa_WT	ELIGOS2_solo	10-19	primary	f1	3	3	3/3	1.66667	1	2	0.0275598	0.0249502	0.0300218
Human	HeLa_WT	ELIGOS2_solo	10-19	primary	mcc	3	3	3/3	3	3	3	0.0252588	0.0219756	0.027213
Human	HeLa_WT	ELIGOS2_solo	20-49	primary	precision	3	3	3/3	8.66667	8	9	0.0836487	0.0731773	0.101883
Human	HeLa_WT	ELIGOS2_solo	20-49	primary	recall	3	3	3/3	4.33333	3	5	0.199552	0.188868	0.215264
Human	HeLa_WT	ELIGOS2_solo	20-49	primary	f1	3	3	3/3	5.66667	5	6	0.117074	0.10827	0.133727
Human	HeLa_WT	ELIGOS2_solo	20-49	primary	mcc	3	3	3/3	6.66667	6	7	0.122422	0.112966	0.135537
Human	HeLa_WT	ELIGOS2_solo	>=50	primary	precision	3	3	3/3	10.3333	10	11	0.0548912	0.0454126	0.0697903
Human	HeLa_WT	ELIGOS2_solo	>=50	primary	recall	3	3	3/3	4.66667	4	5	0.317579	0.309005	0.325672
Human	HeLa_WT	ELIGOS2_solo	>=50	primary	f1	3	3	3/3	9.33333	8	11	0.0930659	0.0797101	0.113864
Human	HeLa_WT	ELIGOS2_solo	>=50	primary	mcc	3	3	3/3	8.33333	8	9	0.123575	0.113432	0.139981
Human	HeLa_WT	EpiNano_Error	pooled>=10	pooled	precision	3	3	3/3	11	11	11	0.0479054	0.0418993	0.0549306
Human	HeLa_WT	EpiNano_Error	pooled>=10	pooled	recall	3	3	3/3	5.66667	5	6	0.0569769	0.0479837	0.0629735
Human	HeLa_WT	EpiNano_Error	pooled>=10	pooled	f1	3	3	3/3	8	8	8	0.051943	0.0447355	0.0573414
Human	HeLa_WT	EpiNano_Error	pooled>=10	pooled	mcc	3	3	3/3	10.3333	10	11	0.047554	0.0400483	0.0529803
Human	HeLa_WT	EpiNano_Error	5-9	sensitivity	precision	3	3	3/3	3.33333	3	4	0.0108753	0.00687285	0.015852
Human	HeLa_WT	EpiNano_Error	5-9	sensitivity	recall	3	3	3/3	2.66667	2	3	0.000532017	0.000280295	0.000905387
Human	HeLa_WT	EpiNano_Error	5-9	sensitivity	f1	3	3	3/3	2.66667	2	3	0.00101086	0.000545157	0.00171294
Human	HeLa_WT	EpiNano_Error	5-9	sensitivity	mcc	3	3	3/3	3.33333	3	4	0.00142486	0.000671706	0.00271631
Human	HeLa_WT	EpiNano_Error	10-19	primary	precision	3	3	3/3	8.66667	7	10	0.0224107	0.00631912	0.0487805
Human	HeLa_WT	EpiNano_Error	10-19	primary	recall	3	3	3/3	4	3	5	0.00286075	0.000427305	0.00558425
Human	HeLa_WT	EpiNano_Error	10-19	primary	f1	3	3	3/3	4	3	5	0.00502141	0.00080048	0.0100213
Human	HeLa_WT	EpiNano_Error	10-19	primary	mcc	3	3	3/3	7.33333	5	9	0.00631132	0.000424936	0.0148993
Human	HeLa_WT	EpiNano_Error	20-49	primary	precision	3	3	3/3	11	11	11	0.0418033	0.0363477	0.049003
Human	HeLa_WT	EpiNano_Error	20-49	primary	recall	3	3	3/3	6.66667	6	7	0.0737622	0.0598027	0.0878064
Human	HeLa_WT	EpiNano_Error	20-49	primary	f1	3	3	3/3	8.33333	8	9	0.0533387	0.0452144	0.0629017
Human	HeLa_WT	EpiNano_Error	20-49	primary	mcc	3	3	3/3	10.3333	10	11	0.0497344	0.0406378	0.0599104
Human	HeLa_WT	EpiNano_Error	>=50	primary	precision	3	3	3/3	10.6667	10	11	0.0583181	0.0470903	0.0670496
Human	HeLa_WT	EpiNano_Error	>=50	primary	recall	3	3	3/3	6.66667	6	7	0.182613	0.159637	0.210094
Human	HeLa_WT	EpiNano_Error	>=50	primary	f1	3	3	3/3	10.3333	10	11	0.0883511	0.0727273	0.101656
Human	HeLa_WT	EpiNano_Error	>=50	primary	mcc	3	3	3/3	9.66667	9	10	0.0971548	0.0803805	0.113031
Human	HeLa_WT	m6Anet	pooled>=10	pooled	precision	3	3	3/3	4	4	4	0.406039	0.398413	0.414387
Human	HeLa_WT	m6Anet	pooled>=10	pooled	recall	3	3	3/3	3.33333	2	4	0.166752	0.152828	0.187282
Human	HeLa_WT	m6Anet	pooled>=10	pooled	f1	3	3	3/3	1.33333	1	2	0.236156	0.220915	0.257973
Human	HeLa_WT	m6Anet	pooled>=10	pooled	mcc	3	3	3/3	1	1	1	0.258011	0.244673	0.276586
Human	HeLa_WT	m6Anet	5-9	sensitivity	precision	1	3	1/3	5	5	5	0	0	0
Human	HeLa_WT	m6Anet	5-9	sensitivity	recall	3	3	3/3	4.33333	4	5	0	0	0
Human	HeLa_WT	m6Anet	5-9	sensitivity	f1	0	3	0/3						
Human	HeLa_WT	m6Anet	5-9	sensitivity	mcc	1	3	1/3	5	5	5	-3.42236e-05	-3.42236e-05	-3.42236e-05
Human	HeLa_WT	m6Anet	10-19	primary	precision	3	3	3/3	3.33333	1	5	0.588889	0.266667	1
Human	HeLa_WT	m6Anet	10-19	primary	recall	3	3	3/3	7	7	7	0.000186209	0.000106838	0.000311891
Human	HeLa_WT	m6Anet	10-19	primary	f1	3	3	3/3	7	7	7	0.000372147	0.00021363	0.000623053
Human	HeLa_WT	m6Anet	10-19	primary	mcc	3	3	3/3	6.33333	6	7	0.00934948	0.00725732	0.0117992
Human	HeLa_WT	m6Anet	20-49	primary	precision	3	3	3/3	5.33333	5	6	0.423268	0.415857	0.430693
Human	HeLa_WT	m6Anet	20-49	primary	recall	3	3	3/3	3.33333	2	4	0.204693	0.191317	0.226341
Human	HeLa_WT	m6Anet	20-49	primary	f1	3	3	3/3	1.66667	1	2	0.275691	0.263519	0.296738
Human	HeLa_WT	m6Anet	20-49	primary	mcc	3	3	3/3	2	2	2	0.292024	0.282311	0.310044
Human	HeLa_WT	m6Anet	>=50	primary	precision	3	3	3/3	4	4	4	0.393126	0.381555	0.413725
Human	HeLa_WT	m6Anet	>=50	primary	recall	3	3	3/3	2.66667	2	3	0.590622	0.571363	0.600503
Human	HeLa_WT	m6Anet	>=50	primary	f1	3	3	3/3	1	1	1	0.471946	0.457555	0.489916
Human	HeLa_WT	m6Anet	>=50	primary	mcc	3	3	3/3	1	1	1	0.479477	0.464511	0.496136
Human	HeLa_WT	MINES	pooled>=10	pooled	precision	3	3	3/3	8	8	8	0.117457	0.116711	0.118657
Human	HeLa_WT	MINES	pooled>=10	pooled	recall	3	3	3/3	1.66667	1	2	0.217244	0.200567	0.239515
Human	HeLa_WT	MINES	pooled>=10	pooled	f1	3	3	3/3	3.66667	3	4	0.152317	0.147557	0.158696
Human	HeLa_WT	MINES	pooled>=10	pooled	mcc	3	3	3/3	4.66667	4	5	0.154612	0.148092	0.163615
Human	HeLa_WT	MINES	5-9	sensitivity	precision	1	3	1/3	5	5	5	0	0	0
Human	HeLa_WT	MINES	5-9	sensitivity	recall	3	3	3/3	4.33333	4	5	0	0	0
Human	HeLa_WT	MINES	5-9	sensitivity	f1	0	3	0/3						
Human	HeLa_WT	MINES	5-9	sensitivity	mcc	1	3	1/3	7	7	7	-4.83995e-05	-4.83995e-05	-4.83995e-05
Human	HeLa_WT	MINES	10-19	primary	precision	3	3	3/3	6	5	7	0.132155	0.0555556	0.25
Human	HeLa_WT	MINES	10-19	primary	recall	3	3	3/3	7.33333	7	8	0.000108237	7.79727e-05	0.000139899
Human	HeLa_WT	MINES	10-19	primary	f1	3	3	3/3	8.33333	8	9	0.000216264	0.000155727	0.000279642
Human	HeLa_WT	MINES	10-19	primary	mcc	3	3	3/3	8	7	9	0.00356669	0.0019241	0.00581326
Human	HeLa_WT	MINES	20-49	primary	precision	3	3	3/3	7.66667	7	8	0.126847	0.123644	0.128521
Human	HeLa_WT	MINES	20-49	primary	recall	3	3	3/3	1.66667	1	2	0.322455	0.31277	0.328671
Human	HeLa_WT	MINES	20-49	primary	f1	3	3	3/3	3.66667	3	4	0.18207	0.177226	0.184786
Human	HeLa_WT	MINES	20-49	primary	mcc	3	3	3/3	4.66667	4	5	0.19658	0.191195	0.199978
Human	HeLa_WT	MINES	>=50	primary	precision	3	3	3/3	8	8	8	0.10843	0.104493	0.114336
Human	HeLa_WT	MINES	>=50	primary	recall	3	3	3/3	1.66667	1	2	0.647697	0.639516	0.655427
Human	HeLa_WT	MINES	>=50	primary	f1	3	3	3/3	4.33333	4	5	0.185728	0.179635	0.194382
Human	HeLa_WT	MINES	>=50	primary	mcc	3	3	3/3	5.33333	5	6	0.259242	0.252895	0.266471
Human	HeLa_WT	Nanocompore	pooled>=10	pooled	precision	3	3	3/3	5.66667	5	7	0.276892	0.146048	0.405846
Human	HeLa_WT	Nanocompore	pooled>=10	pooled	recall	3	3	3/3	11.3333	11	12	0.0162341	0.0120328	0.0203845
Human	HeLa_WT	Nanocompore	pooled>=10	pooled	f1	3	3	3/3	11	11	11	0.0306085	0.0222338	0.0388192
Human	HeLa_WT	Nanocompore	pooled>=10	pooled	mcc	3	3	3/3	8.66667	8	9	0.0657895	0.0406945	0.0902078
Human	HeLa_WT	Nanocompore	5-9	sensitivity	precision	0	3	0/3						
Human	HeLa_WT	Nanocompore	5-9	sensitivity	recall	3	3	3/3	4.33333	4	5	0	0	0
Human	HeLa_WT	Nanocompore	5-9	sensitivity	f1	0	3	0/3						
Human	HeLa_WT	Nanocompore	5-9	sensitivity	mcc	0	3	0/3						
Human	HeLa_WT	Nanocompore	10-19	primary	precision	3	3	3/3	2	1	3	0.7	0.666667	0.766667
Human	HeLa_WT	Nanocompore	10-19	primary	recall	3	3	3/3	5	4	6	0.000975957	0.000279799	0.00179337
Human	HeLa_WT	Nanocompore	10-19	primary	f1	3	3	3/3	5	4	6	0.00194831	0.000559362	0.00357837
Human	HeLa_WT	Nanocompore	10-19	primary	mcc	3	3	3/3	4	2	6	0.0247671	0.0135913	0.0369514
Human	HeLa_WT	Nanocompore	20-49	primary	precision	3	3	3/3	2.33333	2	3	0.824474	0.803571	0.860759
Human	HeLa_WT	Nanocompore	20-49	primary	recall	3	3	3/3	10.3333	10	11	0.0121007	0.00934774	0.0144715
Human	HeLa_WT	Nanocompore	20-49	primary	f1	3	3	3/3	10	10	10	0.0238412	0.0184805	0.0284345
Human	HeLa_WT	Nanocompore	20-49	primary	mcc	3	3	3/3	7.66667	7	8	0.0991921	0.0863604	0.107855
Human	HeLa_WT	Nanocompore	>=50	primary	precision	3	3	3/3	5.66667	5	7	0.221226	0.111312	0.341387
Human	HeLa_WT	Nanocompore	>=50	primary	recall	3	3	3/3	11.3333	11	12	0.0714777	0.0567867	0.0789686
Human	HeLa_WT	Nanocompore	>=50	primary	f1	3	3	3/3	8.33333	7	10	0.106004	0.0752064	0.127883
Human	HeLa_WT	Nanocompore	>=50	primary	mcc	3	3	3/3	8.33333	7	10	0.122226	0.0770573	0.16242
Human	HeLa_WT	Nanom6A	pooled>=10	pooled	precision	3	3	3/3	5.66667	5	6	0.220948	0.207078	0.242621
Human	HeLa_WT	Nanom6A	pooled>=10	pooled	recall	3	3	3/3	1.66667	1	3	0.208806	0.145687	0.241877
Human	HeLa_WT	Nanom6A	pooled>=10	pooled	f1	3	3	3/3	1.66667	1	2	0.210151	0.182055	0.225269
Human	HeLa_WT	Nanom6A	pooled>=10	pooled	mcc	3	3	3/3	2.33333	2	3	0.209084	0.185355	0.221994
Human	HeLa_WT	Nanom6A	5-9	sensitivity	precision	0	3	0/3						
Human	HeLa_WT	Nanom6A	5-9	sensitivity	recall	3	3	3/3	4.33333	4	5	0	0	0
Human	HeLa_WT	Nanom6A	5-9	sensitivity	f1	0	3	0/3						
Human	HeLa_WT	Nanom6A	5-9	sensitivity	mcc	0	3	0/3						
Human	HeLa_WT	Nanom6A	10-19	primary	precision	0	3	0/3						
Human	HeLa_WT	Nanom6A	10-19	primary	recall	3	3	3/3	10	9	11	0	0	0
Human	HeLa_WT	Nanom6A	10-19	primary	f1	0	3	0/3						
Human	HeLa_WT	Nanom6A	10-19	primary	mcc	0	3	0/3						
Human	HeLa_WT	Nanom6A	20-49	primary	precision	3	3	3/3	5.66667	5	6	0.332945	0.281029	0.428041
Human	HeLa_WT	Nanom6A	20-49	primary	recall	3	3	3/3	2	1	4	0.317053	0.126939	0.420813
Human	HeLa_WT	Nanom6A	20-49	primary	f1	3	3	3/3	1.33333	1	2	0.290027	0.195809	0.33727
Human	HeLa_WT	Nanom6A	20-49	primary	mcc	3	3	3/3	1.66667	1	3	0.303288	0.23138	0.340325
Human	HeLa_WT	Nanom6A	>=50	primary	precision	3	3	3/3	6.33333	6	7	0.169154	0.150526	0.200878
Human	HeLa_WT	Nanom6A	>=50	primary	recall	3	3	3/3	1.66667	1	3	0.629582	0.518339	0.689113
Human	HeLa_WT	Nanom6A	>=50	primary	f1	3	3	3/3	2	2	2	0.263535	0.246573	0.289545
Human	HeLa_WT	Nanom6A	>=50	primary	mcc	3	3	3/3	2	2	2	0.31927	0.315562	0.323566
Human	HeLa_WT	NanoSPA_m6A	pooled>=10	pooled	precision	3	3	3/3	1	1	1	0.873157	0.865657	0.885496
Human	HeLa_WT	NanoSPA_m6A	pooled>=10	pooled	recall	3	3	3/3	7.66667	7	8	0.0471294	0.0410561	0.0526945
Human	HeLa_WT	NanoSPA_m6A	pooled>=10	pooled	f1	3	3	3/3	5.33333	5	6	0.0893796	0.0784738	0.0993593
Human	HeLa_WT	NanoSPA_m6A	pooled>=10	pooled	mcc	3	3	3/3	2.66667	2	3	0.201994	0.190134	0.213342
Human	HeLa_WT	NanoSPA_m6A	5-9	sensitivity	precision	2	3	2/3	3	2	4	0.1	0	0.2
Human	HeLa_WT	NanoSPA_m6A	5-9	sensitivity	recall	3	3	3/3	4	4	4	2.28014e-05	0	6.84041e-05
Human	HeLa_WT	NanoSPA_m6A	5-9	sensitivity	f1	1	3	1/3	4	4	4	0.000136761	0.000136761	0.000136761
Human	HeLa_WT	NanoSPA_m6A	5-9	sensitivity	mcc	2	3	2/3	3.5	3	4	0.00178313	-6.36366e-05	0.0036299
Human	HeLa_WT	NanoSPA_m6A	10-19	primary	precision	3	3	3/3	2	1	3	0.697222	0.625	0.8
Human	HeLa_WT	NanoSPA_m6A	10-19	primary	recall	3	3	3/3	5.66667	5	6	0.000387712	0.000213675	0.000559597
Human	HeLa_WT	NanoSPA_m6A	10-19	primary	f1	3	3	3/3	5.66667	5	6	0.000774955	0.000427213	0.00111841
Human	HeLa_WT	NanoSPA_m6A	10-19	primary	mcc	3	3	3/3	4.66667	4	5	0.0161654	0.0118792	0.0210813
Human	HeLa_WT	NanoSPA_m6A	20-49	primary	precision	3	3	3/3	1.66667	1	3	0.858512	0.852354	0.869757
Human	HeLa_WT	NanoSPA_m6A	20-49	primary	recall	3	3	3/3	5.66667	5	6	0.0937241	0.0818446	0.101301
Human	HeLa_WT	NanoSPA_m6A	20-49	primary	f1	3	3	3/3	4.66667	4	5	0.168849	0.149611	0.181105
Human	HeLa_WT	NanoSPA_m6A	20-49	primary	mcc	3	3	3/3	2.33333	1	3	0.28251	0.266029	0.293223
Human	HeLa_WT	NanoSPA_m6A	>=50	primary	precision	3	3	3/3	1	1	1	0.912478	0.902724	0.923858
Human	HeLa_WT	NanoSPA_m6A	>=50	primary	recall	3	3	3/3	10	10	10	0.0873717	0.0840647	0.0935484
Human	HeLa_WT	NanoSPA_m6A	>=50	primary	f1	3	3	3/3	5.66667	5	6	0.159431	0.154107	0.169529
Human	HeLa_WT	NanoSPA_m6A	>=50	primary	mcc	3	3	3/3	3.33333	3	4	0.281662	0.276841	0.290022
Human	HeLa_WT	xPore	pooled>=10	pooled	precision	3	3	3/3	12	12	12	0.040144	0.033628	0.0453715
Human	HeLa_WT	xPore	pooled>=10	pooled	recall	3	3	3/3	6.66667	6	7	0.0533612	0.0464525	0.0600538
Human	HeLa_WT	xPore	pooled>=10	pooled	f1	3	3	3/3	9	9	9	0.0458108	0.0390134	0.0516903
Human	HeLa_WT	xPore	pooled>=10	pooled	mcc	3	3	3/3	11.3333	11	12	0.0413668	0.0342586	0.0475515
Human	HeLa_WT	xPore	5-9	sensitivity	precision	3	3	3/3	4.33333	4	5	0	0	0
Human	HeLa_WT	xPore	5-9	sensitivity	recall	3	3	3/3	4.33333	4	5	0	0	0
Human	HeLa_WT	xPore	5-9	sensitivity	f1	0	3	0/3						
Human	HeLa_WT	xPore	5-9	sensitivity	mcc	3	3	3/3	6	4	9	-9.05163e-05	-0.000111113	-6.36366e-05
Human	HeLa_WT	xPore	10-19	primary	precision	3	3	3/3	7.66667	7	9	0.0423281	0	0.0714286
Human	HeLa_WT	xPore	10-19	primary	recall	3	3	3/3	8	7	9	6.16036e-05	0	0.000106838
Human	HeLa_WT	xPore	10-19	primary	f1	2	3	2/3	9	9	9	0.000184541	0.000155727	0.000213356
Human	HeLa_WT	xPore	10-19	primary	mcc	3	3	3/3	8.66667	8	9	0.00145302	-0.000152263	0.00258722
Human	HeLa_WT	xPore	20-49	primary	precision	3	3	3/3	10	10	10	0.0502521	0.0469115	0.052814
Human	HeLa_WT	xPore	20-49	primary	recall	3	3	3/3	8	8	8	0.0527191	0.0457841	0.0618005
Human	HeLa_WT	xPore	20-49	primary	f1	3	3	3/3	8.66667	8	9	0.0513655	0.046341	0.0569549
Human	HeLa_WT	xPore	20-49	primary	mcc	3	3	3/3	10.6667	10	11	0.0469916	0.041771	0.0525452
Human	HeLa_WT	xPore	>=50	primary	precision	3	3	3/3	12	12	12	0.0362835	0.0294296	0.0431804
Human	HeLa_WT	xPore	>=50	primary	recall	3	3	3/3	5.66667	5	6	0.215898	0.199543	0.232735
Human	HeLa_WT	xPore	>=50	primary	f1	3	3	3/3	12	12	12	0.0619832	0.0512941	0.0719403
Human	HeLa_WT	xPore	>=50	primary	mcc	3	3	3/3	11.6667	11	12	0.0801342	0.0678085	0.0887725
Human	HeLa_WT	yanocomp	pooled>=10	pooled	precision	3	3	3/3	8.33333	7	9	0.0889101	0.0582547	0.122633
Human	HeLa_WT	yanocomp	pooled>=10	pooled	recall	3	3	3/3	10	10	10	0.0219996	0.0174546	0.0273445
Human	HeLa_WT	yanocomp	pooled>=10	pooled	f1	3	3	3/3	10	10	10	0.0351938	0.026861	0.0447179
Human	HeLa_WT	yanocomp	pooled>=10	pooled	mcc	3	3	3/3	11.3333	10	12	0.0420195	0.0294385	0.0560492
Human	HeLa_WT	yanocomp	5-9	sensitivity	precision	1	3	1/3	5	5	5	0	0	0
Human	HeLa_WT	yanocomp	5-9	sensitivity	recall	3	3	3/3	4.33333	4	5	0	0	0
Human	HeLa_WT	yanocomp	5-9	sensitivity	f1	0	3	0/3						
Human	HeLa_WT	yanocomp	5-9	sensitivity	mcc	1	3	1/3	5	5	5	-3.42236e-05	-3.42236e-05	-3.42236e-05
Human	HeLa_WT	yanocomp	10-19	primary	precision	0	3	0/3						
Human	HeLa_WT	yanocomp	10-19	primary	recall	3	3	3/3	10	9	11	0	0	0
Human	HeLa_WT	yanocomp	10-19	primary	f1	0	3	0/3						
Human	HeLa_WT	yanocomp	10-19	primary	mcc	0	3	0/3						
Human	HeLa_WT	yanocomp	20-49	primary	precision	3	3	3/3	13	13	13	0	0	0
Human	HeLa_WT	yanocomp	20-49	primary	recall	3	3	3/3	13	13	13	0	0	0
Human	HeLa_WT	yanocomp	20-49	primary	f1	0	3	0/3						
Human	HeLa_WT	yanocomp	20-49	primary	mcc	3	3	3/3	13	13	13	-7.93684e-05	-0.000139222	-4.18318e-05
Human	HeLa_WT	yanocomp	>=50	primary	precision	3	3	3/3	8.33333	7	9	0.0889412	0.0583097	0.122652
Human	HeLa_WT	yanocomp	>=50	primary	recall	3	3	3/3	7.66667	7	8	0.135771	0.112837	0.152252
Human	HeLa_WT	yanocomp	>=50	primary	f1	3	3	3/3	8	6	9	0.106135	0.0768872	0.131715
Human	HeLa_WT	yanocomp	>=50	primary	mcc	3	3	3/3	10.3333	9	11	0.104921	0.0762911	0.128397
