Tool	Species_Name	N_Sites	KL_Divergence	DRACH_frac	AGAC_frac	GGAC_frac	AGAC_minus_GGAC
CHEUI_m6A	Arabidopsis	17598	86.0071510868489	0.0605182407091715	0.011876349585180135	0.008978292987839528	0.002898056597340607
CHEUI_m6A	Arabidopsis	19019	84.99999473675419	0.06409380093590619	0.011830274988169725	0.008307481991692518	0.0035227929964772066
CHEUI_m6A	Arabidopsis	19197	85.3339398737417	0.06344741365838412	0.013439599937490233	0.0086992759285305	0.004740324008959733
CHEUI_m6A	Human (HeLa)	20167	85.1297592515906	0.07378390439827441	0.013338622502107404	0.015272474835126693	-0.001933852333019289
CHEUI_m6A	Human (HeLa)	31397	84.9166376227046	0.07226805108768354	0.013982227601363188	0.015702137146861164	-0.0017199095454979753
CHEUI_m6A	Human (HeLa)	17033	84.93918304587213	0.07315211647977456	0.014266424000469676	0.01778899782774614	-0.0035225738272764637
CHEUI_m6A	Mouse	14518	84.59553717834214	0.08251825320292051	0.01839096294255407	0.014533682325389171	0.0038572806171648984
CHEUI_m6A	Mouse	37223	84.4408652042611	0.07688794562501679	0.015313112860328291	0.016333987051016845	-0.0010208741906885532
DENA	Arabidopsis	25131	0.9168649801161052	0.998965421192949	0.08065735545740321	0.07405196768930802	0.006605387768095189
DENA	Arabidopsis	18688	0.8569747995674829	0.9987692636986302	0.08748929794520548	0.07839255136986302	0.009096746575342457
DENA	Arabidopsis	22872	0.9097354860890374	0.9986446309898566	0.08420776495278069	0.07336481287163343	0.010842952081147259
DENA	Human (HeLa)	20224	0.1990159871053434	0.9983682753164557	0.11357792721518987	0.24802215189873417	-0.13444422468354428
DENA	Human (HeLa)	20487	1.1444678971831077	0.9984380338751403	0.19168253038512229	0.00019524576560745838	0.19148728461951484
DENA	Human (HeLa)	17166	0.15634488508175795	0.9978445764884073	0.12781078876849586	0.2702435046021205	-0.14243271583362463
DENA	Mouse	36904	0.26821804988805054	0.9976154346412313	0.11725016258400174	0.26444287882072404	-0.1471927162367223
DENA	Mouse	38721	0.2636754834897243	0.9970558611606105	0.11869528163012319	0.26352625190465123	-0.14483097027452804
DRUMMER	Arabidopsis	483	80.37891436627876	0.17805383022774326	0.033126293995859216	0.06418219461697723	-0.031055900621118016
DRUMMER	Arabidopsis	627	75.12464733529006	0.24082934609250398	0.04784688995215311	0.06698564593301436	-0.019138755980861247
DRUMMER	Arabidopsis	339	78.37521145325658	0.22418879056047197	0.0471976401179941	0.08259587020648967	-0.035398230088495575
DRUMMER	Human (HeLa)	432	43.96638148742031	0.5115740740740741	0.09027777777777778	0.38657407407407407	-0.2962962962962963
DRUMMER	Human (HeLa)	746	37.586625910486596	0.5723860589812333	0.08981233243967829	0.4544235924932976	-0.3646112600536193
DRUMMER	Human (HeLa)	293	51.813674777786815	0.41638225255972694	0.07849829351535836	0.3003412969283277	-0.2218430034129693
DRUMMER	Mouse	564	40.78046356865918	0.5726950354609929	0.06560283687943262	0.44680851063829785	-0.3812056737588652
DRUMMER	Mouse	1910	36.396096264787374	0.6214659685863875	0.09947643979057591	0.47277486910994765	-0.37329842931937174
ELIGOS2_diff	Arabidopsis	1021	70.83421518329887	0.24681684622918706	0.05680705190989226	0.04701273261508325	0.009794319294809013
ELIGOS2_diff	Arabidopsis	1255	63.63008923887715	0.31235059760956174	0.09083665338645418	0.04701195219123506	0.04382470119521912
ELIGOS2_diff	Arabidopsis	745	68.0011242132599	0.276510067114094	0.07785234899328859	0.04563758389261745	0.032214765100671144
ELIGOS2_diff	Human (HeLa)	1065	43.46024886654539	0.4779342723004695	0.07042253521126761	0.3492957746478873	-0.2788732394366197
ELIGOS2_diff	Human (HeLa)	1816	42.531871062362	0.4911894273127753	0.08039647577092511	0.3540748898678414	-0.2736784140969163
ELIGOS2_diff	Human (HeLa)	820	49.43949572740939	0.4036585365853659	0.05853658536585366	0.29634146341463413	-0.23780487804878048
ELIGOS2_diff	Mouse	823	37.76859356699834	0.6233292831105711	0.10206561360874848	0.43256379100850545	-0.33049817739975695
ELIGOS2_diff	Mouse	3919	39.40413258142327	0.5891809134983415	0.09160500127583568	0.4205154376116356	-0.32891043633579997
ELIGOS2_solo	Arabidopsis	57933	74.09884174437174	0.09006956311601333	0.008181865258143028	0.006956311601332574	0.001225553656810454
ELIGOS2_solo	Arabidopsis	40414	74.8895169952687	0.09276488345622803	0.010788340674023853	0.00823971890928886	0.0025486217647349933
ELIGOS2_solo	Arabidopsis	50357	74.19856315027441	0.09190380681931012	0.009512083722223326	0.008340449192763668	0.001171634529459658
ELIGOS2_solo	Human (HeLa)	49814	76.18022916410428	0.0845946922551893	0.005339864295178062	0.03719837796603365	-0.031858513670855584
ELIGOS2_solo	Human (HeLa)	58726	72.74207372466469	0.09859346796989409	0.007322140108299561	0.04813881415386711	-0.04081667404556755
ELIGOS2_solo	Human (HeLa)	35520	75.04471007299799	0.08068693693693693	0.004560810810810811	0.037781531531531534	-0.03322072072072072
ELIGOS2_solo	Mouse	74653	70.73057797238934	0.1167401176108127	0.010086667648989325	0.060935260471782784	-0.050848592822793456
ELIGOS2_solo	Mouse	87246	73.0881671526227	0.09748297916236848	0.008539073424569608	0.04888476262522064	-0.04034568920065103
EpiNano_Error	Arabidopsis	9586	86.26997200000164	0.07510953473815982	0.014604631754642187	0.011057792614229085	0.0035468391404131026
EpiNano_Error	Arabidopsis	15404	87.10950618171123	0.07095559594910412	0.01428200467411062	0.010581667099454687	0.0037003375746559337
EpiNano_Error	Arabidopsis	5912	86.0781110357281	0.07611637347767253	0.01725304465493911	0.009979702300405954	0.007273342354533155
EpiNano_Error	Human (HeLa)	24182	86.0905867243924	0.08084525680258044	0.013191630138119262	0.031717806633032836	-0.018526176494913574
EpiNano_Error	Human (HeLa)	46813	85.46812504183272	0.07982825283575075	0.013735500822421122	0.02868861213765407	-0.014953111315232949
EpiNano_Error	Human (HeLa)	18904	85.29862725669516	0.07924248836225138	0.012642826914938638	0.03041684299619128	-0.017774016081252644
EpiNano_Error	Mouse	17186	80.08886936277814	0.13080414290701733	0.020772721983009425	0.07058070522518328	-0.04980798324217386
EpiNano_Error	Mouse	33073	84.15248649968724	0.09769298219091102	0.017778852840685755	0.04066761406585432	-0.022888761225168565
MINES	Arabidopsis	70690	0.23752736928004115	0.9985570802093648	0.23579006931673505	0.15137926156457773	0.08441080775215731
MINES	Arabidopsis	53146	0.21660303435666287	0.9986076092274113	0.24427050013171264	0.1538215481880104	0.09044895194370225
MINES	Arabidopsis	66253	0.22617126535504684	0.9985510090109128	0.24178527764780464	0.15294401762939036	0.08884126001841428
MINES	Human (HeLa)	39154	0.09744866709344824	0.9982632681207539	0.24945088624406192	0.25381825611687187	-0.004367369872809945
MINES	Human (HeLa)	77840	0.08154504632508336	0.9986382322713258	0.2531731757451182	0.2498458376156218	0.0033273381294964266
MINES	Human (HeLa)	33160	0.09903523197410771	0.9980096501809409	0.24891435464414957	0.27451749095295536	-0.025603136308805785
MINES	Mouse	90744	0.16437309848821496	0.9976968174204355	0.2711363836727497	0.24501895442122895	0.026117429251520774
MINES	Mouse	93221	0.18969877156336967	0.9971572928846505	0.28435652910824816	0.25545746130163804	0.028899067806610113
NanoSPA_m6A	Arabidopsis	1391	23.63621580609714	0.7907979870596693	0.4205607476635514	0.21207764198418405	0.20848310567936734
NanoSPA_m6A	Arabidopsis	1281	23.11891275385154	0.7970335675253708	0.4277907884465261	0.20921155347384857	0.21857923497267756
NanoSPA_m6A	Arabidopsis	1455	21.20292649071823	0.7972508591065293	0.4584192439862543	0.2281786941580756	0.23024054982817868
NanoSPA_m6A	Human (HeLa)	1375	21.02882141928544	0.7861818181818182	0.23781818181818182	0.4741818181818182	-0.2363636363636364
NanoSPA_m6A	Human (HeLa)	2490	20.614479793880815	0.7855421686746988	0.2967871485943775	0.43012048192771085	-0.13333333333333336
NanoSPA_m6A	Human (HeLa)	941	21.77154000244019	0.7757704569606801	0.22422954303931988	0.4867162592986185	-0.26248671625929865
NanoSPA_m6A	Mouse	4178	22.553349202246217	0.7797989468645284	0.24413595021541407	0.4360938247965534	-0.19195787458113933
NanoSPA_m6A	Mouse	3267	15.25039100713488	0.8634833180287725	0.27395163758800123	0.5019895928986838	-0.2280379553106826
Nanocompore	Arabidopsis	462	31.39905009546027	0.5411255411255411	0.44155844155844154	0.030303030303030304	0.4112554112554112
Nanocompore	Arabidopsis	1070	70.08753689255785	0.2457943925233645	0.19532710280373833	0.025233644859813085	0.17009345794392525
Nanocompore	Arabidopsis	255	26.183697533786905	0.592156862745098	0.5254901960784314	0.07058823529411765	0.4549019607843138
Nanocompore	Human (HeLa)	1237	55.85760721095513	0.32012934518997577	0.10347615198059822	0.20048504446240906	-0.09700889248181084
Nanocompore	Human (HeLa)	1798	47.45907206751987	0.41323692992213573	0.12847608453837597	0.27419354838709675	-0.14571746384872078
Nanocompore	Human (HeLa)	1261	78.76651213365355	0.18556701030927836	0.05868358445678033	0.10229976209357652	-0.04361617763679619
Nanocompore	Mouse	3114	23.107119781323473	0.7167630057803468	0.26685934489402696	0.4319203596660244	-0.16506101477199742
Nanom6A	Arabidopsis	21756	8.776819514890867	0.7510112152969296	0.214561500275786	0.1657014157014157	0.0488600845743703
Nanom6A	Arabidopsis	20025	8.463717280786465	0.757852684144819	0.22087390761548065	0.17523096129837704	0.04564294631710361
Nanom6A	Arabidopsis	19743	0.3295222582084705	0.9990376335916528	0.18598997112900775	0.14820442688547839	0.03778554424352937
Nanom6A	Human (HeLa)	20900	0.10761352236636475	0.9980861244019139	0.17062200956937798	0.3037799043062201	-0.13315789473684211
Nanom6A	Human (HeLa)	18297	0.11390694938115332	0.998688309558944	0.15505274088648413	0.3137672842542493	-0.1587145433677652
Nanom6A	Human (HeLa)	17057	0.10234335482130034	0.9978894295597116	0.1606964882452952	0.3145922495163276	-0.15389576127103238
Nanom6A	Mouse	10963	5.758700117362082	0.8362674450424153	0.17212441849858615	0.24080999726352276	-0.06868557876493661
Nanom6A	Mouse	23942	0.11222059405088126	0.9986216690334976	0.19726839863002255	0.31588839695931836	-0.11861999832929582
m6Anet	Arabidopsis	13200	6.335404788778509	0.9993939393939394	0.13060606060606061	0.11431818181818182	0.016287878787878796
m6Anet	Arabidopsis	11328	6.787698889930727	0.9993820621468926	0.1281779661016949	0.14804025423728814	-0.019862288135593237
m6Anet	Arabidopsis	11073	5.914916648362849	0.9993678316626027	0.14115415876456244	0.12589180890454257	0.01526234986001987
m6Anet	Human (HeLa)	8884	6.781364660114279	0.9987618190004502	0.08126969833408375	0.335096803241783	-0.2538271049076992
m6Anet	Human (HeLa)	16953	6.597627476928869	0.9989972276293282	0.09254999115200849	0.3565150710788651	-0.2639650799268566
m6Anet	Human (HeLa)	6783	7.4740164002289955	0.9985257260799056	0.07784166298098187	0.340999557717824	-0.2631578947368421
m6Anet	Mouse	30952	7.369542367982497	0.9989984492116826	0.11983070560868442	0.3645644869475317	-0.24473378133884727
m6Anet	Mouse	29225	6.843484930064307	0.9983917878528656	0.10771599657827202	0.3470316509837468	-0.23931565440547475
xPore	Arabidopsis	27372	84.36782940411037	0.0781820838813386	0.017280432558819232	0.016294023089288324	0.0009864094695309078
xPore	Arabidopsis	38273	87.18932870718763	0.06984035743213231	0.018655449011052178	0.014840749353330024	0.003814699657722154
xPore	Arabidopsis	21168	85.30105690997607	0.07539682539682539	0.015258881330309901	0.016723356009070295	-0.0014644746787603937
xPore	Human (HeLa)	25216	81.18978348760933	0.10699555837563451	0.016338832487309645	0.04984930203045685	-0.03351046954314721
xPore	Human (HeLa)	41850	82.39738599953814	0.10372759856630824	0.017204301075268817	0.04974910394265233	-0.03254480286738351
xPore	Human (HeLa)	21149	85.18613403900873	0.09064258357369143	0.01309754598326162	0.04151496524658376	-0.02841741926332214
xPore	Mouse	43367	87.8975435542715	0.09986856365439159	0.01939262572924113	0.04475753453086448	-0.02536490880162335
xPore	Mouse	60097	77.30459903947052	0.14814383413481538	0.03321297236134915	0.07606036907000349	-0.04284739670865434
yanocomp	Arabidopsis	3583	69.1081762610139	0.1758303097962601	0.045492603963159364	0.018420318169132012	0.027072285794027352
yanocomp	Arabidopsis	13037	85.21981305124974	0.09649459231418271	0.025312571910715655	0.009434685893994018	0.01587788601672164
yanocomp	Arabidopsis	2058	64.13932052202244	0.20602526724975703	0.047619047619047616	0.02089407191448008	0.026724975704567538
yanocomp	Human (HeLa)	4619	74.4545277562218	0.13855812946525223	0.018835245724182725	0.06386663780038969	-0.04503139207620696
yanocomp	Human (HeLa)	6845	73.36539560362536	0.1609934258582907	0.02147552958363769	0.07742878013148284	-0.055953250547845154
yanocomp	Human (HeLa)	4340	79.04133526613184	0.1119815668202765	0.014285714285714285	0.04608294930875576	-0.03179723502304148
yanocomp	Mouse	8749	77.78999122959434	0.1690478911875643	0.025717224825694364	0.0771516744770831	-0.051434449651388735
yanocomp	Mouse	7226	64.77140551214795	0.29878217547744257	0.04885137005258788	0.162330473290894	-0.11347910323830612
