Species	Tool	Rank	5mer	Frequency	Relative_Frequency
Arabidopsis	CHEUI_m6A	1	GAAGA	842	0.015085820761816032
Arabidopsis	CHEUI_m6A	2	AGAAG	694	0.012434156304869746
Arabidopsis	CHEUI_m6A	3	AGAGA	593	0.010624574479521268
Arabidopsis	CHEUI_m6A	4	UGAAG	578	0.010355824703479413
Arabidopsis	CHEUI_m6A	5	AAAGA	557	0.00997957501702082
Arabidopsis	DENA	1	AAACA	17689	0.2652381880613576
Arabidopsis	DENA	2	AAACU	11552	0.17321677587680498
Arabidopsis	DENA	3	GAACU	8931	0.13391612061597516
Arabidopsis	DENA	4	GAACA	6604	0.09902385629245325
Arabidopsis	DENA	5	GAACC	6370	0.09551513697500412
Arabidopsis	DRUMMER	1	UAAGA	83	0.05728088336783989
Arabidopsis	DRUMMER	2	UCAGA	72	0.049689440993788817
Arabidopsis	DRUMMER	3	UGACA	64	0.04416839199447895
Arabidopsis	DRUMMER	4	UGAGA	63	0.043478260869565216
Arabidopsis	DRUMMER	5	UUAGA	63	0.043478260869565216
Arabidopsis	ELIGOS2_diff	1	AGACA	132	0.04369414101290963
Arabidopsis	ELIGOS2_diff	2	UAAGA	129	0.04270109235352532
Arabidopsis	ELIGOS2_diff	3	UCAGA	125	0.04137702747434624
Arabidopsis	ELIGOS2_diff	4	AAACA	91	0.030122476001324065
Arabidopsis	ELIGOS2_diff	5	UUAGA	84	0.027805362462760674
Arabidopsis	ELIGOS2_solo	1	UCACC	6402	0.043051969012265975
Arabidopsis	ELIGOS2_solo	2	UCACU	6010	0.040415859694426515
Arabidopsis	ELIGOS2_solo	3	ACAUU	4166	0.02801538627071229
Arabidopsis	ELIGOS2_solo	4	UCACA	4133	0.027793468904669678
Arabidopsis	ELIGOS2_solo	5	CCACC	3847	0.025870185065633742
Arabidopsis	EpiNano_Error	1	UCAAA	599	0.019383858649925572
Arabidopsis	EpiNano_Error	2	AUAAA	489	0.01582421849718465
Arabidopsis	EpiNano_Error	3	ACAAA	482	0.015597695942010227
Arabidopsis	EpiNano_Error	4	AGAAA	481	0.015565335576985308
Arabidopsis	EpiNano_Error	5	UUAAA	479	0.015500614846935474
Arabidopsis	MINES	1	AAACA	25982	0.13668334306561664
Arabidopsis	MINES	2	AAACC	23405	0.12312653546496641
Arabidopsis	MINES	3	AGACA	21556	0.11339951285976568
Arabidopsis	MINES	4	AAACU	21500	0.11310491401396187
Arabidopsis	MINES	5	GAACA	17927	0.09430845551294394
Arabidopsis	NanoSPA_m6A	1	AGACU	1097	0.26581051611339956
Arabidopsis	NanoSPA_m6A	2	AGACA	619	0.14998788466198207
Arabidopsis	NanoSPA_m6A	3	UGACU	571	0.1383571601647686
Arabidopsis	NanoSPA_m6A	4	GGACU	479	0.1160649382117761
Arabidopsis	NanoSPA_m6A	5	GGACA	229	0.05548824812212261
Arabidopsis	Nanocompore	1	AGACU	260	0.1454952434247342
Arabidopsis	Nanocompore	2	AGACA	198	0.11080022383883603
Arabidopsis	Nanocompore	3	AAACU	56	0.03133743704532736
Arabidopsis	Nanocompore	4	AGACC	51	0.028539451594851706
Arabidopsis	Nanocompore	5	CAAGA	46	0.02574146614437605
Arabidopsis	Nanom6A	1	AAACA	7988	0.1298355113451661
Arabidopsis	Nanom6A	2	AAACU	7758	0.12609713282621415
Arabidopsis	Nanom6A	3	AAACC	6634	0.10782783954229244
Arabidopsis	Nanom6A	4	AGACA	4853	0.07887978674988623
Arabidopsis	Nanom6A	5	GGACA	3887	0.06317859697028802
Arabidopsis	m6Anet	1	GAACU	9785	0.27485183000477514
Arabidopsis	m6Anet	2	AAACU	4496	0.12628858739923035
Arabidopsis	m6Anet	3	UGACU	4368	0.12269318277576473
Arabidopsis	m6Anet	4	GAACA	2956	0.08303137552315946
Arabidopsis	m6Anet	5	GGACU	2808	0.07887418892727732
Arabidopsis	xPore	1	GAAGA	1359	0.015654337484017372
Arabidopsis	xPore	2	ACAAG	1206	0.013891928628200845
Arabidopsis	xPore	3	AAACU	1006	0.011588126202296892
Arabidopsis	xPore	4	UCAGA	999	0.011507493117390253
Arabidopsis	xPore	5	CAAGA	989	0.011392302996095055
Arabidopsis	yanocomp	1	AAACU	425	0.022754042188671164
Arabidopsis	yanocomp	2	CAAAA	270	0.014455509155155798
Arabidopsis	yanocomp	3	AAAAA	264	0.014134275618374558
Arabidopsis	yanocomp	4	CAAAC	250	0.013384730699218332
Arabidopsis	yanocomp	5	AGACU	247	0.013224113930827711
Mouse	CHEUI_m6A	1	GAAGA	621	0.012002087319533832
Mouse	CHEUI_m6A	2	AGAAG	595	0.011499584468796505
Mouse	CHEUI_m6A	3	AAAAA	554	0.010707176127249184
Mouse	CHEUI_m6A	4	GGAGG	505	0.00976015152393653
Mouse	CHEUI_m6A	5	UGAAG	493	0.009528227131288534
Mouse	DENA	1	AAACA	14017	0.1853487603305785
Mouse	DENA	2	GAACU	9705	0.12833057851239668
Mouse	DENA	3	AAACU	7746	0.10242644628099173
Mouse	DENA	4	GGACU	7499	0.0991603305785124
Mouse	DENA	5	GGACA	6837	0.09040661157024793
Mouse	DRUMMER	1	GGACU	521	0.21059013742926436
Mouse	DRUMMER	2	GGACA	421	0.17016976556184316
Mouse	DRUMMER	3	GGACC	208	0.08407437348423606
Mouse	DRUMMER	4	AGACU	182	0.07356507679870655
Mouse	DRUMMER	5	ACAGA	128	0.05173807599029911
Mouse	ELIGOS2_diff	1	GGACU	1001	0.21109236609025728
Mouse	ELIGOS2_diff	2	GGACA	605	0.12758329818641923
Mouse	ELIGOS2_diff	3	GGACC	394	0.08308730493462674
Mouse	ELIGOS2_diff	4	AGACU	320	0.06748207507380852
Mouse	ELIGOS2_diff	5	UGACU	248	0.052298608182201604
Mouse	ELIGOS2_solo	1	UCACC	6432	0.03972847268976337
Mouse	ELIGOS2_solo	2	UCACU	5395	0.03332324473900395
Mouse	ELIGOS2_solo	3	CCACC	4795	0.029617230495555872
Mouse	ELIGOS2_solo	4	UCACA	4539	0.028035997751684694
Mouse	ELIGOS2_solo	5	GGACU	4114	0.025410904329242305
Mouse	EpiNano_Error	1	GGACU	1045	0.0207922959072007
Mouse	EpiNano_Error	2	GGACA	897	0.017847549692592373
Mouse	EpiNano_Error	3	AUAAA	807	0.016056825643168387
Mouse	EpiNano_Error	4	UUAAA	748	0.014882906544101553
Mouse	EpiNano_Error	5	CCACA	740	0.014723731073041644
Mouse	MINES	1	AGACA	21673	0.11781045307531324
Mouse	MINES	2	GGACA	20204	0.10982523849645313
Mouse	MINES	3	AAACA	19654	0.1068355393689017
Mouse	MINES	4	AAACU	15960	0.08675563286494714
Mouse	MINES	5	AGACC	15488	0.08418992743184844
Mouse	NanoSPA_m6A	1	GGACU	2311	0.3104096709200806
Mouse	NanoSPA_m6A	2	AGACU	1657	0.22256548018804567
Mouse	NanoSPA_m6A	3	UGACU	663	0.0890530557421088
Mouse	NanoSPA_m6A	4	GGACA	659	0.0885157824042982
Mouse	NanoSPA_m6A	5	GGACC	453	0.060846205507051714
Mouse	Nanocompore	1	GGACU	849	0.2726396917148362
Mouse	Nanocompore	2	AGACU	651	0.20905587668593448
Mouse	Nanocompore	3	GGACA	283	0.09087989723827875
Mouse	Nanocompore	4	GGACC	159	0.051059730250481696
Mouse	Nanocompore	5	AGACA	124	0.03982016698779704
Mouse	Nanom6A	1	AAACA	4734	0.13562526858616245
Mouse	Nanom6A	2	GGACU	3894	0.1115599484314568
Mouse	Nanom6A	3	AAACU	3824	0.10955450508523135
Mouse	Nanom6A	4	GGACA	3591	0.10287924366136657
Mouse	Nanom6A	5	AGACU	2567	0.07354247242515399
Mouse	m6Anet	1	GAACU	12440	0.20672349901125014
Mouse	m6Anet	2	GGACU	11018	0.18309320836864582
Mouse	m6Anet	3	UGACU	9140	0.15188527178157768
Mouse	m6Anet	4	GGACA	6197	0.10297954367947887
Mouse	m6Anet	5	AGACU	5141	0.08543131096598368
Mouse	xPore	1	GGACU	2505	0.024211319879378336
Mouse	xPore	2	GGACA	2143	0.020712518363875356
Mouse	xPore	3	AGACU	1783	0.017233047243485657
Mouse	xPore	4	UCAGA	1394	0.013473285393953453
Mouse	xPore	5	GGACC	1297	0.012535761230959562
Mouse	yanocomp	1	GGACU	1064	0.06660406885758999
Mouse	yanocomp	2	GGACA	458	0.0286697965571205
Mouse	yanocomp	3	AGACU	394	0.024663536776212833
Mouse	yanocomp	4	CCAGA	365	0.022848200312989047
Mouse	yanocomp	5	GAACU	308	0.019280125195618152
Human (HeLa)	CHEUI_m6A	1	AAAAA	849	0.012376634546700294
Human (HeLa)	CHEUI_m6A	2	GAAGA	734	0.01070017639255361
Human (HeLa)	CHEUI_m6A	3	AGAAG	704	0.010262839482776214
Human (HeLa)	CHEUI_m6A	4	GGAGG	669	0.009752613088035919
Human (HeLa)	CHEUI_m6A	5	UGAAG	642	0.009359009869236264
Human (HeLa)	DENA	1	AAACA	13139	0.2270159130570002
Human (HeLa)	DENA	2	AAACU	7776	0.13435388841854276
Human (HeLa)	DENA	3	GAACA	5690	0.09831193738445324
Human (HeLa)	DENA	4	GAACC	5630	0.09727525614665584
Human (HeLa)	DENA	5	AGACC	4198	0.07253313060455795
Human (HeLa)	DRUMMER	1	GGACU	280	0.1903467029231815
Human (HeLa)	DRUMMER	2	GGACA	210	0.14276002719238612
Human (HeLa)	DRUMMER	3	AAAGA	131	0.08905506458191706
Human (HeLa)	DRUMMER	4	GGACC	104	0.07070020394289599
Human (HeLa)	DRUMMER	5	AGACU	102	0.06934058463630184
Human (HeLa)	ELIGOS2_diff	1	GGACU	606	0.16373952985679546
Human (HeLa)	ELIGOS2_diff	2	AAAAA	494	0.133477438530127
Human (HeLa)	ELIGOS2_diff	3	GGACA	413	0.11159146176708998
Human (HeLa)	ELIGOS2_diff	4	GGACC	239	0.0645771413131586
Human (HeLa)	ELIGOS2_diff	5	AGACU	180	0.048635503917860035
Human (HeLa)	ELIGOS2_solo	1	UCACC	6667	0.04627932805775371
Human (HeLa)	ELIGOS2_solo	2	CCACC	5346	0.03710953769262807
Human (HeLa)	ELIGOS2_solo	3	UCACU	5015	0.03481188393724837
Human (HeLa)	ELIGOS2_solo	4	AAAAA	3820	0.026516729140635846
Human (HeLa)	ELIGOS2_solo	5	UCACA	3379	0.02345550465083993
Human (HeLa)	EpiNano_Error	1	AAAAA	1584	0.017619773301149066
Human (HeLa)	EpiNano_Error	2	UUAAA	1208	0.01343730186097732
Human (HeLa)	EpiNano_Error	3	CCACC	1153	0.012825504176909643
Human (HeLa)	EpiNano_Error	4	AGAAA	1099	0.012224830087097743
Human (HeLa)	EpiNano_Error	5	AUAAA	1046	0.01163527959154162
Human (HeLa)	MINES	1	AAACA	16902	0.11256443384791615
Human (HeLa)	MINES	2	GGACA	15663	0.10431290541710511
Human (HeLa)	MINES	3	AGACA	14725	0.09806598558812953
Human (HeLa)	MINES	4	AAACU	14103	0.09392357179961906
Human (HeLa)	MINES	5	GGACC	13055	0.08694407075402587
Human (HeLa)	NanoSPA_m6A	1	GGACU	1271	0.26446109030378695
Human (HeLa)	NanoSPA_m6A	2	AGACU	1009	0.20994590095713692
Human (HeLa)	NanoSPA_m6A	3	GGACA	483	0.10049937578027465
Human (HeLa)	NanoSPA_m6A	4	UGACU	351	0.07303370786516854
Human (HeLa)	NanoSPA_m6A	5	GGACC	337	0.07012068248023304
Human (HeLa)	Nanocompore	1	GGACU	590	0.1373370577281192
Human (HeLa)	Nanocompore	2	AGACU	327	0.07611731843575419
Human (HeLa)	Nanocompore	3	AUAAA	190	0.04422718808193669
Human (HeLa)	Nanocompore	4	GGACA	163	0.03794227188081937
Human (HeLa)	Nanocompore	5	AAAAA	93	0.02164804469273743
Human (HeLa)	Nanom6A	1	AAACA	8654	0.153837949301383
Human (HeLa)	Nanom6A	2	GGACU	7220	0.12834642869840368
Human (HeLa)	Nanom6A	3	AAACU	6795	0.12079141038859459
Human (HeLa)	Nanom6A	4	GGACA	6440	0.11448074803569525
Human (HeLa)	Nanom6A	5	GAACU	4761	0.08463398158353183
Human (HeLa)	m6Anet	1	GAACU	7538	0.23108522378908644
Human (HeLa)	m6Anet	2	GGACU	6158	0.18877988963825873
Human (HeLa)	m6Anet	3	UGACU	4549	0.1394543225015328
Human (HeLa)	m6Anet	4	GGACA	2810	0.08614347026364194
Human (HeLa)	m6Anet	5	GGACC	2364	0.07247087676272225
Human (HeLa)	xPore	1	GGACA	1418	0.016074363770333843
Human (HeLa)	xPore	2	GGACU	1408	0.01596100436433713
Human (HeLa)	xPore	3	AAAUG	1310	0.014850082185569347
Human (HeLa)	xPore	4	GAAGA	1117	0.012662245649832794
Human (HeLa)	xPore	5	AGAAG	1089	0.012344839313042
Human (HeLa)	yanocomp	1	GGACU	527	0.03334598835737788
Human (HeLa)	yanocomp	2	AAAAA	309	0.019552012148823083
Human (HeLa)	yanocomp	3	GGACA	289	0.018286509744368514
Human (HeLa)	yanocomp	4	GAAAA	207	0.013097949886104784
Human (HeLa)	yanocomp	5	GAACU	194	0.012275373323209314
