Tool	Species_Name	Replicate	KL_Divergence	N_Sites
CHEUI_m6A	Arabidopsis	Arabidopsis_WT_rep1	86.0071510868489	17598
CHEUI_m6A	Arabidopsis	Arabidopsis_WT_rep2	84.99999473675419	19019
CHEUI_m6A	Arabidopsis	Arabidopsis_WT_rep3	85.3339398737417	19197
DENA	Arabidopsis	Arabidopsis_WT_rep1	0.9168649801161052	25131
DENA	Arabidopsis	Arabidopsis_WT_rep2	0.8569747995674829	18688
DENA	Arabidopsis	Arabidopsis_WT_rep3	0.9097354860890374	22872
DRUMMER	Arabidopsis	Arabidopsis_WT_rep1	80.37891436627876	483
DRUMMER	Arabidopsis	Arabidopsis_WT_rep2	75.12464733529006	627
DRUMMER	Arabidopsis	Arabidopsis_WT_rep3	78.37521145325658	339
ELIGOS2_diff	Arabidopsis	Arabidopsis_WT_rep1	70.83421518329887	1021
ELIGOS2_diff	Arabidopsis	Arabidopsis_WT_rep2	63.63008923887715	1255
ELIGOS2_diff	Arabidopsis	Arabidopsis_WT_rep3	68.0011242132599	745
ELIGOS2_solo	Arabidopsis	Arabidopsis_WT_rep1	74.09884174437174	57933
ELIGOS2_solo	Arabidopsis	Arabidopsis_WT_rep2	74.8895169952687	40414
ELIGOS2_solo	Arabidopsis	Arabidopsis_WT_rep3	74.19856315027441	50357
EpiNano_Error	Arabidopsis	Arabidopsis_WT_rep1	86.26997200000164	9586
EpiNano_Error	Arabidopsis	Arabidopsis_WT_rep2	87.10950618171123	15404
EpiNano_Error	Arabidopsis	Arabidopsis_WT_rep3	86.0781110357281	5912
MINES	Arabidopsis	Arabidopsis_WT_rep1	0.23752736928004115	70690
MINES	Arabidopsis	Arabidopsis_WT_rep2	0.21660303435666287	53146
MINES	Arabidopsis	Arabidopsis_WT_rep3	0.22617126535504684	66253
NanoSPA_m6A	Arabidopsis	Arabidopsis_WT_rep1	23.63621580609714	1391
NanoSPA_m6A	Arabidopsis	Arabidopsis_WT_rep2	23.11891275385154	1281
NanoSPA_m6A	Arabidopsis	Arabidopsis_WT_rep3	21.20292649071823	1455
Nanocompore	Arabidopsis	Arabidopsis_WT_rep1	31.39905009546027	462
Nanocompore	Arabidopsis	Arabidopsis_WT_rep2	70.08753689255785	1070
Nanocompore	Arabidopsis	Arabidopsis_WT_rep3	26.183697533786905	255
Nanom6A	Arabidopsis	Arabidopsis_WT_rep1	8.776819514890867	21756
Nanom6A	Arabidopsis	Arabidopsis_WT_rep2	8.463717280786465	20025
Nanom6A	Arabidopsis	Arabidopsis_WT_rep3	0.3295222582084705	19743
m6Anet	Arabidopsis	Arabidopsis_WT_rep1	6.335404788778509	13200
m6Anet	Arabidopsis	Arabidopsis_WT_rep2	6.787698889930727	11328
m6Anet	Arabidopsis	Arabidopsis_WT_rep3	5.914916648362849	11073
xPore	Arabidopsis	Arabidopsis_WT_rep1	84.36782940411037	27372
xPore	Arabidopsis	Arabidopsis_WT_rep2	87.18932870718763	38273
xPore	Arabidopsis	Arabidopsis_WT_rep3	85.30105690997607	21168
yanocomp	Arabidopsis	Arabidopsis_WT_rep1	69.1081762610139	3583
yanocomp	Arabidopsis	Arabidopsis_WT_rep2	85.21981305124974	13037
yanocomp	Arabidopsis	Arabidopsis_WT_rep3	64.13932052202244	2058
CHEUI_m6A	Mouse	mESCs_Mettl3_WT	84.59553717834214	14518
CHEUI_m6A	Mouse	mES_WT	84.4408652042611	37223
DENA	Mouse	mESCs_Mettl3_WT	0.26821804988805054	36904
DENA	Mouse	mES_WT	0.2636754834897243	38721
DRUMMER	Mouse	mESCs_Mettl3_WT	40.78046356865918	564
DRUMMER	Mouse	mES_WT	36.396096264787374	1910
ELIGOS2_diff	Mouse	mESCs_Mettl3_WT	37.76859356699834	823
ELIGOS2_diff	Mouse	mES_WT	39.40413258142327	3919
ELIGOS2_solo	Mouse	mESCs_Mettl3_WT	70.73057797238934	74653
ELIGOS2_solo	Mouse	mES_WT	73.0881671526227	87246
EpiNano_Error	Mouse	mESCs_Mettl3_WT	80.08886936277814	17186
EpiNano_Error	Mouse	mES_WT	84.15248649968724	33073
MINES	Mouse	mESCs_Mettl3_WT	0.16437309848821496	90744
MINES	Mouse	mES_WT	0.18969877156336967	93221
NanoSPA_m6A	Mouse	mESCs_Mettl3_WT	22.553349202246217	4178
NanoSPA_m6A	Mouse	mES_WT	15.25039100713488	3267
Nanocompore	Mouse	mES_WT	23.107119781323473	3114
Nanom6A	Mouse	mESCs_Mettl3_WT	5.758700117362082	10963
Nanom6A	Mouse	mES_WT	0.11222059405088126	23942
m6Anet	Mouse	mESCs_Mettl3_WT	7.369542367982497	30952
m6Anet	Mouse	mES_WT	6.843484930064307	29225
xPore	Mouse	mESCs_Mettl3_WT	87.8975435542715	43367
xPore	Mouse	mES_WT	77.30459903947052	60097
yanocomp	Mouse	mESCs_Mettl3_WT	77.78999122959434	8749
yanocomp	Mouse	mES_WT	64.77140551214795	7226
CHEUI_m6A	Human (HeLa)	HeLa_WT1	85.1297592515906	20167
CHEUI_m6A	Human (HeLa)	HeLa_WT2	84.9166376227046	31397
CHEUI_m6A	Human (HeLa)	HeLa_WT3	84.93918304587213	17033
DENA	Human (HeLa)	HeLa_WT1	0.1990159871053434	20224
DENA	Human (HeLa)	HeLa_WT2	1.1444678971831077	20487
DENA	Human (HeLa)	HeLa_WT3	0.15634488508175795	17166
DRUMMER	Human (HeLa)	HeLa_WT1	43.96638148742031	432
DRUMMER	Human (HeLa)	HeLa_WT2	37.586625910486596	746
DRUMMER	Human (HeLa)	HeLa_WT3	51.813674777786815	293
ELIGOS2_diff	Human (HeLa)	HeLa_WT1	43.46024886654539	1065
ELIGOS2_diff	Human (HeLa)	HeLa_WT2	42.531871062362	1816
ELIGOS2_diff	Human (HeLa)	HeLa_WT3	49.43949572740939	820
ELIGOS2_solo	Human (HeLa)	HeLa_WT1	76.18022916410428	49814
ELIGOS2_solo	Human (HeLa)	HeLa_WT2	72.74207372466469	58726
ELIGOS2_solo	Human (HeLa)	HeLa_WT3	75.04471007299799	35520
EpiNano_Error	Human (HeLa)	HeLa_WT1	86.0905867243924	24182
EpiNano_Error	Human (HeLa)	HeLa_WT2	85.46812504183272	46813
EpiNano_Error	Human (HeLa)	HeLa_WT3	85.29862725669516	18904
MINES	Human (HeLa)	HeLa_WT1	0.09744866709344824	39154
MINES	Human (HeLa)	HeLa_WT2	0.08154504632508336	77840
MINES	Human (HeLa)	HeLa_WT3	0.09903523197410771	33160
NanoSPA_m6A	Human (HeLa)	HeLa_WT1	21.02882141928544	1375
NanoSPA_m6A	Human (HeLa)	HeLa_WT2	20.614479793880815	2490
NanoSPA_m6A	Human (HeLa)	HeLa_WT3	21.77154000244019	941
Nanocompore	Human (HeLa)	HeLa_WT1	55.85760721095513	1237
Nanocompore	Human (HeLa)	HeLa_WT2	47.45907206751987	1798
Nanocompore	Human (HeLa)	HeLa_WT3	78.76651213365355	1261
Nanom6A	Human (HeLa)	HeLa_WT1	0.10761352236636475	20900
Nanom6A	Human (HeLa)	HeLa_WT2	0.11390694938115332	18297
Nanom6A	Human (HeLa)	HeLa_WT3	0.10234335482130034	17057
m6Anet	Human (HeLa)	HeLa_WT1	6.781364660114279	8884
m6Anet	Human (HeLa)	HeLa_WT2	6.597627476928869	16953
m6Anet	Human (HeLa)	HeLa_WT3	7.4740164002289955	6783
xPore	Human (HeLa)	HeLa_WT1	81.18978348760933	25216
xPore	Human (HeLa)	HeLa_WT2	82.39738599953814	41850
xPore	Human (HeLa)	HeLa_WT3	85.18613403900873	21149
yanocomp	Human (HeLa)	HeLa_WT1	74.4545277562218	4619
yanocomp	Human (HeLa)	HeLa_WT2	73.36539560362536	6845
yanocomp	Human (HeLa)	HeLa_WT3	79.04133526613184	4340
