mod	model	label	condition	n_units	n_calls_raw	n_calls_site	n_assigned	n_body	n_five_prime_UTR	share_five_prime_UTR	assigned_share_five_prime_UTR	n_CDS	share_CDS	assigned_share_CDS	n_three_prime_UTR	share_three_prime_UTR	assigned_share_three_prime_UTR	n_five_prime_flank	share_five_prime_flank	assigned_share_five_prime_flank	n_three_prime_flank	share_three_prime_flank	assigned_share_three_prime_flank	n_ncRNA_body	share_ncRNA_body	assigned_share_ncRNA_body	share_five_prime_UTR_ci_lo	share_CDS_ci_lo	share_three_prime_UTR_ci_lo	share_five_prime_UTR_ci_hi	share_CDS_ci_hi	share_three_prime_UTR_ci_hi	share_cov10_three_prime_UTR	n_cov10_body	score_min	source
Psi	Dorado_hac@v5.0.0_pseU@v1_otherMod	hac@v5.0.0_pseU	WT	1	279	279	94	85	1	0.011764705882352941	0.010638297872340425	12	0.1411764705882353	0.1276595744680851	72	0.8470588235294118	0.7659574468085106	1		0.010638297872340425	8		0.0851063829787234	0		0.0	0.0	0.07058823529411765	0.7761764705882354	0.03529411764705882	0.2235294117647059	0.9294117647058824	0.8452380952380952	84	0.9	04_revision_analysis/sites_v2/sites_clean/RNA004/Human/RNA004_HeLa_WT/Psi/Dorado_hac@v5.0.0_pseU@v1_otherMod/HeLa_RNA004_WT.tsv
Psi	Dorado_hac@v5.0.0_pseU@v1_otherMod	hac@v5.0.0_pseU	IVT	1	138	138	56	49	0	0.0	0.0	4	0.08163265306122448	0.07142857142857142	45	0.9183673469387755	0.8035714285714286	2		0.03571428571428571	5		0.08928571428571429	0		0.0	0.0	0.02040816326530612	0.8367346938775511	0.0	0.16326530612244897	0.9795918367346939	0.9166666666666666	48	0.9	04_revision_analysis/sites_v2/sites_clean/RNA004/Human/RNA004_HeLa_IVT/Psi/Dorado_hac@v5.0.0_pseU@v1_otherMod/HeLa_RNA004_IVT.tsv
Psi	Dorado_hac@v5.1.0_pseU@v1_otherMod	hac@v5.1.0_pseU	WT	1	235	235	62	51	1	0.0196078431372549	0.016129032258064516	7	0.13725490196078433	0.11290322580645161	43	0.8431372549019608	0.6935483870967742	7		0.11290322580645161	4		0.06451612903225806	0		0.0	0.0	0.058823529411764705	0.7450980392156863	0.058823529411764705	0.23529411764705882	0.9215686274509803	0.84	50	0.9	04_revision_analysis/sites_v2/sites_clean/RNA004/Human/RNA004_HeLa_WT/Psi/Dorado_hac@v5.1.0_pseU@v1_otherMod/HeLa_RNA004_WT.tsv
Psi	Dorado_hac@v5.1.0_pseU@v1_otherMod	hac@v5.1.0_pseU	IVT	1	70	70	27	22	0	0.0	0.0	2	0.09090909090909091	0.07407407407407407	20	0.9090909090909091	0.7407407407407407	2		0.07407407407407407	3		0.1111111111111111	0		0.0	0.0	0.0	0.7727272727272727	0.0	0.22727272727272727	1.0	0.9090909090909091	22	0.9	04_revision_analysis/sites_v2/sites_clean/RNA004/Human/RNA004_HeLa_IVT/Psi/Dorado_hac@v5.1.0_pseU@v1_otherMod/HeLa_RNA004_IVT.tsv
Psi	Dorado_sup@v5.0.0_pseU@v1_otherMod	sup@v5.0.0_pseU	WT	1	549	549	221	196	0	0.0	0.0	33	0.1683673469387755	0.1493212669683258	163	0.8316326530612245	0.7375565610859729	2		0.00904977375565611	23		0.10407239819004525	0		0.0	0.0	0.12244897959183673	0.7806122448979592	0.0	0.2193877551020408	0.8775510204081632	0.8081395348837209	172	0.9	04_revision_analysis/sites_v2/sites_clean/RNA004/Human/RNA004_HeLa_WT/Psi/Dorado_sup@v5.0.0_pseU@v1_otherMod/HeLa_RNA004_WT.tsv
Psi	Dorado_sup@v5.0.0_pseU@v1_otherMod	sup@v5.0.0_pseU	IVT	1	953	953	175	153	1	0.006535947712418301	0.005714285714285714	22	0.1437908496732026	0.12571428571428572	130	0.8496732026143791	0.7428571428571429	7		0.04	15		0.08571428571428572	0		0.0	0.0	0.0915032679738562	0.7908496732026143	0.0196078431372549	0.20277777777777764	0.9019607843137255	0.823076923076923	130	0.9	04_revision_analysis/sites_v2/sites_clean/RNA004/Human/RNA004_HeLa_IVT/Psi/Dorado_sup@v5.0.0_pseU@v1_otherMod/HeLa_RNA004_IVT.tsv
Psi	Dorado_sup@v5.1.0_pseU@v1_otherMod	sup@v5.1.0_pseU	WT	1	610	610	201	176	0	0.0	0.0	33	0.1875	0.16417910447761194	143	0.8125	0.7114427860696517	9		0.04477611940298507	16		0.07960199004975124	0		0.0	0.0	0.13636363636363635	0.7556818181818182	0.0	0.24431818181818182	0.8636363636363636	0.8125	176	0.9	04_revision_analysis/sites_v2/sites_clean/RNA004/Human/RNA004_HeLa_WT/Psi/Dorado_sup@v5.1.0_pseU@v1_otherMod/HeLa_RNA004_WT.tsv
Psi	Dorado_sup@v5.1.0_pseU@v1_otherMod	sup@v5.1.0_pseU	IVT	1	233	233	96	87	2	0.022988505747126436	0.020833333333333332	18	0.20689655172413793	0.1875	67	0.7701149425287356	0.6979166666666666	3		0.03125	6		0.0625	0		0.0	0.0	0.12643678160919541	0.6896551724137931	0.05747126436781609	0.28735632183908044	0.850862068965517	0.7701149425287356	87	0.9	04_revision_analysis/sites_v2/sites_clean/RNA004/Human/RNA004_HeLa_IVT/Psi/Dorado_sup@v5.1.0_pseU@v1_otherMod/HeLa_RNA004_IVT.tsv
m5C	Dorado_hac@v5.1.0_m5C@v1_otherMod	hac@v5.1.0_m5C	WT	1	725	725	396	349	7	0.02005730659025788	0.017676767676767676	141	0.4040114613180516	0.3560606060606061	201	0.5759312320916905	0.5075757575757576	22		0.05555555555555555	25		0.06313131313131314	0		0.0	0.008595988538681949	0.3553008595988539	0.5243553008595988	0.03724928366762178	0.45272206303724927	0.6217765042979942	0.5759312320916905	349	0.9	04_revision_analysis/sites_v2/sites_clean/RNA004/Human/RNA004_HeLa_WT/m5C/Dorado_hac@v5.1.0_m5C@v1_otherMod/HeLa_RNA004_WT.tsv
m5C	Dorado_hac@v5.1.0_m5C@v1_otherMod	hac@v5.1.0_m5C	IVT	1	261	261	136	110	8	0.07272727272727272	0.058823529411764705	42	0.38181818181818183	0.3088235294117647	60	0.5454545454545454	0.4411764705882353	14		0.10294117647058823	12		0.08823529411764706	0		0.0	0.02727272727272727	0.2909090909090909	0.45454545454545453	0.12727272727272726	0.4636363636363636	0.6363636363636364	0.5454545454545454	110	0.9	04_revision_analysis/sites_v2/sites_clean/RNA004/Human/RNA004_HeLa_IVT/m5C/Dorado_hac@v5.1.0_m5C@v1_otherMod/HeLa_RNA004_IVT.tsv
m5C	Dorado_sup@v5.1.0_m5C@v1_otherMod	sup@v5.1.0_m5C	WT	1	218	218	118	102	1	0.00980392156862745	0.00847457627118644	32	0.3137254901960784	0.2711864406779661	69	0.6764705882352942	0.5847457627118644	10		0.0847457627118644	6		0.05084745762711865	0		0.0	0.0	0.23529411764705882	0.5784313725490197	0.029411764705882353	0.4117647058823529	0.7549019607843137	0.6764705882352942	102	0.9	04_revision_analysis/sites_v2/sites_clean/RNA004/Human/RNA004_HeLa_WT/m5C/Dorado_sup@v5.1.0_m5C@v1_otherMod/HeLa_RNA004_WT.tsv
m5C	Dorado_sup@v5.1.0_m5C@v1_otherMod	sup@v5.1.0_m5C	IVT	1	97	97	52	41	2	0.04878048780487805	0.038461538461538464	17	0.4146341463414634	0.3269230769230769	22	0.5365853658536586	0.4230769230769231	6		0.11538461538461539	5		0.09615384615384616	0		0.0	0.0	0.2682926829268293	0.36585365853658536	0.12195121951219512	0.5609756097560976	0.6829268292682927	0.5365853658536586	41	0.9	04_revision_analysis/sites_v2/sites_clean/RNA004/Human/RNA004_HeLa_IVT/m5C/Dorado_sup@v5.1.0_m5C@v1_otherMod/HeLa_RNA004_IVT.tsv
