species	sample	replicate_tag	unit	study	k	n_tools_available	n_sites_total	n_sites_support_ge_k	frac_support_ge_k
Arabidopsis	Arabidopsis_WT_rep1	rep1	Arabidopsis_WT_rep1	SRP329449	1	13	189275	189275	1.0
Arabidopsis	Arabidopsis_WT_rep1	rep1	Arabidopsis_WT_rep1	SRP329449	2	13	189275	37894	0.2002060493990226
Arabidopsis	Arabidopsis_WT_rep1	rep1	Arabidopsis_WT_rep1	SRP329449	3	13	189275	10215	0.053969092590146615
Arabidopsis	Arabidopsis_WT_rep1	rep1	Arabidopsis_WT_rep1	SRP329449	4	13	189275	2833	0.014967639677717607
Arabidopsis	Arabidopsis_WT_rep1	rep1	Arabidopsis_WT_rep1	SRP329449	5	13	189275	978	0.005167084929335623
Arabidopsis	Arabidopsis_WT_rep1	rep1	Arabidopsis_WT_rep1	SRP329449	6	13	189275	396	0.002092193897767798
Arabidopsis	Arabidopsis_WT_rep1	rep1	Arabidopsis_WT_rep1	SRP329449	7	13	189275	195	0.001030246995112931
Arabidopsis	Arabidopsis_WT_rep1	rep1	Arabidopsis_WT_rep1	SRP329449	8	13	189275	93	0.0004913485669000132
Arabidopsis	Arabidopsis_WT_rep1	rep1	Arabidopsis_WT_rep1	SRP329449	9	13	189275	42	0.00022189935279355436
Arabidopsis	Arabidopsis_WT_rep1	rep1	Arabidopsis_WT_rep1	SRP329449	10	13	189275	14	7.396645093118478e-05
Arabidopsis	Arabidopsis_WT_rep1	rep1	Arabidopsis_WT_rep1	SRP329449	11	13	189275	8	4.2266543389248445e-05
Arabidopsis	Arabidopsis_WT_rep1	rep1	Arabidopsis_WT_rep1	SRP329449	12	13	189275	0	0.0
Arabidopsis	Arabidopsis_WT_rep1	rep1	Arabidopsis_WT_rep1	SRP329449	13	13	189275	0	0.0
Arabidopsis	Arabidopsis_WT_rep2	rep2	Arabidopsis_WT_rep2	SRP329449	1	13	177245	177245	1.0
Arabidopsis	Arabidopsis_WT_rep2	rep2	Arabidopsis_WT_rep2	SRP329449	2	13	177245	34778	0.19621427966938418
Arabidopsis	Arabidopsis_WT_rep2	rep2	Arabidopsis_WT_rep2	SRP329449	3	13	177245	9622	0.054286439673897714
Arabidopsis	Arabidopsis_WT_rep2	rep2	Arabidopsis_WT_rep2	SRP329449	4	13	177245	3125	0.017630962791616123
Arabidopsis	Arabidopsis_WT_rep2	rep2	Arabidopsis_WT_rep2	SRP329449	5	13	177245	1294	0.007300629072752405
Arabidopsis	Arabidopsis_WT_rep2	rep2	Arabidopsis_WT_rep2	SRP329449	6	13	177245	609	0.00343592202883015
Arabidopsis	Arabidopsis_WT_rep2	rep2	Arabidopsis_WT_rep2	SRP329449	7	13	177245	312	0.0017602753251149538
Arabidopsis	Arabidopsis_WT_rep2	rep2	Arabidopsis_WT_rep2	SRP329449	8	13	177245	166	0.0009365567434906486
Arabidopsis	Arabidopsis_WT_rep2	rep2	Arabidopsis_WT_rep2	SRP329449	9	13	177245	85	0.00047956218793195857
Arabidopsis	Arabidopsis_WT_rep2	rep2	Arabidopsis_WT_rep2	SRP329449	10	13	177245	41	0.00023131823182600357
Arabidopsis	Arabidopsis_WT_rep2	rep2	Arabidopsis_WT_rep2	SRP329449	11	13	177245	11	6.206098902648876e-05
Arabidopsis	Arabidopsis_WT_rep2	rep2	Arabidopsis_WT_rep2	SRP329449	12	13	177245	0	0.0
Arabidopsis	Arabidopsis_WT_rep2	rep2	Arabidopsis_WT_rep2	SRP329449	13	13	177245	0	0.0
Arabidopsis	Arabidopsis_WT_rep3	rep3	Arabidopsis_WT_rep3	SRP329449	1	13	164007	164007	1.0
Arabidopsis	Arabidopsis_WT_rep3	rep3	Arabidopsis_WT_rep3	SRP329449	2	13	164007	33883	0.20659484046412654
Arabidopsis	Arabidopsis_WT_rep3	rep3	Arabidopsis_WT_rep3	SRP329449	3	13	164007	10807	0.0658935289347406
Arabidopsis	Arabidopsis_WT_rep3	rep3	Arabidopsis_WT_rep3	SRP329449	4	13	164007	3603	0.02196857451206351
Arabidopsis	Arabidopsis_WT_rep3	rep3	Arabidopsis_WT_rep3	SRP329449	5	13	164007	1186	0.0072313986598133
Arabidopsis	Arabidopsis_WT_rep3	rep3	Arabidopsis_WT_rep3	SRP329449	6	13	164007	450	0.0027437853262360754
Arabidopsis	Arabidopsis_WT_rep3	rep3	Arabidopsis_WT_rep3	SRP329449	7	13	164007	181	0.0011036114312193992
Arabidopsis	Arabidopsis_WT_rep3	rep3	Arabidopsis_WT_rep3	SRP329449	8	13	164007	73	0.0004451029529227411
Arabidopsis	Arabidopsis_WT_rep3	rep3	Arabidopsis_WT_rep3	SRP329449	9	13	164007	39	0.00023779472827379318
Arabidopsis	Arabidopsis_WT_rep3	rep3	Arabidopsis_WT_rep3	SRP329449	10	13	164007	16	9.75568115995049e-05
Arabidopsis	Arabidopsis_WT_rep3	rep3	Arabidopsis_WT_rep3	SRP329449	11	13	164007	4	2.4389202899876225e-05
Arabidopsis	Arabidopsis_WT_rep3	rep3	Arabidopsis_WT_rep3	SRP329449	12	13	164007	1	6.097300724969056e-06
Arabidopsis	Arabidopsis_WT_rep3	rep3	Arabidopsis_WT_rep3	SRP329449	13	13	164007	0	0.0
Mouse	mESCs_Mettl3_WT	studyA	mESCs_Mettl3_WT	SRP166020	1	13	218717	218717	1.0
Mouse	mESCs_Mettl3_WT	studyA	mESCs_Mettl3_WT	SRP166020	2	13	218717	46268	0.21154276988071344
Mouse	mESCs_Mettl3_WT	studyA	mESCs_Mettl3_WT	SRP166020	3	13	218717	15494	0.07084040106621799
Mouse	mESCs_Mettl3_WT	studyA	mESCs_Mettl3_WT	SRP166020	4	13	218717	5750	0.026289680271766713
Mouse	mESCs_Mettl3_WT	studyA	mESCs_Mettl3_WT	SRP166020	5	13	218717	2400	0.010973083939520019
Mouse	mESCs_Mettl3_WT	studyA	mESCs_Mettl3_WT	SRP166020	6	13	218717	1100	0.005029330138946676
Mouse	mESCs_Mettl3_WT	studyA	mESCs_Mettl3_WT	SRP166020	7	13	218717	549	0.0025100929511652046
Mouse	mESCs_Mettl3_WT	studyA	mESCs_Mettl3_WT	SRP166020	8	13	218717	257	0.0011750344051902686
Mouse	mESCs_Mettl3_WT	studyA	mESCs_Mettl3_WT	SRP166020	9	13	218717	125	0.0005715147885166676
Mouse	mESCs_Mettl3_WT	studyA	mESCs_Mettl3_WT	SRP166020	10	13	218717	53	0.00024232227033106708
Mouse	mESCs_Mettl3_WT	studyA	mESCs_Mettl3_WT	SRP166020	11	13	218717	18	8.229812954640014e-05
Mouse	mESCs_Mettl3_WT	studyA	mESCs_Mettl3_WT	SRP166020	12	13	218717	2	9.144236616266683e-06
Mouse	mESCs_Mettl3_WT	studyA	mESCs_Mettl3_WT	SRP166020	13	13	218717	0	0.0
Mouse	mES_WT	studyB	mES_WT	SRP357195	1	13	305374	305374	1.0
Mouse	mES_WT	studyB	mES_WT	SRP357195	2	13	305374	59702	0.19550452887279204
Mouse	mES_WT	studyB	mES_WT	SRP357195	3	13	305374	20339	0.06660357463307288
Mouse	mES_WT	studyB	mES_WT	SRP357195	4	13	305374	8232	0.026957108332732977
Mouse	mES_WT	studyB	mES_WT	SRP357195	5	13	305374	4522	0.014808071414069306
Mouse	mES_WT	studyB	mES_WT	SRP357195	6	13	305374	2979	0.009755250938193821
Mouse	mES_WT	studyB	mES_WT	SRP357195	7	13	305374	2032	0.006654135584561882
Mouse	mES_WT	studyB	mES_WT	SRP357195	8	13	305374	1381	0.004522323446003917
Mouse	mES_WT	studyB	mES_WT	SRP357195	9	13	305374	862	0.002822768146600562
Mouse	mES_WT	studyB	mES_WT	SRP357195	10	13	305374	464	0.0015194482830889337
Mouse	mES_WT	studyB	mES_WT	SRP357195	11	13	305374	149	0.000487926280560886
Mouse	mES_WT	studyB	mES_WT	SRP357195	12	13	305374	34	0.00011133888281255117
Mouse	mES_WT	studyB	mES_WT	SRP357195	13	13	305374	2	6.5493460477971274e-06
Human	HeLa_WT1	rep1	HeLa_WT1	SRP393373	1	13	152660	152660	1.0
Human	HeLa_WT1	rep1	HeLa_WT1	SRP393373	2	13	152660	31836	0.20854185772304468
Human	HeLa_WT1	rep1	HeLa_WT1	SRP393373	3	13	152660	12008	0.07865845670116599
Human	HeLa_WT1	rep1	HeLa_WT1	SRP393373	4	13	152660	4087	0.026771911437180662
Human	HeLa_WT1	rep1	HeLa_WT1	SRP393373	5	13	152660	1646	0.01078213022402725
Human	HeLa_WT1	rep1	HeLa_WT1	SRP393373	6	13	152660	804	0.0052666055286257046
Human	HeLa_WT1	rep1	HeLa_WT1	SRP393373	7	13	152660	465	0.003045984540809642
Human	HeLa_WT1	rep1	HeLa_WT1	SRP393373	8	13	152660	284	0.0018603432464299751
Human	HeLa_WT1	rep1	HeLa_WT1	SRP393373	9	13	152660	181	0.0011856412943796672
Human	HeLa_WT1	rep1	HeLa_WT1	SRP393373	10	13	152660	97	0.0006353989257172802
Human	HeLa_WT1	rep1	HeLa_WT1	SRP393373	11	13	152660	32	0.0002096161404428141
Human	HeLa_WT1	rep1	HeLa_WT1	SRP393373	12	13	152660	9	5.895453949954147e-05
Human	HeLa_WT1	rep1	HeLa_WT1	SRP393373	13	13	152660	0	0.0
Human	HeLa_WT2	rep2	HeLa_WT2	SRP393373	1	13	236609	236609	1.0
Human	HeLa_WT2	rep2	HeLa_WT2	SRP393373	2	13	236609	43181	0.18249939774057622
Human	HeLa_WT2	rep2	HeLa_WT2	SRP393373	3	13	236609	13026	0.05505285090592497
Human	HeLa_WT2	rep2	HeLa_WT2	SRP393373	4	13	236609	4021	0.01699428170526058
Human	HeLa_WT2	rep2	HeLa_WT2	SRP393373	5	13	236609	1698	0.007176396502246322
Human	HeLa_WT2	rep2	HeLa_WT2	SRP393373	6	13	236609	930	0.003930535186742685
Human	HeLa_WT2	rep2	HeLa_WT2	SRP393373	7	13	236609	580	0.0024513015143126423
Human	HeLa_WT2	rep2	HeLa_WT2	SRP393373	8	13	236609	371	0.0015679876927758454
Human	HeLa_WT2	rep2	HeLa_WT2	SRP393373	9	13	236609	223	0.0009424831684339987
Human	HeLa_WT2	rep2	HeLa_WT2	SRP393373	10	13	236609	97	0.0004099590463591833
Human	HeLa_WT2	rep2	HeLa_WT2	SRP393373	11	13	236609	44	0.00018596080453406251
Human	HeLa_WT2	rep2	HeLa_WT2	SRP393373	12	13	236609	6	2.5358291527372162e-05
Human	HeLa_WT2	rep2	HeLa_WT2	SRP393373	13	13	236609	0	0.0
Human	HeLa_WT3	rep3	HeLa_WT3	SRP393373	1	13	119729	119729	1.0
Human	HeLa_WT3	rep3	HeLa_WT3	SRP393373	2	13	119729	26838	0.22415621946228567
Human	HeLa_WT3	rep3	HeLa_WT3	SRP393373	3	13	119729	10114	0.0844741040182412
Human	HeLa_WT3	rep3	HeLa_WT3	SRP393373	4	13	119729	3295	0.027520483759156094
Human	HeLa_WT3	rep3	HeLa_WT3	SRP393373	5	13	119729	1173	0.009797125174352078
Human	HeLa_WT3	rep3	HeLa_WT3	SRP393373	6	13	119729	539	0.004501833306884715
Human	HeLa_WT3	rep3	HeLa_WT3	SRP393373	7	13	119729	287	0.002397080072497056
Human	HeLa_WT3	rep3	HeLa_WT3	SRP393373	8	13	119729	178	0.0014866907766706479
Human	HeLa_WT3	rep3	HeLa_WT3	SRP393373	9	13	119729	103	0.0008602761235790827
Human	HeLa_WT3	rep3	HeLa_WT3	SRP393373	10	13	119729	46	0.00038420098722949326
Human	HeLa_WT3	rep3	HeLa_WT3	SRP393373	11	13	119729	14	0.00011693073524375883
Human	HeLa_WT3	rep3	HeLa_WT3	SRP393373	12	13	119729	3	2.5056586123662604e-05
Human	HeLa_WT3	rep3	HeLa_WT3	SRP393373	13	13	119729	0	0.0
