species	tool	n_pairs	jaccard_mean	jaccard_sd	jaccard_min	jaccard_max	jaccard_ci_lo	jaccard_ci_hi
Arabidopsis	CHEUI_m6A	9	0.0046595051610001225	0.0016968157579900097	0.0024450756894753875	0.008416295520041918	0.0037855394723656788	0.005866835106696813
Arabidopsis	DENA	9	0.27265856833169855	0.06903980667742635	0.1741889141625763	0.3635967966573816	0.23071472658946157	0.3139825616176895
Arabidopsis	DRUMMER	9	0.002110797237915882	0.004964951005665236	0.0	0.014830508474576272	0.0	0.006591337099811676
Arabidopsis	ELIGOS2_diff	9	0.0003794563008261768	0.0005894466558399739	0.0	0.0013297872340425532	0.0	0.0007589126016523536
Arabidopsis	ELIGOS2_solo	9	0.22350886778323595	0.05233457055906915	0.144280153096274	0.2812028420523139	0.19110772527797543	0.25358834435330174
Arabidopsis	EpiNano_Error	9	0.08957620853889425	0.06900212712708031	0.01823095823095823	0.19048556430446195	0.05044982346904924	0.1359297584274654
Arabidopsis	MINES	9	0.4128161189384134	0.10979885542155213	0.26460953976397383	0.5731402895656516	0.34642930821326146	0.48104234035783
Arabidopsis	NanoSPA_m6A	9	0.09418212865124559	0.028044851192449087	0.0581319399085565	0.13549618320610687	0.0772167145712789	0.11169736410434339
Arabidopsis	Nanocompore	9	0.01819892743339717	0.02453186216884369	0.0	0.07850467289719626	0.006236051612707996	0.03435185307166853
Arabidopsis	Nanom6A	9	0.3398604502245754	0.1353813007184401	0.23803680981595093	0.5511989342806395	0.2712819331972852	0.42673909116809633
Arabidopsis	m6Anet	9	0.1774257796194435	0.059827341589588585	0.10700688537869583	0.2618434603501545	0.14111977091984923	0.21540637787750377
Arabidopsis	xPore	9	0.07035600672544338	0.035676522986033514	0.03006468685680682	0.1343856879768482	0.04982189587384576	0.09307814602239241
Arabidopsis	yanocomp	9	0.020893068303534837	0.014591145652531307	0.006295399515738499	0.050927807124475144	0.01241047996677568	0.031309554788163184
Human	CHEUI_m6A	9	0.011300494718231814	0.0015915084909861573	0.008394044979410833	0.013825656132833422	0.010316375317765462	0.01219998049184741
Human	DENA	9	0.21866488689595343	0.034914752628247614	0.15350282238655757	0.26990247221592195	0.1974223076555723	0.23940652146832797
Human	DRUMMER	9	0.0045143822588262035	0.00638523363709353	0.0	0.018867924528301886	0.001027212704888489	0.008771748664791247
Human	ELIGOS2_diff	9	0.006773943109687977	0.005623844960857669	0.0	0.014623172103487065	0.003160362042918132	0.010409919622552746
Human	ELIGOS2_solo	9	0.20977710329079963	0.017757064419118947	0.17977998498585204	0.23215112607872027	0.19873409697967606	0.22049381369152624
Human	EpiNano_Error	9	0.07239088652308287	0.03511091955858709	0.03313794450957405	0.13894269381584542	0.05280926515039932	0.09623464355510077
Human	MINES	9	0.3553647754545527	0.03787820278177248	0.2823352784544785	0.3870152793866181	0.32842410001248873	0.37748162109409694
Human	NanoSPA_m6A	9	0.02065720291617969	0.010960168409104697	0.011152416356877323	0.04208065458796026	0.014091331474149493	0.028143435155006682
Human	Nanocompore	9	0.016813051311908245	0.013140303617544846	0.001557632398753894	0.04234527687296417	0.009169348762132224	0.024677307116745005
Human	Nanom6A	9	0.3284111047188226	0.024719492251630004	0.2870073624945864	0.36046413144744643	0.3138471310879158	0.3433203382741069
Human	m6Anet	9	0.19580223983728984	0.017959727185515362	0.16765406877766428	0.2169188050555343	0.1839819734746673	0.2065724603083137
Human	xPore	9	0.06043532499220493	0.015039622862108765	0.036999753081729946	0.07575296623060541	0.05034142219038494	0.06899705592821012
Human	yanocomp	9	0.017515920239082917	0.010364398168922288	0.002027626409833988	0.03414012738853503	0.010989555979276365	0.023766769161568536
Mouse	CHEUI_m6A	4	0.006141367291201414	0.0030510601181442383	0.003372041560412232	0.010433756440146217	0.0040190410091043	0.009025225282376339
Mouse	DENA	4	0.25531770305429424	0.07465928660383958	0.172010496063976	0.33446739933299013	0.18288586621233024	0.31687416974790406
Mouse	DRUMMER	4	0.0388985608985609	0.04866510532010097	0.0	0.10073710073710074	0.0	0.0777971217971218
Mouse	ELIGOS2_diff	4	0.03333372392095288	0.041168091529264414	0.0	0.08455440787893347	0.0	0.06666744784190576
Mouse	ELIGOS2_solo	4	0.2453684721715261	0.06795725367964064	0.16420832657036197	0.32335814241260713	0.1788217274509175	0.2981840893326014
Mouse	EpiNano_Error	4	0.05620612776958368	0.07926459951165572	0.0	0.16814427062846077	0.0	0.12610820297134556
Mouse	MINES	4	0.3925886249709808	0.14323880076383433	0.23093606315606835	0.5743703121716808	0.26059189579849296	0.5181675825602022
Mouse	NanoSPA_m6A	4	0.06946517663592695	0.06549049146344796	0.009300162752848175	0.1418588399720475	0.014156914412668888	0.12477343885918502
Mouse	Nanocompore	4	0.019804495605621725	0.025761670251446617	0.0	0.054136874361593465	0.0	0.040602655771195095
Mouse	Nanom6A	4	0.35289358812674126	0.2583842000633109	0.11625715482339802	0.6252368647717484	0.12435555222176689	0.5733332266333468
Mouse	m6Anet	4	0.22264355661398547	0.06602073662612552	0.15040139616055848	0.30123214614111443	0.16046408055843844	0.2747603482716526
Mouse	xPore	4	0.03799571993478555	0.049171330659363785	0.0	0.10318298582586811	0.0	0.07738723936940109
Mouse	yanocomp	4	0.020044525692443957	0.029541971104654754	0.0	0.06257295817735378	0.0	0.04692971863301534
