species	k	n_units	frac_mean	frac_min	frac_max	n_sites_mean
Arabidopsis	1	3	1.0	1.0	1.0	176842.33333333334
Arabidopsis	2	3	0.20100505651084444	0.19621427966938418	0.20659484046412654	35518.333333333336
Arabidopsis	3	3	0.058049687066261645	0.053969092590146615	0.0658935289347406	10214.666666666666
Arabidopsis	4	3	0.018189058993799082	0.014967639677717607	0.02196857451206351	3187.0
Arabidopsis	5	3	0.006566370887300443	0.005167084929335623	0.007300629072752405	1152.6666666666667
Arabidopsis	6	3	0.0027573004176113408	0.002092193897767798	0.00343592202883015	485.0
Arabidopsis	7	3	0.0012980445838157613	0.001030246995112931	0.0017602753251149538	229.33333333333334
Arabidopsis	8	3	0.0006243360877711343	0.0004451029529227411	0.0009365567434906486	110.66666666666667
Arabidopsis	9	3	0.0003130854229997687	0.00022189935279355436	0.00047956218793195857	55.333333333333336
Arabidopsis	10	3	0.00013428049811889774	7.396645093118478e-05	0.00023131823182600357	23.666666666666668
Arabidopsis	11	3	4.290557843853781e-05	2.4389202899876225e-05	6.206098902648876e-05	7.666666666666667
Arabidopsis	12	3	2.0324335749896854e-06	0.0	6.097300724969056e-06	0.3333333333333333
Arabidopsis	13	3	0.0	0.0	0.0	0.0
Human	1	3	1.0	1.0	1.0	169666.0
Human	2	3	0.2050658249753022	0.18249939774057622	0.22415621946228567	33951.666666666664
Human	3	3	0.07272847054177738	0.05505285090592497	0.0844741040182412	11716.0
Human	4	3	0.023762225633865777	0.01699428170526058	0.027520483759156094	3801.0
Human	5	3	0.009251883966875216	0.007176396502246322	0.01078213022402725	1505.6666666666667
Human	6	3	0.004566324674084368	0.003930535186742685	0.0052666055286257046	757.6666666666666
Human	7	3	0.0026314553758731134	0.002397080072497056	0.003045984540809642	444.0
Human	8	3	0.0016383405719588228	0.0014866907766706479	0.0018603432464299751	277.6666666666667
Human	9	3	0.000996133528797583	0.0008602761235790827	0.0011856412943796672	169.0
Human	10	3	0.0004765196531019856	0.00038420098722949326	0.0006353989257172802	80.0
Human	11	3	0.00017083589340687847	0.00011693073524375883	0.0002096161404428141	30.0
Human	12	3	3.6456472383525415e-05	2.5056586123662604e-05	5.895453949954147e-05	6.0
Human	13	3	0.0	0.0	0.0	0.0
Mouse	1	2	1.0	1.0	1.0	262045.5
Mouse	2	2	0.20352364937675274	0.19550452887279204	0.21154276988071344	52985.0
Mouse	3	2	0.06872198784964544	0.06660357463307288	0.07084040106621799	17916.5
Mouse	4	2	0.026623394302249845	0.026289680271766713	0.026957108332732977	6991.0
Mouse	5	2	0.012890577676794662	0.010973083939520019	0.014808071414069306	3461.0
Mouse	6	2	0.0073922905385702484	0.005029330138946676	0.009755250938193821	2039.5
Mouse	7	2	0.004582114267863543	0.0025100929511652046	0.006654135584561882	1290.5
Mouse	8	2	0.0028486789255970928	0.0011750344051902686	0.004522323446003917	819.0
Mouse	9	2	0.0016971414675586148	0.0005715147885166676	0.002822768146600562	493.5
Mouse	10	2	0.0008808852767100004	0.00024232227033106708	0.0015194482830889337	258.5
Mouse	11	2	0.0002851122050536431	8.229812954640014e-05	0.000487926280560886	83.5
Mouse	12	2	6.024155971440892e-05	9.144236616266683e-06	0.00011133888281255117	18.0
Mouse	13	2	3.2746730238985637e-06	0.0	6.5493460477971274e-06	1.0
