species	tool	n_pairs	ratio_mean	ratio_sd	ratio_min	ratio_max	ratio_ci_lo	ratio_ci_hi	eval_max_abs_count_delta	eval_max_abs_ratio_delta
Arabidopsis	CHEUI_m6A	3	0.8385196048745364	0.22754487204430104	0.622620989668298	1.0761512542119056	0.622620989668298	1.0761512542119056	0.0	1.2542119056657697e-06
Arabidopsis	DENA	3	0.5933964075903797	0.1797068217298445	0.43495966794580626	0.7886660222329628	0.43495966794580626	0.7886660222329628	0.0	4.674076298227803e-07
Arabidopsis	DRUMMER	3	0.031066403576602758	0.029476426975637803	0.0	0.05864197530864197	0.0	0.05864197530864198	0.0	3.542116630561587e-08
Arabidopsis	ELIGOS2_diff	3	0.014001662080626046	0.004870284650577544	0.009735744089012517	0.019308125502815767	0.009735744089012517	0.019308125502815767	0.0	2.5502815765438003e-08
Arabidopsis	ELIGOS2_solo	3	0.589815708622691	0.2057858673695328	0.3892329318794879	0.8004372173808882	0.3892329318794879	0.8004372173808884	0.0	2.1738088828993085e-07
Arabidopsis	EpiNano_Error	3	0.7037922332205091	0.30653114877449766	0.35036137814890184	0.8971304818624797	0.35036137814890184	0.8971304818624798	0.0	4.818624796953941e-07
Arabidopsis	MINES	3	0.6274017961904214	0.20313208621545567	0.46987564587505254	0.8566699490875568	0.46987564587505254	0.8566699490875568	0.0	3.5412494747699697e-07
Arabidopsis	NanoSPA_m6A	3	0.3410155678077598	0.06533886256398466	0.2826086956521739	0.41157894736842104	0.2826086956521739	0.41157894736842104	0.0	3.043478261077759e-07
Arabidopsis	Nanocompore	3	1.092881045162944	1.3971521471657307	0.14953271028037382	2.6979591836734693	0.14953271028037382	2.6979591836734698	0.0	8.163265308169798e-07
Arabidopsis	Nanom6A	3	0.7516801536843284	0.02417120515856222	0.7239008608238489	0.7679108095007271	0.7239008608238487	0.7679108095007271	0.0	2.0927159050110333e-07
Arabidopsis	m6Anet	3	0.31722627361104183	0.09501071293241267	0.25148986889153757	0.42616075886170746	0.25148986889153757	0.4261607588617074	0.0	2.4113829255600905e-07
Arabidopsis	xPore	3	0.8122671161201606	0.24945033385230897	0.583864118895966	1.0784538844240337	0.583864118895966	1.0784538844240337	0.0	3.884424033762102e-06
Arabidopsis	yanocomp	3	1.2530671516054117	1.1401720778881441	0.15969610927787584	2.43488824101069	0.15969610927787584	2.43488824101069	0.0	2.895472331010396e-06
Human	CHEUI_m6A	3	1.0925659063764597	0.2723777549064762	0.7839161321470446	1.299246586093235	0.7839161321470446	1.299246586093235		
Human	DENA	3	1.027362114311834	0.43269740314292443	0.6492444444444444	1.499258912551681	0.6492444444444444	1.4992589125516809		
Human	DRUMMER	3	0.11445354369906158	0.14226849222328067	0.013179571663920923	0.27710843373493976	0.013179571663920924	0.27710843373493976		
Human	ELIGOS2_diff	3	0.03555678893055567	0.024556691272036007	0.009394572025052192	0.05810810810810811	0.009394572025052192	0.058108108108108104		
Human	ELIGOS2_solo	3	0.9300943201005886	0.2253139257260707	0.69677725937446	1.146446014756313	0.69677725937446	1.146446014756313		
Human	EpiNano_Error	3	0.817247199983572	0.1959646805060506	0.6282874898392637	1.0195362706287594	0.6282874898392637	1.0195362706287594		
Human	MINES	3	1.1959526385746109	0.08459056585361269	1.1459866185880734	1.293620663986899	1.1459866185880734	1.293620663986899		
Human	NanoSPA_m6A	3	0.20993413458963683	0.10017226168093922	0.0961380443714051	0.2847854356306892	0.0961380443714051	0.2847854356306892		
Human	Nanocompore	3	0.09997586565815553	0.06405499510893418	0.04010876954452753	0.16752577319587628	0.04010876954452753	0.16752577319587628		
Human	Nanom6A	3	0.7788830348371875	0.15421813915882196	0.6624450909920703	0.9537848605577689	0.6624450909920703	0.9537848605577689		
Human	m6Anet	3	0.8647893284119273	0.054800521301360844	0.8226016260162602	0.9267273402674592	0.8226016260162602	0.9267273402674592		
Human	xPore	3	1.0270001360537653	0.35440772269797255	0.6254085913571668	1.2959722043495046	0.6254085913571668	1.2959722043495046		
Human	yanocomp	3	0.566956622359491	0.25692218434713104	0.2703528333587903	0.7206113733423242	0.2703528333587903	0.7206113733423242		
Mouse	CHEUI_m6A	2	1.219654146781839	0.47934917124793824	0.8807030972362702	1.5586051963274077	0.8807030972362702	1.5586051963274077	0.0	4.803672592368358e-06
Mouse	DENA	2	0.5659365718221261	0.11876383636320595	0.4819578577699737	0.6499152858742785	0.4819578577699737	0.6499152858742785	0.0	2.8587427847170943e-07
Mouse	DRUMMER	2	0.1111414527580557	0.157177749832291	0.0	0.2222829055161114	0.0	0.2222829055161114	0.0	9.448388860189283e-08
Mouse	ELIGOS2_diff	2	0.07503234152652005	0.10611175500341465	0.0	0.1500646830530401	0.0	0.1500646830530401	0.0	3.169469598995889e-07
Mouse	ELIGOS2_solo	2	0.5730528053591111	0.11951954717424326	0.4885397230678582	0.657565887650364	0.4885397230678582	0.657565887650364	0.0	2.7693214177393344e-07
Mouse	EpiNano_Error	2	0.5699867949443501	0.8060830557838722	0.0	1.1399735898887002	0.0	1.1399735898887002	0.0	3.5898887003060764e-06
Mouse	MINES	2	0.8119622687688302	0.31356365675082765	0.5902392807466689	1.0336852567909913	0.5902392807466689	1.0336852567909913	0.0	4.743209008672977e-06
Mouse	NanoSPA_m6A	2	0.1380193855803612	0.12881596662504305	0.04693274205469328	0.22910602910602912	0.04693274205469328	0.22910602910602912	0.0	4.205469327639433e-08
Mouse	Nanocompore	2	3.9308278867102397	5.559030108739993	0.0	7.8616557734204795	0.0	7.8616557734204795	0.0	4.226579520150153e-06
Mouse	Nanom6A	2	0.7714464171217581	0.02669492646036901	0.752570253598355	0.7903225806451613	0.752570253598355	0.7903225806451613	0.0	4.1935483874322443e-07
Mouse	m6Anet	2	0.46122883869895803	0.17328416857506787	0.3386984280272547	0.5837592493706614	0.3386984280272547	0.5837592493706614	0.0	4.2802725469526237e-07
Mouse	xPore	2	0.36482811048230424	0.5159448617790245	0.0	0.7296562209646085	0.0	0.7296562209646085	0.0	2.209646084994077e-07
Mouse	yanocomp	2	3.047741130820399	4.310156841808522	0.0	6.095482261640798	0.0	6.095482261640798	0.0	2.2616407981956854e-06
