species	group	unit	study	tool	n_sites	n_glori	frac_glori	recall_in_universe	n_cov	coverage_median	coverage_q1	coverage_q3	frac_cov_ge20	n_drach	frac_drach	score_type	n_scored	score_median	score_q1	score_q3
Arabidopsis	Arabidopsis_WT	Arabidopsis_WT_rep1	SRP329449	CHEUI_m6A	16679	602	0.0360933	0.0154577	16679	46	32	70	0.992146	16679	0.0604952	Prob	16679	0.999997	0.999997	1
Arabidopsis	Arabidopsis_WT	Arabidopsis_WT_rep1	SRP329449	DENA	21698	5764	0.265647	0.148004	21698	44	28	86	0.929487	21698	0.998894	m6a_ratio	21698	0.18	0.134195	0.269231
Arabidopsis	Arabidopsis_WT	Arabidopsis_WT_rep1	SRP329449	DRUMMER	450	375	0.833333	0.00962896	450	429	231.25	664.75	1	450	0.175556	Pvalue	450	1.315e-05	2.565e-09	0.000551
Arabidopsis	Arabidopsis_WT	Arabidopsis_WT_rep1	SRP329449	ELIGOS2_diff	980	813	0.829592	0.0208756	980	229	107	460.25	0.992857	980	0.245918	adjPval	980	1.22886e-07	9.66036e-14	9.06598e-06
Arabidopsis	Arabidopsis_WT	Arabidopsis_WT_rep1	SRP329449	ELIGOS2_solo	46328	10279	0.221874	0.263936	46328	47	27	93	0.88698	46328	0.0927301	adjPval	46328	3.27015e-10	1.15824e-19	1.20968e-06
Arabidopsis	Arabidopsis_WT	Arabidopsis_WT_rep1	SRP329449	EpiNano_Error	8852	1792	0.20244	0.0460136	8852	81	56	125	0.996611	8852	0.0748983	delta_sum_err	8852	0.138385	0.121445	0.1747
Arabidopsis	Arabidopsis_WT	Arabidopsis_WT_rep1	SRP329449	m6Anet	11350	5449	0.480088	0.139915	11350	53	34	100	0.990573	11350	0.999471	Prob	11350	0.675172	0.571372	0.823321
Arabidopsis	Arabidopsis_WT	Arabidopsis_WT_rep1	SRP329449	MINES	62095	7142	0.115017	0.183387	62095	49	31	95	0.986569	62095	0.998502	mod_ratio	62095	0.36	0.2	0.62925
Arabidopsis	Arabidopsis_WT	Arabidopsis_WT_rep1	SRP329449	Nanocompore	434	379	0.873272	0.00973167	434	437	213.5	805	1	434	0.536866	Pvalue	434	0.000617775	5.91262e-08	0.0107164
Arabidopsis	Arabidopsis_WT	Arabidopsis_WT_rep1	SRP329449	Nanom6A	21080	3233	0.153368	0.0830145	21080	120	67	269	1	21080	0.750712	mod_ratio	21080	0.515152	0.333333	0.707692
Arabidopsis	Arabidopsis_WT	Arabidopsis_WT_rep1	SRP329449	NanoSPA_m6A	970	823	0.848454	0.0211324	970	43	26	82	0.929897	970	0.985567	Prob	970	0.99842	0.917911	0.999999
Arabidopsis	Arabidopsis_WT	Arabidopsis_WT_rep1	SRP329449	xPore	26334	2291	0.0869978	0.0588266	26334	106	69	202	0.999127	26334	0.0779221	FDR	26334	0.00573438	0.000223542	0.0219814
Arabidopsis	Arabidopsis_WT	Arabidopsis_WT_rep1	SRP329449	yanocomp	3468	1518	0.437716	0.038978	3468	240.5	160.75	397	1	3468	0.173875	FDR	3468	0.00019	2.6e-09	0.0085
Arabidopsis	Arabidopsis_WT	Arabidopsis_WT_rep2	SRP329449	CHEUI_m6A	18472	712	0.0385448	0.0182822	18472	44	30	68	0.987765	18472	0.0642594	Prob	18472	0.999999	0.999997	1
Arabidopsis	Arabidopsis_WT	Arabidopsis_WT_rep2	SRP329449	DENA	17008	4844	0.284807	0.124381	17008	40	26	78	0.909454	17008	0.998765	m6a_ratio	17008	0.181818	0.133333	0.272727
Arabidopsis	Arabidopsis_WT	Arabidopsis_WT_rep2	SRP329449	DRUMMER	580	521	0.898276	0.0133778	580	271	147	443.25	1	580	0.241379	Pvalue	580	7.945e-06	8.625e-10	0.000473
Arabidopsis	Arabidopsis_WT	Arabidopsis_WT_rep2	SRP329449	ELIGOS2_diff	1200	1029	0.8575	0.0264219	1200	161	76.75	320.25	0.970833	1200	0.314167	adjPval	1200	2.90057e-08	2.22464e-14	4.75274e-06
Arabidopsis	Arabidopsis_WT	Arabidopsis_WT_rep2	SRP329449	ELIGOS2_solo	34017	8064	0.237058	0.207061	34017	41	23	82	0.814005	34017	0.0972749	adjPval	34017	1.27109e-09	8.50296e-18	1.85027e-06
Arabidopsis	Arabidopsis_WT	Arabidopsis_WT_rep2	SRP329449	EpiNano_Error	13865	2562	0.184782	0.0657851	13865	46	35	62	0.976415	13865	0.0728453	delta_sum_err	13865	0.14807	0.12878	0.18607
Arabidopsis	Arabidopsis_WT	Arabidopsis_WT_rep2	SRP329449	m6Anet	10017	4553	0.454527	0.116908	10017	49	32	93	0.986223	10017	0.999301	Prob	10017	0.670303	0.571698	0.822053
Arabidopsis	Arabidopsis_WT	Arabidopsis_WT_rep2	SRP329449	MINES	48085	5731	0.119185	0.147156	48085	47	30	91	0.983425	48085	0.998523	mod_ratio	48085	0.3542	0.2	0.619
Arabidopsis	Arabidopsis_WT	Arabidopsis_WT_rep2	SRP329449	Nanocompore	1032	506	0.49031	0.0129927	1032	465	223.75	898.75	0.996124	1032	0.249031	Pvalue	1032	0.00137827	8.57553e-07	0.0177792
Arabidopsis	Arabidopsis_WT	Arabidopsis_WT_rep2	SRP329449	Nanom6A	19343	2983	0.154216	0.0765952	19343	94	52	208	1	19343	0.756863	mod_ratio	19343	0.485714	0.310811	0.678571
Arabidopsis	Arabidopsis_WT	Arabidopsis_WT_rep2	SRP329449	NanoSPA_m6A	935	808	0.864171	0.0207472	935	38	25	71.5	0.903743	935	0.992513	Prob	935	0.99943	0.959124	1
Arabidopsis	Arabidopsis_WT	Arabidopsis_WT_rep2	SRP329449	xPore	36678	3308	0.0901903	0.0849403	36678	75	44	156	0.995392	36678	0.0685152	FDR	36678	0.00817247	0.000453685	0.0253039
Arabidopsis	Arabidopsis_WT	Arabidopsis_WT_rep2	SRP329449	yanocomp	12649	2969	0.234722	0.0762357	12649	139	98	219	0.999526	12649	0.0964503	FDR	12649	0.00023	2.1e-08	0.0075
Arabidopsis	Arabidopsis_WT	Arabidopsis_WT_rep3	SRP329449	CHEUI_m6A	18613	636	0.0341697	0.0163307	18613	48	33	77	0.998496	18613	0.0632354	Prob	18613	0.999998	0.999897	1
Arabidopsis	Arabidopsis_WT	Arabidopsis_WT_rep3	SRP329449	DENA	20109	5526	0.274802	0.141892	20109	46	30	90	0.968173	20109	0.998508	m6a_ratio	20109	0.178571	0.133333	0.264151
Arabidopsis	Arabidopsis_WT	Arabidopsis_WT_rep3	SRP329449	DRUMMER	314	273	0.869427	0.00700989	314	515	323.25	770.5	1	314	0.22293	Pvalue	314	2.645e-05	1.2125e-08	0.0010475
Arabidopsis	Arabidopsis_WT	Arabidopsis_WT_rep3	SRP329449	ELIGOS2_diff	723	601	0.831259	0.015432	723	361	165	608.5	0.997234	723	0.275242	Padj	723	4.15748e-08	2.22179e-13	9.40847e-06
Arabidopsis	Arabidopsis_WT	Arabidopsis_WT_rep3	SRP329449	ELIGOS2_solo	40634	9446	0.232465	0.242547	40634	58	34	113	0.951199	40634	0.0965694	Padj	40634	4.46914e-10	4.04911e-19	1.38813e-06
Arabidopsis	Arabidopsis_WT	Arabidopsis_WT_rep3	SRP329449	EpiNano_Error	5359	1304	0.243329	0.0334831	5359	120	79	194	0.997947	5359	0.0770666	delta_sum_err	5359	0.13553	0.11811	0.17021
Arabidopsis	Arabidopsis_WT	Arabidopsis_WT_rep3	SRP329449	m6Anet	9647	4989	0.517156	0.128104	9647	54	35	102	0.999482	9647	0.999274	Prob	9647	0.674782	0.57231	0.833825
Arabidopsis	Arabidopsis_WT	Arabidopsis_WT_rep3	SRP329449	MINES	59048	6804	0.115228	0.174708	59048	50	32	96	0.999695	59048	0.998442	mod_ratio	59048	0.3608	0.2	0.62515
Arabidopsis	Arabidopsis_WT	Arabidopsis_WT_rep3	SRP329449	Nanocompore	239	217	0.90795	0.00557196	239	449	224	771	1	239	0.598326	Pvalue	239	0.000334174	1.99247e-07	0.00908094
Arabidopsis	Arabidopsis_WT	Arabidopsis_WT_rep3	SRP329449	Nanom6A	19123	4817	0.251896	0.123687	19123	118	65	241.5	1	19123	0.999006	mod_ratio	19123	0.385714	0.231788	0.597561
Arabidopsis	Arabidopsis_WT	Arabidopsis_WT_rep3	SRP329449	NanoSPA_m6A	1042	897	0.860845	0.0230325	1042	45	29	89.75	0.990403	1042	0.978887	Prob	1042	0.999672	0.954142	1
Arabidopsis	Arabidopsis_WT	Arabidopsis_WT_rep3	SRP329449	xPore	20325	1616	0.079508	0.0414944	20325	137	85	253	0.999852	20325	0.0742435	FDR	20325	0.00307506	7.34027e-05	0.0177933
Arabidopsis	Arabidopsis_WT	Arabidopsis_WT_rep3	SRP329449	yanocomp	1995	1006	0.504261	0.0258313	1995	294	201	434.5	1	1995	0.202506	FDR	1995	8.3e-05	1.3e-10	0.0063
Mouse	studyB	mES_WT	SRP357195	CHEUI_m6A	22144	329	0.0148573	0.02581	22144	65	42	105	0.998103	22144	0.0775379	Prob	22144	0.999998	0.999993	1
Mouse	studyB	mES_WT	SRP357195	DENA	21915	4366	0.199224	0.342512	21915	59	35	117	0.975587	21915	0.997855	m6a_ratio	21915	0.184615	0.136364	0.270833
Mouse	studyB	mES_WT	SRP357195	DRUMMER	1501	1073	0.714857	0.0841767	1501	107	62	214	0.994004	1501	0.608261	Pvalue	1501	4.97e-06	1.93e-10	0.000469
Mouse	studyB	mES_WT	SRP357195	ELIGOS2_diff	2790	1739	0.623297	0.136424	2790	71	41	123	0.954839	2790	0.605376	Padj	2790	3.11197e-08	2.14594e-13	5.586e-06
Mouse	studyB	mES_WT	SRP357195	ELIGOS2_solo	49332	3315	0.0671978	0.260061	49332	66	37	128	0.94233	49332	0.108165	Padj	49332	5.28739e-11	2.02233e-22	6.52786e-07
Mouse	studyB	mES_WT	SRP357195	EpiNano_Error	14777	1372	0.092847	0.107633	14777	51	38	76	0.971577	14777	0.119307	delta_sum_err	14777	0.13032	0.11191	0.16398
Mouse	studyB	mES_WT	SRP357195	m6Anet	17378	6000	0.345264	0.470699	17378	63	39	114	0.998792	17378	0.999137	Prob	17378	0.706236	0.588935	0.862899
Mouse	studyB	mES_WT	SRP357195	MINES	51064	5196	0.101755	0.407625	51064	67	41	133	0.999883	51064	0.997768	mod_ratio	51064	0.3548	0.2	0.64
Mouse	studyB	mES_WT	SRP357195	Nanocompore	2474	1249	0.50485	0.0979838	2474	174	73.25	566	0.986661	2474	0.678254	Pvalue	2474	0.00100731	1.2956e-06	0.0153266
Mouse	studyB	mES_WT	SRP357195	Nanom6A	18481	3464	0.187436	0.27175	18481	145	83	275	1	18481	0.998593	mod_ratio	18481	0.367647	0.220588	0.58
Mouse	studyB	mES_WT	SRP357195	NanoSPA_m6A	1812	1173	0.647351	0.0920217	1812	44	29	77	0.994481	1812	0.995033	Prob	1812	0.943388	0.787085	0.99761
Mouse	studyB	mES_WT	SRP357195	xPore	40330	2920	0.0724027	0.229074	40330	85	51	166	0.999107	40330	0.148624	FDR	40330	0.0085327	0.000518482	0.0259247
Mouse	studyB	mES_WT	SRP357195	yanocomp	5673	1456	0.256654	0.114223	5673	110	83	158	0.999471	5673	0.318879	FDR	5673	0.00034	5.5e-10	0.01
Mouse	studyA	mESCs_Mettl3_WT	SRP166020	CHEUI_m6A	11872	178	0.0149933	0.0139641	11872	63	38	111	0.986354	11872	0.0822102	Prob	11872	1	0.999965	1
Mouse	studyA	mESCs_Mettl3_WT	SRP166020	DENA	24699	4762	0.192801	0.373578	24699	83	42	183	0.95599	24699	0.998097	m6a_ratio	24699	0.186047	0.137255	0.269231
Mouse	studyA	mESCs_Mettl3_WT	SRP166020	DRUMMER	488	359	0.735656	0.0281635	488	428	245	776.25	1	488	0.577869	Pvalue	488	3.225e-05	1.5025e-09	0.000739
Mouse	studyA	mESCs_Mettl3_WT	SRP166020	ELIGOS2_diff	766	518	0.67624	0.040637	766	266	151	490	0.993473	766	0.627937	adjPval	766	4.6745e-08	8.79697e-13	8.1533e-06
Mouse	studyA	mESCs_Mettl3_WT	SRP166020	ELIGOS2_solo	56869	4044	0.0711108	0.317251	56869	70	36	151	0.913943	56869	0.120716	adjPval	56869	6.51563e-13	1.14409e-28	1.63189e-07
Mouse	studyA	mESCs_Mettl3_WT	SRP166020	EpiNano_Error	13549	1354	0.0999336	0.106221	13549	96	65	148	0.995203	13549	0.138903	delta_sum_err	13549	0.12791	0.11111	0.15865
Mouse	studyA	mESCs_Mettl3_WT	SRP166020	m6Anet	19271	6562	0.340512	0.514788	19271	84	47	174	0.990244	19271	0.999014	Prob	19271	0.711586	0.593255	0.859905
Mouse	studyA	mESCs_Mettl3_WT	SRP166020	MINES	54923	6036	0.109899	0.473523	54923	82	44	179	0.984305	54923	0.997815	mod_ratio	54923	0.3684	0.2069	0.6475
Mouse	studyA	mESCs_Mettl3_WT	SRP166020	Nanocompore	883	257	0.291053	0.0201616	0					883	0.348811	Pvalue	883	0.0018227	4.48577e-06	0.0157325
Mouse	studyA	mESCs_Mettl3_WT	SRP166020	Nanom6A	9554	949	0.0993301	0.0744489	9554	391	222	833	1	9554	0.835462	mod_ratio	9554	0.447321	0.292195	0.634313
Mouse	studyA	mESCs_Mettl3_WT	SRP166020	NanoSPA_m6A	2474	1425	0.57599	0.111791	2474	58	31	110.75	0.941795	2474	0.994341	Prob	2474	0.96283	0.823353	0.999453
Mouse	studyA	mESCs_Mettl3_WT	SRP166020	xPore	37603	1339	0.0356089	0.105044	37603	198	113	393	0.998724	37603	0.0963487	FDR	37603	0.0036573	8.46217e-05	0.0187759
Mouse	studyA	mESCs_Mettl3_WT	SRP166020	yanocomp	8343	852	0.102122	0.0668393	8343	320	197.5	567	1	8343	0.168045	FDR	8343	5.2e-05	2.1e-09	0.00415
Human	HeLa_WT	HeLa_WT1	SRP393373	CHEUI_m6A	18383	189	0.0102812	0.0161649	18383	64	41	124	0.999891	18383	0.0745798	Prob	18383	1	0.999998	1
Human	HeLa_WT	HeLa_WT1	SRP393373	DENA	15496	2926	0.188823	0.250257	15496	48	30	89	0.957989	15496	0.998193	m6a_ratio	15496	0.189189	0.137485	0.277778
Human	HeLa_WT	HeLa_WT1	SRP393373	DRUMMER	346	236	0.682081	0.0201847	346	108.5	55	293	1	346	0.534682	Pvalue	346	4.36e-05	6.8225e-08	0.0010725
Human	HeLa_WT	HeLa_WT1	SRP393373	ELIGOS2_diff	880	538	0.611364	0.0460144	880	62	36	119	0.953409	880	0.488636	Padj	880	1.1796e-07	7.81226e-12	7.84792e-06
Human	HeLa_WT	HeLa_WT1	SRP393373	ELIGOS2_solo	37591	2108	0.0560773	0.180294	37591	47	29	86	0.918704	37591	0.0863239	Padj	37591	4.08706e-09	8.04912e-16	2.62437e-06
Human	HeLa_WT	HeLa_WT1	SRP393373	EpiNano_Error	18573	1013	0.0545415	0.0866404	18573	45	36	67	0.988478	18573	0.08227	delta_sum_err	18573	0.13175	0.11307	0.17015
Human	HeLa_WT	HeLa_WT1	SRP393373	m6Anet	6767	2722	0.402246	0.232809	6767	55	37	93	1	6767	0.998522	Prob	6767	0.679944	0.57782	0.822909
Human	HeLa_WT	HeLa_WT1	SRP393373	MINES	29120	3384	0.116209	0.289429	29120	51	33	88	0.999657	29120	0.998008	mod_ratio	29120	0.3659	0.2069	0.6364
Human	HeLa_WT	HeLa_WT1	SRP393373	Nanocompore	1019	278	0.272816	0.0237769	1019	399	110	939.5	0.991168	1019	0.310108	Pvalue	1019	0.00109484	3.65333e-06	0.0150066
Human	HeLa_WT	HeLa_WT1	SRP393373	Nanom6A	18912	3954	0.209074	0.33818	18912	56	35	98	1	18912	0.998044	mod_ratio	18912	0.366667	0.233333	0.533333
Human	HeLa_WT	HeLa_WT1	SRP393373	NanoSPA_m6A	886	766	0.86456	0.0655149	886	35	26	53	0.997743	886	0.968397	Prob	886	0.990093	0.869725	0.999936
Human	HeLa_WT	HeLa_WT1	SRP393373	xPore	22634	910	0.040205	0.077831	22634	79	45	177	0.999602	22634	0.10387	FDR	22634	0.0048302	9.43107e-05	0.0219526
Human	HeLa_WT	HeLa_WT1	SRP393373	yanocomp	4366	367	0.0840586	0.031389	4366	102	74	164	1	4366	0.134677	FDR	4366	0.000225	1.4e-09	0.0076
Human	HeLa_WT	HeLa_WT2	SRP393373	CHEUI_m6A	24499	277	0.0113066	0.0236914	24499	83	51	156	0.999878	24499	0.0712274	Prob	24499	1	0.999998	1
Human	HeLa_WT	HeLa_WT2	SRP393373	DENA	11489	929	0.08086	0.079456	11489	65	41	128	0.992079	11489	0.997824	m6a_ratio	11489	0.168831	0.130435	0.24
Human	HeLa_WT	HeLa_WT2	SRP393373	DRUMMER	559	453	0.810376	0.0387444	559	102	60	225	1	559	0.595707	Pvalue	559	1.63e-05	7.715e-09	0.0006285
Human	HeLa_WT	HeLa_WT2	SRP393373	ELIGOS2_diff	1340	906	0.676119	0.0774889	1340	74	45	134.25	0.988806	1340	0.51194	Padj	1340	1.33054e-08	1.89802e-14	3.96831e-06
Human	HeLa_WT	HeLa_WT2	SRP393373	ELIGOS2_solo	34357	2749	0.0800128	0.235118	34357	67	42	118	0.984283	34357	0.100998	Padj	34357	3.05296e-10	2.81099e-19	1.1657e-06
Human	HeLa_WT	HeLa_WT2	SRP393373	EpiNano_Error	29788	1515	0.0508594	0.129576	29788	49	38	74	0.989325	29788	0.0824493	delta_sum_err	29788	0.13272	0.1125	0.175
Human	HeLa_WT	HeLa_WT2	SRP393373	m6Anet	10416	4329	0.415611	0.370253	10416	70	45	124	0.999904	10416	0.998944	Prob	10416	0.677921	0.573592	0.828406
Human	HeLa_WT	HeLa_WT2	SRP393373	MINES	43850	5235	0.119384	0.447742	43850	64	42	115	0.999863	43850	0.998153	mod_ratio	43850	0.3684	0.2105	0.6486
Human	HeLa_WT	HeLa_WT2	SRP393373	Nanocompore	1363	530	0.388848	0.0453301	1363	305	102	1488.5	0.994131	1363	0.413059	Pvalue	1363	0.000512423	1.32113e-07	0.0101302
Human	HeLa_WT	HeLa_WT2	SRP393373	Nanom6A	14855	3372	0.226994	0.288402	14855	113	66	203	1	14855	0.998654	mod_ratio	14855	0.372093	0.227273	0.568182
Human	HeLa_WT	HeLa_WT2	SRP393373	NanoSPA_m6A	1085	977	0.900461	0.0835614	1085	43	30	69	1	1085	0.979724	Prob	1085	0.97021	0.82487	0.999624
Human	HeLa_WT	HeLa_WT2	SRP393373	xPore	34817	1554	0.0446334	0.132911	34817	91	51	196	0.999885	34817	0.100267	FDR	34817	0.0052895	0.00014704	0.0219874
Human	HeLa_WT	HeLa_WT2	SRP393373	yanocomp	6215	748	0.120354	0.0639754	6215	113	82	183	1	6215	0.161384	FDR	6215	0.00017	2.95e-10	0.008
Human	HeLa_WT	HeLa_WT3	SRP393373	CHEUI_m6A	16084	203	0.0126212	0.0173623	16084	72	44	129	0.999751	16084	0.0738	Prob	16084	0.999997	0.999997	1
Human	HeLa_WT	HeLa_WT3	SRP393373	DENA	13719	2442	0.178001	0.208861	13719	49	31	89	0.952912	13719	0.997522	m6a_ratio	13719	0.185714	0.137557	0.275862
Human	HeLa_WT	HeLa_WT3	SRP393373	DRUMMER	239	143	0.598326	0.0122306	239	118	66	515.5	1	239	0.443515	Pvalue	239	1.3e-05	5.345e-09	0.0008165
Human	HeLa_WT	HeLa_WT3	SRP393373	ELIGOS2_diff	719	399	0.554937	0.0341259	719	63	33	118	0.916551	719	0.408901	Padj	719	1.54586e-07	1.37977e-11	8.00031e-06
Human	HeLa_WT	HeLa_WT3	SRP393373	ELIGOS2_solo	29091	1663	0.0571654	0.142234	29091	48	28	88	0.885016	29091	0.0820185	Padj	29091	4.06575e-09	2.42367e-16	2.40881e-06
Human	HeLa_WT	HeLa_WT3	SRP393373	EpiNano_Error	15705	655	0.0417065	0.0560212	15705	48	36	72	0.970583	15705	0.0811843	delta_sum_err	15705	0.13262	0.1127	0.17305
Human	HeLa_WT	HeLa_WT3	SRP393373	m6Anet	5281	2083	0.394433	0.178156	5281	59	39	105	0.999811	5281	0.998485	Prob	5281	0.672492	0.572233	0.810074
Human	HeLa_WT	HeLa_WT3	SRP393373	MINES	24936	2869	0.115055	0.245381	24936	52	34	91	0.99984	24936	0.997554	mod_ratio	24936	0.3846	0.2188	0.6667
Human	HeLa_WT	HeLa_WT3	SRP393373	Nanocompore	1128	167	0.14805	0.0142833	1128	863	322	1309	0.99734	1128	0.18883	Pvalue	1128	0.00599217	0.000145685	0.0204909
Human	HeLa_WT	HeLa_WT3	SRP393373	Nanom6A	16064	3270	0.203561	0.279678	16064	59	36	103	1	16064	0.997759	mod_ratio	16064	0.348485	0.218182	0.516129
Human	HeLa_WT	HeLa_WT3	SRP393373	NanoSPA_m6A	619	551	0.890145	0.0471262	619	35	26	55	0.995153	619	0.982229	Prob	619	0.987336	0.854539	0.999951
Human	HeLa_WT	HeLa_WT3	SRP393373	xPore	19228	632	0.0328687	0.0540541	19228	94	50	240	0.999688	19228	0.0885167	FDR	19228	0.00621423	0.000220447	0.0233084
Human	HeLa_WT	HeLa_WT3	SRP393373	yanocomp	4159	238	0.0572253	0.0203558	4159	109	79	174	1	4159	0.110604	FDR	4159	0.00046	4e-07	0.0094
