tool	display	condition	profile	n_sites	share_five_prime_flank	share_ncRNA_body	share_three_prime_flank
CHEUI_m5C	CHEUI-m5C	WT	HeLa_WT1	8328	0.193564	0.509606	0.29683
CHEUI_m5C	CHEUI-m5C	WT	HeLa_WT2	11391	0.188746	0.542358	0.268896
CHEUI_m5C	CHEUI-m5C	WT	HeLa_WT3	8721	0.208692	0.515652	0.275656
CHEUI_m5C	CHEUI-m5C	WT	majority	947	0.173178	0.461457	0.365364
CHEUI_m5C	CHEUI-m5C	IVT	HeLa_IVT_rep1	6063	0.192149	0.573149	0.234702
CHEUI_m5C	CHEUI-m5C	IVT	HeLa_IVT_rep2	15532	0.184844	0.608614	0.206541
CHEUI_m5C	CHEUI-m5C	IVT	HeLa_IVT_rep3	9713	0.195511	0.568722	0.235766
CHEUI_m5C	CHEUI-m5C	IVT	majority	739	0.14479	0.615697	0.239513
NanoMUD_psi	NanoMUD-Ψ	WT	HeLa_WT1	3108	0.175032	0.543115	0.281853
NanoMUD_psi	NanoMUD-Ψ	WT	HeLa_WT2	4346	0.16751	0.561666	0.270824
NanoMUD_psi	NanoMUD-Ψ	WT	HeLa_WT3	2349	0.177097	0.53725	0.285653
NanoMUD_psi	NanoMUD-Ψ	WT	majority	2283	0.178712	0.537451	0.283837
NanoMUD_psi	NanoMUD-Ψ	IVT	HeLa_IVT_rep1	4136	0.163443	0.593569	0.242988
NanoMUD_psi	NanoMUD-Ψ	IVT	HeLa_IVT_rep2	5231	0.163831	0.604091	0.232078
NanoMUD_psi	NanoMUD-Ψ	IVT	HeLa_IVT_rep3	2732	0.170205	0.603221	0.226574
NanoMUD_psi	NanoMUD-Ψ	IVT	majority	2872	0.16539	0.59993	0.23468
NanoMUD_m1psi	NanoMUD-m1Ψ	WT	HeLa_WT1	9087	0.166832	0.552107	0.281061
NanoMUD_m1psi	NanoMUD-m1Ψ	WT	HeLa_WT2	14339	0.164726	0.558337	0.276937
NanoMUD_m1psi	NanoMUD-m1Ψ	WT	HeLa_WT3	6979	0.180398	0.52443	0.295171
NanoMUD_m1psi	NanoMUD-m1Ψ	WT	majority	7801	0.173696	0.540444	0.285861
NanoMUD_m1psi	NanoMUD-m1Ψ	IVT	HeLa_IVT_rep1	12199	0.166407	0.586196	0.247397
NanoMUD_m1psi	NanoMUD-m1Ψ	IVT	HeLa_IVT_rep2	17547	0.167094	0.60147	0.231436
NanoMUD_m1psi	NanoMUD-m1Ψ	IVT	HeLa_IVT_rep3	8750	0.173257	0.601371	0.225371
NanoMUD_m1psi	NanoMUD-m1Ψ	IVT	majority	10311	0.165066	0.594608	0.240326
NanoNm	NanoNm	WT	HeLa_WT1	999	0.206206	0.514515	0.279279
NanoNm	NanoNm	WT	HeLa_WT2	2013	0.205166	0.541977	0.252856
NanoNm	NanoNm	WT	HeLa_WT3	1016	0.230315	0.48622	0.283465
NanoNm	NanoNm	WT	majority	1046	0.226577	0.493308	0.280115
NanoNm	NanoNm	IVT	HeLa_IVT_rep1	2920	0.192123	0.558219	0.249658
NanoNm	NanoNm	IVT	HeLa_IVT_rep2	3230	0.19969	0.558204	0.242105
NanoNm	NanoNm	IVT	HeLa_IVT_rep3	1187	0.211457	0.535805	0.252738
NanoNm	NanoNm	IVT	majority	2297	0.198955	0.553766	0.247279
NanoPsu	NanoPsu	WT	HeLa_WT1	105	0.0666667	0.742857	0.190476
NanoPsu	NanoPsu	WT	HeLa_WT2	180	0.05	0.75	0.2
NanoPsu	NanoPsu	WT	HeLa_WT3	85	0.0705882	0.611765	0.317647
NanoPsu	NanoPsu	WT	majority	32	0.0625	0.625	0.3125
NanoPsu	NanoPsu	IVT	HeLa_IVT_rep1	136	0.0514706	0.786765	0.161765
NanoPsu	NanoPsu	IVT	HeLa_IVT_rep2	175	0.0857143	0.76	0.154286
NanoPsu	NanoPsu	IVT	HeLa_IVT_rep3	86	0.0348837	0.872093	0.0930233
NanoPsu	NanoPsu	IVT	majority	45	0.0666667	0.8	0.133333
NanoSPA_psU	NanoSPA-Ψ	WT	HeLa_WT1	102	0.0686275	0.745098	0.186275
NanoSPA_psU	NanoSPA-Ψ	WT	HeLa_WT2	186	0.0483871	0.752688	0.198925
NanoSPA_psU	NanoSPA-Ψ	WT	HeLa_WT3	88	0.0795455	0.613636	0.306818
NanoSPA_psU	NanoSPA-Ψ	WT	majority	32	0.0625	0.625	0.3125
NanoSPA_psU	NanoSPA-Ψ	IVT	HeLa_IVT_rep1	140	0.05	0.792857	0.157143
NanoSPA_psU	NanoSPA-Ψ	IVT	HeLa_IVT_rep2	176	0.0795455	0.767045	0.153409
NanoSPA_psU	NanoSPA-Ψ	IVT	HeLa_IVT_rep3	87	0.045977	0.862069	0.091954
NanoSPA_psU	NanoSPA-Ψ	IVT	majority	45	0.0666667	0.8	0.133333
