chrom	start	end	strand	score	score_type	coverage	ref_base	five_mer_raw	center_status
chr1	631009	631010	+	0.965	Prob	0	T	GCTTA	ok
chr1	634111	634112	+	0.985	Prob	89	T	CCTAT	ok
chr1	19608385	19608386	+	0.975	Prob	0	T	ATTGC	ok
chr1	19608473	19608474	+	0.955	Prob	0	T	CCTGC	ok
chr1	23794842	23794843	+	0.96	Prob	24	T	CCTGT	ok
chr1	23795269	23795270	+	0.955	Prob	29	T	TTTTG	ok
chr1	23962849	23962850	+	0.955	Prob	35	T	GATTT	ok
chr1	23963018	23963019	+	0.96	Prob	35	T	ATTGT	ok
chr1	32672861	32672862	+	0.955	Prob	36	T	TGTTC	ok
chr1	40991829	40991830	+	0.965	Prob	23	T	CATGT	ok
chr1	75794714	75794715	+	0.96	Prob	49	T	GCTTA	ok
chr1	89935580	89935581	+	0.97	Prob	26	T	CCTGC	ok
chr1	93362344	93362345	+	0.965	Prob	23	T	CGTGT	ok
chr1	112459772	112459773	+	0.965	Prob	23	T	CTTAA	ok
chr1	150308111	150308112	+	0.98	Prob	76	T	GCTGC	ok
chr1	151265517	151265518	+	0.955	Prob	90	T	GATTT	ok
chr1	154251269	154251270	+	0.97	Prob	31	T	GCTCA	ok
chr1	154263149	154263150	+	0.955	Prob	67	T	GCTAA	ok
chr1	166854176	166854177	+	0.96	Prob	35	T	GTTCA	ok
chr1	168202052	168202053	+	0.96	Prob	24	T	TATTT	ok
chr1	182881591	182881592	+	0.955	Prob	40	T	ACTTG	ok
chr1	182884797	182884798	+	0.96	Prob	54	T	TATGA	ok
chr10	130174868	130174869	+	0.985	Prob	69	T	TGTTG	ok
chr11	244196	244197	+	0.955	Prob	29	T	CATGT	ok
chr11	308289	308290	+	0.965	Prob	61	T	GGTGC	ok
chr11	308313	308314	+	0.97	Prob	62	T	GATGT	ok
chr11	9447504	9447505	+	0.955	Prob	23	T	TGTAT	ok
chr11	20508636	20508637	+	0.96	Prob	23	T	CGTTT	ok
chr11	20508966	20508967	+	0.955	Prob	24	T	AGTTG	ok
chr11	34995332	34995333	+	0.97	Prob	24	T	AATTT	ok
chr11	60923290	60923291	+	0.965	Prob	35	T	CATGA	ok
chr11	64226887	64226888	+	0.985	Prob	23	T	GCTCC	ok
chr11	65126559	65126560	+	0.965	Prob	23	T	CTTTG	ok
chr11	110462377	110462378	+	0.96	Prob	38	T	TGTTT	ok
chr12	20683543	20683544	+	0.955	Prob	35	T	GCTAA	ok
chr12	48140803	48140804	+	0.955	Prob	23	T	GATTG	ok
chr12	50477151	50477152	+	0.96	Prob	24	T	AGTCA	ok
chr12	53443440	53443441	+	0.975	Prob	81	T	GTTCC	ok
chr12	57530072	57530073	+	0.98	Prob	21	T	ACTTG	ok
chr12	68660203	68660204	+	0.965	Prob	78	T	AATGG	ok
chr12	101386185	101386186	+	0.955	Prob	26	T	AGTAG	ok
chr12	104321279	104321280	+	0.96	Prob	26	T	CATGG	ok
chr12	121641534	121641535	+	0.965	Prob	27	T	ACTGA	ok
chr12	123584665	123584666	+	0.955	Prob	37	T	CTTCT	ok
chr14	55065272	55065273	+	0.965	Prob	37	T	AGTCT	ok
chr14	58794725	58794726	+	0.98	Prob	0	T	TATAC	ok
chr14	58794780	58794781	+	0.99	Prob	0	T	CTTGG	ok
chr14	58794892	58794893	+	0.96	Prob	0	T	CCTAT	ok
chr14	99511053	99511054	+	0.985	Prob	31	T	CTTTA	ok
chr14	101883270	101883271	+	0.96	Prob	24	T	TTTTT	ok
chr15	40393885	40393886	+	0.955	Prob	27	T	CTTCA	ok
chr15	42532491	42532492	+	0.955	Prob	22	T	AATGA	ok
chr15	44562599	44562600	+	0.975	Prob	23	T	AGTAG	ok
chr15	45073742	45073743	+	0.975	Prob	25	T	TGTTC	ok
chr15	59768868	59768869	+	0.98	Prob	6	T	GATCC	ok
chr15	63071219	63071220	+	0.965	Prob	37	T	GTTTT	ok
chr16	85805046	85805047	+	0.99	Prob	149	T	CATTG	ok
chr17	1001315	1001316	+	0.965	Prob	23	T	CGTGC	ok
chr17	22521257	22521258	+	0.97	Prob	0	T	CCTGC	ok
chr17	22521276	22521277	+	0.975	Prob	0	T	CTTCT	ok
chr17	22521295	22521296	+	0.955	Prob	0	T	AATAC	ok
chr17	22521338	22521339	+	0.96	Prob	0	T	TCTTA	ok
chr17	22521357	22521358	+	0.97	Prob	0	T	AGTCA	ok
chr17	22521425	22521426	+	0.97	Prob	0	T	AATCA	ok
chr17	22521490	22521491	+	0.985	Prob	0	T	TGTGA	ok
chr17	28467844	28467845	+	0.96	Prob	1	T	ATTGT	ok
chr17	28724208	28724209	+	0.965	Prob	74	T	GGTTT	ok
chr17	40171546	40171547	+	0.96	Prob	25	T	TTTTT	ok
chr17	40302670	40302671	+	0.955	Prob	25	T	GTTAA	ok
chr17	42572010	42572011	+	0.965	Prob	36	T	TTTGG	ok
chr17	42572081	42572082	+	0.975	Prob	38	T	TATTC	ok
chr17	77500259	77500260	+	1	Prob	123	T	GGTGA	ok
chr17	81104582	81104583	+	0.955	Prob	21	T	GGTGA	ok
chr17	82464422	82464423	+	0.955	Prob	21	T	CCTTA	ok
chr18	9117868	9117869	+	0.96	Prob	126	T	AGTTA	ok
chr18	9862143	9862144	+	0.98	Prob	52	T	TGTGG	ok
chr19	682386	682387	+	0.99	Prob	29	T	CCTGG	ok
chr19	3467666	3467667	+	0.955	Prob	21	T	TGTCC	ok
chr19	3468504	3468505	+	0.955	Prob	40	T	CCTGA	ok
chr19	10831641	10831642	+	0.975	Prob	31	T	CGTTG	ok
chr19	13154709	13154710	+	0.96	Prob	46	T	TGTCA	ok
chr19	17216201	17216202	+	0.96	Prob	21	T	AGTTC	ok
chr19	18170085	18170086	+	0.955	Prob	24	T	TGTAA	ok
chr19	18571888	18571889	+	0.985	Prob	68	T	GGTTG	ok
chr19	18592266	18592267	+	0.955	Prob	32	T	GTTGC	ok
chr19	23827509	23827510	+	0.955	Prob	14	T	TCTGG	ok
chr19	30015304	30015305	+	0.96	Prob	26	T	GTTTG	ok
chr19	42295527	42295528	+	0.975	Prob	24	T	CCTGT	ok
chr19	47742283	47742284	+	0.97	Prob	33	T	CTTTC	ok
chr19	47742522	47742523	+	0.965	Prob	40	T	CTTGG	ok
chr19	48453148	48453149	+	0.955	Prob	36	T	GATTC	ok
chr19	48965829	48965830	+	0.98	Prob	1242	T	AATTG	ok
chr19	52143276	52143277	+	0.965	Prob	1	T	TCTAT	ok
chr19	52143292	52143293	+	0.96	Prob	1	T	ACTTA	ok
chr2	75655449	75655450	+	0.965	Prob	55	T	TATTA	ok
chr2	85053665	85053666	+	0.955	Prob	41	T	CCTAA	ok
chr2	112663673	112663674	+	0.96	Prob	26	T	TGTTG	ok
chr2	189470155	189470156	+	0.995	Prob	29	T	TGTTT	ok
chr2	200467382	200467383	+	0.955	Prob	28	T	ACTCA	ok
chr2	203190730	203190731	+	0.96	Prob	3	T	TTTCT	ok
chr2	203190945	203190946	+	0.965	Prob	3	T	CCTGA	ok
chr2	203191116	203191117	+	0.97	Prob	5	T	TGTTC	ok
chr2	203191290	203191291	+	0.965	Prob	6	T	AATAT	ok
chr2	227357519	227357520	+	0.975	Prob	24	T	AGTGT	ok
chr2	241353510	241353511	+	0.985	Prob	28	T	AATAA	ok
chr20	2658235	2658236	+	0.955	Prob	75	T	GGTTG	ok
chr20	63890939	63890940	+	0.965	Prob	41	T	CTTTG	ok
chr21	8209665	8209666	+	0.985	Prob	0	T	TCTCA	ok
chr21	8209722	8209723	+	0.96	Prob	0	T	AATGG	ok
chr21	8209730	8209731	+	0.97	Prob	0	T	ATTAA	ok
chr21	8209734	8209735	+	0.965	Prob	0	T	AATCA	ok
chr21	8209749	8209750	+	0.99	Prob	0	T	CTTTG	ok
chr21	8209750	8209751	+	0.965	Prob	0	T	TTTGG	ok
chr21	8210057	8210058	+	0.975	Prob	0	T	ATTCC	ok
chr21	8210202	8210203	+	0.975	Prob	0	T	TTTAA	ok
chr21	8210220	8210221	+	0.995	Prob	0	T	GATCC	ok
chr21	8210428	8210429	+	0.98	Prob	59	T	CGTTT	ok
chr21	8210429	8210430	+	0.955	Prob	59	T	GTTTA	ok
chr21	8210430	8210431	+	0.955	Prob	59	T	TTTAC	ok
chr21	8210444	8210445	+	0.985	Prob	60	T	ATTAG	ok
chr21	8210451	8210452	+	0.985	Prob	60	T	TGTTC	ok
chr21	8210674	8210675	+	0.99	Prob	74	T	GGTTC	ok
chr21	8210675	8210676	+	0.97	Prob	74	T	GTTCG	ok
chr21	8210685	8210686	+	0.985	Prob	73	T	GATCA	ok
chr21	8210803	8210804	+	0.97	Prob	75	T	TATGG	ok
chr21	8210806	8210807	+	0.975	Prob	75	T	GGTTG	ok
chr21	8210861	8210862	+	0.97	Prob	78	T	CCTGC	ok
chr21	8210867	8210868	+	0.97	Prob	78	T	GCTTA	ok
chr21	8210996	8210997	+	0.985	Prob	90	T	GGTTA	ok
chr21	8211074	8211075	+	0.96	Prob	90	T	CTTAG	ok
chr21	8212638	8212639	+	0.955	Prob	247	T	TGTGA	ok
chr21	8215673	8215674	+	0.995	Prob	0	T	TTTAA	ok
chr21	8215741	8215742	+	0.98	Prob	0	T	ACTTT	ok
chr21	8216187	8216188	+	0.955	Prob	0	T	CCTAG	ok
chr21	8216227	8216228	+	0.975	Prob	0	T	TCTTG	ok
chr21	8216701	8216702	+	0.97	Prob	0	T	CATGT	ok
chr21	8216714	8216715	+	0.98	Prob	0	T	TGTAG	ok
chr21	8217635	8217636	+	0.96	Prob	0	T	TATGA	ok
chr21	8217689	8217690	+	0.975	Prob	0	T	AATGG	ok
chr21	8217715	8217716	+	0.98	Prob	0	T	CCTAC	ok
chr21	8217791	8217792	+	0.97	Prob	0	T	GCTTG	ok
chr21	8217830	8217831	+	0.975	Prob	0	T	TGTAG	ok
chr21	8218100	8218101	+	0.98	Prob	0	T	TGTCC	ok
chr21	8218274	8218275	+	0.995	Prob	0	T	GCTTG	ok
chr21	8218291	8218292	+	1	Prob	0	T	GTTCA	ok
chr21	8218294	8218295	+	0.97	Prob	0	T	CATAG	ok
chr21	8218302	8218303	+	0.99	Prob	0	T	CGTCG	ok
chr21	8218328	8218329	+	0.98	Prob	0	T	GCTCT	ok
chr21	8218330	8218331	+	0.985	Prob	0	T	TCTTC	ok
chr21	8218447	8218448	+	0.98	Prob	0	T	TGTTG	ok
chr21	8218450	8218451	+	0.99	Prob	0	T	TGTTG	ok
chr21	8218560	8218561	+	0.98	Prob	0	T	ACTGA	ok
chr21	8218871	8218872	+	0.995	Prob	0	T	GGTTT	ok
chr21	8259430	8259431	+	0.96	Prob	0	T	CTTGA	ok
chr21	8259646	8259647	+	0.98	Prob	0	T	ACTAT	ok
chr21	8259902	8259903	+	0.995	Prob	0	T	TTTAA	ok
chr21	8259972	8259973	+	0.96	Prob	0	T	TTTTG	ok
chr21	8260456	8260457	+	0.965	Prob	0	T	TCTTG	ok
chr21	8392757	8392758	+	0.985	Prob	0	T	AATGG	ok
chr21	8392769	8392770	+	0.985	Prob	0	T	AATCA	ok
chr21	8392774	8392775	+	0.965	Prob	0	T	GTTAT	ok
chr21	8392783	8392784	+	0.975	Prob	0	T	CCTTT	ok
chr21	8393092	8393093	+	0.955	Prob	0	T	ATTCC	ok
chr21	8393273	8393274	+	0.97	Prob	0	T	TCTGG	ok
chr21	8393294	8393295	+	0.955	Prob	0	T	AATTC	ok
chr21	8393315	8393316	+	0.985	Prob	0	T	TATTA	ok
chr21	8393463	8393464	+	0.985	Prob	62	T	CGTTT	ok
chr21	8393465	8393466	+	0.97	Prob	62	T	TTTAC	ok
chr21	8393479	8393480	+	0.99	Prob	63	T	ATTAG	ok
chr21	8393486	8393487	+	0.99	Prob	63	T	TGTTC	ok
chr21	8393709	8393710	+	0.99	Prob	74	T	GGTTC	ok
chr21	8393710	8393711	+	0.965	Prob	75	T	GTTCG	ok
chr21	8393720	8393721	+	0.98	Prob	77	T	GATCA	ok
chr21	8393838	8393839	+	0.98	Prob	83	T	TATGG	ok
chr21	8393841	8393842	+	1	Prob	83	T	GGTTG	ok
chr21	8393896	8393897	+	0.99	Prob	90	T	CCTGC	ok
chr21	8393912	8393913	+	0.965	Prob	91	T	ACTCA	ok
chr21	8394031	8394032	+	0.97	Prob	96	T	GGTTA	ok
chr21	8394109	8394110	+	0.955	Prob	94	T	CTTAG	ok
chr21	8398451	8398452	+	0.97	Prob	0	T	ACTAT	ok
chr21	8398697	8398698	+	0.985	Prob	0	T	ATTCT	ok
chr21	8398707	8398708	+	0.995	Prob	0	T	TTTAA	ok
chr21	8398775	8398776	+	0.96	Prob	0	T	ACTTT	ok
chr21	8399261	8399262	+	0.99	Prob	0	T	TCTTG	ok
chr21	8399735	8399736	+	0.975	Prob	0	T	CATGT	ok
chr21	8399748	8399749	+	0.975	Prob	0	T	TGTAG	ok
chr21	8400673	8400674	+	0.98	Prob	0	T	TATGA	ok
chr21	8400727	8400728	+	0.975	Prob	0	T	AATGG	ok
chr21	8400753	8400754	+	0.97	Prob	0	T	CCTAC	ok
chr21	8400868	8400869	+	0.98	Prob	0	T	TGTAG	ok
chr21	8401136	8401137	+	0.975	Prob	0	T	GGTGT	ok
chr21	8401209	8401210	+	0.97	Prob	0	T	ATTTT	ok
chr21	8401270	8401271	+	0.98	Prob	0	T	TTTAA	ok
chr21	8401312	8401313	+	0.995	Prob	0	T	GCTTG	ok
chr21	8401329	8401330	+	0.98	Prob	0	T	GTTCA	ok
chr21	8401332	8401333	+	0.98	Prob	0	T	CATAG	ok
chr21	8401340	8401341	+	0.965	Prob	0	T	CGTCG	ok
chr21	8401366	8401367	+	0.985	Prob	0	T	GCTCT	ok
chr21	8401368	8401369	+	0.995	Prob	0	T	TCTTC	ok
chr21	8401440	8401441	+	0.975	Prob	0	T	GTTTA	ok
chr21	8401441	8401442	+	0.995	Prob	0	T	TTTAG	ok
chr21	8401485	8401486	+	0.97	Prob	0	T	TGTTG	ok
chr21	8401488	8401489	+	0.965	Prob	0	T	TGTTG	ok
chr21	8401910	8401911	+	1	Prob	0	T	GGTTT	ok
chr21	8401919	8401920	+	0.97	Prob	0	T	CGTAG	ok
chr21	8436910	8436911	+	0.975	Prob	0	T	TCTCA	ok
chr21	8436967	8436968	+	0.98	Prob	0	T	AATGG	ok
chr21	8436975	8436976	+	0.965	Prob	0	T	ATTAA	ok
chr21	8436979	8436980	+	0.99	Prob	0	T	AATCA	ok
chr21	8436993	8436994	+	1	Prob	0	T	CCTTT	ok
chr21	8436994	8436995	+	0.995	Prob	0	T	CTTTG	ok
chr21	8436995	8436996	+	0.955	Prob	0	T	TTTGG	ok
chr21	8437280	8437281	+	0.98	Prob	0	T	GGTGA	ok
chr21	8437302	8437303	+	0.99	Prob	0	T	ATTCC	ok
chr21	8437483	8437484	+	0.985	Prob	0	T	TCTGG	ok
chr21	8437525	8437526	+	0.96	Prob	0	T	TATTA	ok
chr21	8437673	8437674	+	0.98	Prob	63	T	CGTTT	ok
chr21	8437674	8437675	+	0.985	Prob	63	T	GTTTA	ok
chr21	8437689	8437690	+	0.97	Prob	65	T	ATTAG	ok
chr21	8437696	8437697	+	0.98	Prob	65	T	TGTTC	ok
chr21	8437920	8437921	+	0.985	Prob	83	T	GTTCG	ok
chr21	8437930	8437931	+	0.98	Prob	86	T	GATCA	ok
chr21	8438106	8438107	+	0.955	Prob	91	T	CCTGC	ok
chr21	8438122	8438123	+	0.985	Prob	91	T	ACTCA	ok
chr21	8438221	8438222	+	0.98	Prob	99	T	GTTGG	ok
chr21	8438241	8438242	+	0.97	Prob	103	T	GGTTA	ok
chr21	8438677	8438678	+	0.97	Prob	0	T	ACTTG	ok
chr21	8442680	8442681	+	0.985	Prob	0	T	ACTAT	ok
chr21	8442726	8442727	+	0.965	Prob	0	T	CGTAG	ok
chr21	8442926	8442927	+	0.98	Prob	0	T	ATTCT	ok
chr21	8442936	8442937	+	0.99	Prob	0	T	TTTAA	ok
chr21	8443004	8443005	+	0.985	Prob	0	T	ACTTT	ok
chr21	8443496	8443497	+	0.995	Prob	0	T	TCTTG	ok
chr21	8443970	8443971	+	0.995	Prob	0	T	CATGT	ok
chr21	8443983	8443984	+	0.955	Prob	0	T	TGTAG	ok
chr21	8444905	8444906	+	0.97	Prob	0	T	TATGA	ok
chr21	8444959	8444960	+	0.985	Prob	0	T	AATGG	ok
chr21	8445061	8445062	+	0.985	Prob	0	T	GCTTG	ok
chr21	8445544	8445545	+	0.985	Prob	0	T	GCTTG	ok
chr21	8445561	8445562	+	0.995	Prob	0	T	GTTCA	ok
chr21	8445564	8445565	+	0.975	Prob	0	T	CATAG	ok
chr21	8445572	8445573	+	0.985	Prob	0	T	CGTCG	ok
chr21	8445598	8445599	+	0.98	Prob	0	T	GCTCT	ok
chr21	8445600	8445601	+	0.985	Prob	0	T	TCTTC	ok
chr21	8445673	8445674	+	0.98	Prob	0	T	TTTAG	ok
chr21	8445720	8445721	+	0.985	Prob	0	T	TGTTG	ok
chr21	8445830	8445831	+	0.97	Prob	0	T	ACTGA	ok
chr21	8446141	8446142	+	0.97	Prob	0	T	GGTTT	ok
chr21	43756076	43756077	+	0.98	Prob	54	T	CTTGC	ok
chr22	32039665	32039666	+	0.985	Prob	2	T	AATGG	ok
chr22	35424406	35424407	+	0.965	Prob	49	T	TGTAG	ok
chr22	39516969	39516970	+	0.965	Prob	22	T	CTTTT	ok
chr3	9807035	9807036	+	0.975	Prob	28	T	TTTTC	ok
chr3	23891233	23891234	+	0.965	Prob	27	T	AGTGG	ok
chr3	31636930	31636931	+	0.975	Prob	32	T	AGTTC	ok
chr3	48465044	48465045	+	0.96	Prob	25	T	CATGC	ok
chr3	101593060	101593061	+	0.965	Prob	25	T	AGTAC	ok
chr3	133589900	133589901	+	0.97	Prob	43	T	AATGA	ok
chr3	139350185	139350186	+	0.975	Prob	27	T	TTTTA	ok
chr3	160433060	160433061	+	0.955	Prob	26	T	CTTCA	ok
chr3	160434568	160434569	+	0.985	Prob	25	T	TGTAG	ok
chr4	55411638	55411639	+	0.965	Prob	23	T	AGTTC	ok
chr4	56460181	56460182	+	0.98	Prob	36	T	CCTGT	ok
chr4	77885294	77885295	+	0.955	Prob	29	T	CATAC	ok
chr4	94667511	94667512	+	0.98	Prob	23	T	GGTAG	ok
chr4	109816232	109816233	+	0.96	Prob	23	T	GGTGG	ok
chr4	143545950	143545951	+	0.97	Prob	26	T	AATGC	ok
chr5	17275254	17275255	+	0.97	Prob	33	T	AATGT	ok
chr5	33467823	33467824	+	0.98	Prob	263	T	TCTGA	ok
chr5	36182789	36182790	+	0.965	Prob	31	T	GTTTT	ok
chr5	139561423	139561424	+	0.96	Prob	46	T	GCTGT	ok
chr5	160065258	160065259	+	0.985	Prob	36	T	AATTT	ok
chr5	163443726	163443727	+	0.955	Prob	23	T	TCTAT	ok
chr5	175527857	175527858	+	0.955	Prob	32	T	GTTGG	ok
chr5	177306614	177306615	+	0.96	Prob	283	T	CCTCT	ok
chr6	30069908	30069909	+	0.955	Prob	48	T	AATAA	ok
chr6	30591256	30591257	+	0.97	Prob	48	T	GCTGA	ok
chr6	31815977	31815978	+	0.97	Prob	69	T	ATTGG	ok
chr6	32180646	32180647	+	0.98	Prob	30	T	AGTTC	ok
chr6	63582781	63582782	+	0.985	Prob	26	T	TCTGC	ok
chr6	117707381	117707382	+	0.965	Prob	39	T	ACTGT	ok
chr6	117999244	117999245	+	0.98	Prob	0	T	GCTGC	ok
chr7	17345443	17345444	+	0.975	Prob	24	T	AATTT	ok
chr7	26212205	26212206	+	0.97	Prob	101	T	AATAA	ok
chr7	36452683	36452684	+	0.965	Prob	23	T	ATTTT	ok
chr7	36453471	36453472	+	0.97	Prob	32	T	TGTTT	ok
chr7	44060109	44060110	+	0.97	Prob	29	T	AGTGG	ok
chr7	56058666	56058667	+	0.985	Prob	262	T	GTTGC	ok
chr7	72947871	72947872	+	0.98	Prob	37	T	AGTGA	ok
chr7	72947988	72947989	+	0.975	Prob	40	T	GATTG	ok
chr7	75888782	75888783	+	0.965	Prob	31	T	CCTGT	ok
chr7	127887945	127887946	+	0.975	Prob	47	T	GATCA	ok
chr7	135672758	135672759	+	0.96	Prob	24	T	GATTT	ok
chr7	150336821	150336822	+	0.98	Prob	28	T	AGTCC	ok
chr7	150373573	150373574	+	0.97	Prob	43	T	GATCC	ok
chr7	152366980	152366981	+	0.97	Prob	0	T	AGTTG	ok
chr7	152367001	152367002	+	0.955	Prob	0	T	CTTGC	ok
chr8	26370621	26370622	+	0.965	Prob	24	T	GGTAA	ok
chr8	33501135	33501136	+	0.96	Prob	26	T	AATTT	ok
chr8	73978762	73978763	+	0.97	Prob	26	T	TGTTT	ok
chr8	73981202	73981203	+	0.96	Prob	26	T	TCTGC	ok
chr8	97852565	97852566	+	0.965	Prob	42	T	GTTGT	ok
chr8	103420402	103420403	+	0.97	Prob	28	T	AATTG	ok
chr9	100450827	100450828	+	0.975	Prob	25	T	TGTGA	ok
chr9	134440023	134440024	+	0.965	Prob	25	T	CTTTA	ok
chr9	136412840	136412841	+	0.955	Prob	29	T	AATTC	ok
chrx	13709431	13709432	+	0.955	Prob	85	T	GTTTG	ok
chrx	47227460	47227461	+	0.965	Prob	27	T	ACTTC	ok
chrx	47585585	47585586	+	0.955	Prob	33	T	TTTGT	ok
chrx	48577713	48577714	+	0.975	Prob	62	T	AGTTT	ok
chrx	115650646	115650647	+	0.96	Prob	29	T	AGTTC	ok
chrx	154380295	154380296	+	0.97	Prob	51	T	AGTCT	ok
chr1	20847224	20847225	-	0.96	Prob	0	A	CAAAC	ok
chr1	36218623	36218624	-	0.96	Prob	0	A	TGAGG	ok
chr1	94996428	94996429	-	0.97	Prob	0	A	CCAAT	ok
chr1	181254170	181254171	-	0.955	Prob	0	A	CGAGA	ok
chr11	41353120	41353121	-	0.985	Prob	0	A	ATAGG	ok
chr11	46777423	46777424	-	0.985	Prob	0	A	AAAAG	ok
chr11	56979776	56979777	-	0.98	Prob	0	A	GTAGA	ok
chr11	128610038	128610039	-	0.98	Prob	0	A	GAAGG	ok
chr12	40191630	40191631	-	0.96	Prob	0	A	CAAAC	ok
chr14	37158003	37158004	-	0.96	Prob	0	A	GTAAA	ok
chr16	62876836	62876837	-	0.96	Prob	0	A	AAATC	ok
chr17	6577501	6577502	-	0.955	Prob	0	A	ACACT	ok
chr17	15910211	15910212	-	0.965	Prob	0	A	CCAGG	ok
chr17	46172161	46172162	-	0.975	Prob	2	A	GGAAG	ok
chr17	46761236	46761237	-	0.96	Prob	0	A	CTATT	ok
chr17	53994529	53994530	-	0.97	Prob	0	A	ACACT	ok
chr18	26184347	26184348	-	0.975	Prob	0	A	TAAAC	ok
chr19	2529919	2529920	-	0.96	Prob	0	A	TGAGA	ok
chr19	8710719	8710720	-	0.955	Prob	0	A	CCAAA	ok
chr19	45974293	45974294	-	0.965	Prob	0	A	ACAGA	ok
chr19	56764778	56764779	-	0.985	Prob	0	A	AAAGC	ok
chr2	59268185	59268186	-	0.98	Prob	0	A	ATAAC	ok
chr2	112042080	112042081	-	0.99	Prob	0	A	GAATT	ok
chr2	180700888	180700889	-	0.96	Prob	0	A	TGACT	ok
chr2	214812117	214812118	-	0.955	Prob	0	A	TGAGG	ok
chr20	2305891	2305892	-	0.955	Prob	0	A	GAAAG	ok
chr20	26313827	26313828	-	0.98	Prob	0	A	AAAAG	ok
chr21	12800894	12800895	-	0.99	Prob	0	A	TCAAA	ok
chr3	28530659	28530660	-	0.99	Prob	0	A	CTACA	ok
chr3	146066868	146066869	-	0.975	Prob	0	A	CAAAA	ok
chr4	91142356	91142357	-	0.965	Prob	0	A	TAAAC	ok
chr5	30436929	30436930	-	0.965	Prob	0	A	TGAAC	ok
chr5	47377231	47377232	-	0.965	Prob	0	A	CAACT	ok
chr5	87855525	87855526	-	0.975	Prob	0	A	CTAAT	ok
chr6	43517131	43517132	-	0.975	Prob	17	A	GGAGG	ok
chr6	54528832	54528833	-	0.97	Prob	0	A	CCATT	ok
chr6	61437351	61437352	-	0.965	Prob	0	A	AGATA	ok
chr8	55205015	55205016	-	0.975	Prob	0	A	TAATT	ok
chr9	1354901	1354902	-	0.955	Prob	0	A	TGATC	ok
chr9	6534250	6534251	-	0.96	Prob	0	A	ACAGG	ok
chrx	14864824	14864825	-	0.97	Prob	2	A	GAATA	ok
chrx	107118536	107118537	-	0.96	Prob	0	A	GGAGG	ok
