chrom	start	end	strand	score	score_type	mod_label	src_coverage	coverage	ref_base	five_mer_raw	center_status
chr1	726038	726039	-	0.9545	percent_modified/100	Psi	22	40	A	TAAAG	ok
chr1	10380384	10380385	+	0.963	percent_modified/100	Psi	27	37	T	CTTTT	ok
chr1	12510298	12510299	+	0.9444	percent_modified/100	Psi	72	90	T	CTTTA	ok
chr1	27407619	27407620	-	0.9048	percent_modified/100	Psi	21	37	A	TAAAG	ok
chr1	32786016	32786017	-	0.9545	percent_modified/100	Psi	22	35	A	TAAAG	ok
chr1	35420149	35420150	+	0.9398	percent_modified/100	Psi	83	103	T	TTTGA	ok
chr1	40495652	40495653	+	0.9167	percent_modified/100	Psi	24	32	T	CTTTA	ok
chr1	45693818	45693819	+	0.9253	percent_modified/100	Psi	348	437	T	CTTTA	ok
chr1	144421786	144421787	-	0.9412	percent_modified/100	Psi	51	62	A	AAAAG	ok
chr1	145290299	145290300	-	0.9615	percent_modified/100	Psi	26	33	A	AAAAG	ok
chr1	146995800	146995801	+	0.9062	percent_modified/100	Psi	32	34	T	CTTTT	ok
chr1	147203443	147203444	-	0.9165	percent_modified/100	Psi	1760	440	A	CAACA	ok
chr1	149054429	149054430	-	0.9231	percent_modified/100	Psi	39	47	A	AAAAG	ok
chr1	149555963	149555964	+	0.9583	percent_modified/100	Psi	24	35	T	CTTTT	ok
chr1	151582343	151582344	+	0.9	percent_modified/100	Psi	20	27	T	CTTTT	ok
chr1	153808660	153808661	+	0.913	percent_modified/100	Psi	23	28	T	CTTTA	ok
chr1	154350983	154350984	+	0.9245	percent_modified/100	Psi	106	146	T	CTTTT	ok
chr1	154944867	154944868	-	0.9524	percent_modified/100	Psi	21	33	A	TAAAG	ok
chr1	171341101	171341102	+	0.9	percent_modified/100	Psi	30	19	T	CTTTT	ok
chr1	184795638	184795639	-	0.9231	percent_modified/100	Psi	26	44	A	CAAAG	ok
chr1	200860025	200860026	+	0.9375	percent_modified/100	Psi	32	68	T	CTTTA	ok
chr1	203309059	203309060	+	0.9245	percent_modified/100	Psi	477	545	T	CCTTT	ok
chr1	212784473	212784474	-	1	percent_modified/100	Psi	20	462	A	TCAAG	ok
chr1	224190079	224190080	+	0.9086	percent_modified/100	Psi	525	972	T	CTTTT	ok
chr1	224575624	224575625	+	0.9459	percent_modified/100	Psi	111	0	T	TTTTC	ok
chr1	225495650	225495651	-	0.9143	percent_modified/100	Psi	105	185	A	AAAAG	ok
chr1	225789441	225789442	+	0.9066	percent_modified/100	Psi	439	3342	T	CTTTA	ok
chr1	225845185	225845186	+	0.9071	percent_modified/100	Psi	1604	2252	T	CTTTT	ok
chr1	225845560	225845561	-	0.9014	percent_modified/100	Psi	71	1929	A	TAAAA	ok
chr1	225845561	225845562	-	0.9014	percent_modified/100	Psi	71	1904	A	AAAAG	ok
chr1	226993533	226993534	-	0.963	percent_modified/100	Psi	27	31	A	TAAAG	ok
chr1	238481307	238481308	-	0.931	percent_modified/100	Psi	29	45	A	CAAAG	ok
chr10	17715523	17715524	+	0.9062	percent_modified/100	Psi	32	46	T	CTTTT	ok
chr10	73008205	73008206	-	0.9098	percent_modified/100	Psi	122	164	A	AAAAG	ok
chr10	73242587	73242588	-	0.9072	percent_modified/100	Psi	97	129	A	AAAAG	ok
chr10	91807095	91807096	-	0.9236	percent_modified/100	Psi	2226	13	A	TAAAG	ok
chr10	92453302	92453303	-	0.9167	percent_modified/100	Psi	24	37	A	AAAAG	ok
chr10	119830534	119830535	-	0.9038	percent_modified/100	Psi	52	67	A	TAAAG	ok
chr10	123139331	123139332	+	0.9802	percent_modified/100	Psi	405	453	T	TTTTT	ok
chr11	3018741	3018742	-	0.9	percent_modified/100	Psi	40	417	A	CAAAG	ok
chr11	13730043	13730044	+	0.9667	percent_modified/100	Psi	30	34	T	CTTTT	ok
chr11	22625463	22625464	-	0.9048	percent_modified/100	Psi	21	36	A	GAAAG	ok
chr11	43342593	43342594	+	0.9615	percent_modified/100	Psi	26	69	T	CTTTA	ok
chr11	47572872	47572873	+	0.9091	percent_modified/100	Psi	66	242	T	CTTTG	ok
chr11	61826386	61826387	+	0.9444	percent_modified/100	Psi	36	42	T	CTTTT	ok
chr11	64853965	64853966	-	0.9118	percent_modified/100	Psi	34	50	A	AAAAG	ok
chr11	64854696	64854697	-	0.9091	percent_modified/100	Psi	22	32	A	CAAAG	ok
chr11	66665319	66665320	-	0.9667	percent_modified/100	Psi	30	71	A	AAAAG	ok
chr11	66685618	66685619	-	0.9126	percent_modified/100	Psi	103	136	A	AAAGG	ok
chr11	77322478	77322479	-	0.9048	percent_modified/100	Psi	42	65	A	AAAAG	ok
chr11	82689731	82689732	+	0.9136	percent_modified/100	Psi	5661	11406	T	CTTTT	ok
chr11	108940345	108940346	+	0.9545	percent_modified/100	Psi	22	59	T	CTTTA	ok
chr12	6557138	6557139	-	0.906	percent_modified/100	Psi	266	374	A	AAAAG	ok
chr12	38329468	38329469	+	0.913	percent_modified/100	Psi	23	35	T	CTTTA	ok
chr12	53158130	53158131	-	0.9245	percent_modified/100	Psi	53	73	A	AAAAA	ok
chr12	53158131	53158132	-	0.9057	percent_modified/100	Psi	53	73	A	AAAAG	ok
chr12	56596794	56596795	-	0.9524	percent_modified/100	Psi	21	29	A	AAAAG	ok
chr12	62404633	62404634	+	0.918	percent_modified/100	Psi	122	173	T	CTTTT	ok
chr12	118415992	118415993	-	0.9107	percent_modified/100	Psi	56	99	A	AAAAG	ok
chr12	120491469	120491470	-	0.9646	percent_modified/100	Psi	113	131	A	GCAAG	ok
chr12	123465718	123465719	+	0.9286	percent_modified/100	Psi	112	139	T	CTTGC	ok
chr12	124011919	124011920	+	0.9	percent_modified/100	Psi	20	31	T	CTTTA	ok
chr12	132079937	132079938	+	0.9756	percent_modified/100	Psi	41	48	T	CTTTT	ok
chr13	25341134	25341135	+	0.913	percent_modified/100	Psi	23	43	T	CTTTA	ok
chr13	113324313	113324314	-	0.9375	percent_modified/100	Psi	32	77	A	AAAAG	ok
chr14	22887606	22887607	+	0.9	percent_modified/100	Psi	30	45	T	CTTTT	ok
chr14	39386300	39386301	-	0.9545	percent_modified/100	Psi	22	0	A	CAAAG	ok
chr14	45203701	45203702	-	0.9583	percent_modified/100	Psi	48	62	A	AAAAG	ok
chr14	52777758	52777759	-	0.9492	percent_modified/100	Psi	59	100	A	AAAAG	ok
chr14	67650499	67650500	-	0.931	percent_modified/100	Psi	29	40	A	AAAAG	ok
chr14	75595843	75595844	+	0.9677	percent_modified/100	Psi	31	10	T	TTTGC	ok
chr14	81176606	81176607	-	0.9184	percent_modified/100	Psi	49	65	A	AAAAG	ok
chr14	103558349	103558350	-	0.92	percent_modified/100	Psi	25	36	A	TAAAG	ok
chr15	20804332	20804333	-	0.9333	percent_modified/100	Psi	30	0	A	TAAAG	ok
chr15	30942113	30942114	+	0.9057	percent_modified/100	Psi	53	73	T	TTTTA	ok
chr15	40979920	40979921	-	0.9	percent_modified/100	Psi	50	78	A	TAAAG	ok
chr15	55371974	55371975	-	0.9615	percent_modified/100	Psi	52	1121	A	TAAAG	ok
chr15	59460673	59460674	+	0.9677	percent_modified/100	Psi	31	44	T	CTTTT	ok
chr15	63324924	63324925	-	0.958	percent_modified/100	Psi	119	151	A	GCAAG	ok
chr15	70049408	70049409	+	0.9625	percent_modified/100	Psi	80	128	T	CTTAC	ok
chr15	73916288	73916289	-	0.9118	percent_modified/100	Psi	34	44	A	GAAGG	ok
chr15	75210754	75210755	+	0.9231	percent_modified/100	Psi	39	56	T	CTTTG	ok
chr15	89749940	89749941	-	0.9126	percent_modified/100	Psi	629	732	A	CAAAG	ok
chr15	99716316	99716317	+	0.9412	percent_modified/100	Psi	102	122	T	CTTTT	ok
chr16	4803446	4803447	-	0.9053	percent_modified/100	Psi	1468	1907	A	AAAAG	ok
chr16	11027127	11027128	+	0.9032	percent_modified/100	Psi	31	0	T	CTTTT	ok
chr16	16331612	16331613	+	0.9178	percent_modified/100	Psi	73	125	T	CTTTG	ok
chr16	18377102	18377103	-	0.9143	percent_modified/100	Psi	35	71	A	CAAAG	ok
chr16	19703884	19703885	-	0.9259	percent_modified/100	Psi	27	45	A	TAAAG	ok
chr16	67231338	67231339	-	0.9643	percent_modified/100	Psi	28	71	A	CAAAG	ok
chr16	68567061	68567062	+	0.9394	percent_modified/100	Psi	33	37	T	CTTTT	ok
chr17	2712456	2712457	+	0.95	percent_modified/100	Psi	20	36	T	CTTTA	ok
chr17	4968691	4968692	-	0.9016	percent_modified/100	Psi	61	101	A	GAAAG	ok
chr17	15972527	15972528	-	0.95	percent_modified/100	Psi	20	23	A	TAAAA	ok
chr17	18248715	18248716	-	0.9016	percent_modified/100	Psi	61	118	A	CAAAG	ok
chr17	19905406	19905407	-	0.9388	percent_modified/100	Psi	49	77	A	AAAAG	ok
chr17	21416464	21416465	+	0.9	percent_modified/100	Psi	20	23	T	CCTTC	ok
chr17	28720744	28720745	+	0.913	percent_modified/100	Psi	23	60807	T	CTTTA	ok
chr17	28742612	28742613	+	0.9375	percent_modified/100	Psi	32	36	T	CCTTT	ok
chr17	42572162	42572163	+	0.9362	percent_modified/100	Psi	329	379	T	CTTTC	ok
chr17	58002537	58002538	-	0.9167	percent_modified/100	Psi	24	39	A	AAAAG	ok
chr17	75234678	75234679	+	0.92	percent_modified/100	Psi	25	538	T	TTTTG	ok
chr17	75499730	75499731	+	0.9239	percent_modified/100	Psi	92	121	T	CTTTG	ok
chr18	11854135	11854136	+	0.9053	percent_modified/100	Psi	95	129	T	CTTTA	ok
chr18	39800229	39800230	-	0.9524	percent_modified/100	Psi	21	17	A	AAAAA	ok
chr18	59904109	59904110	+	0.9227	percent_modified/100	Psi	207	259	T	CTTTA	ok
chr18	62578541	62578542	+	0.9189	percent_modified/100	Psi	37	57	T	TTTTT	ok
chr19	975455	975456	+	0.9167	percent_modified/100	Psi	24	32	T	TTTTT	ok
chr19	3053663	3053664	-	0.9023	percent_modified/100	Psi	532	670	A	GCAAG	ok
chr19	3977487	3977488	-	0.9796	percent_modified/100	Psi	489	2701	A	GCATA	ok
chr19	3979409	3979410	-	0.9024	percent_modified/100	Psi	82	1164	A	ATATG	ok
chr19	8486209	8486210	+	0.9516	percent_modified/100	Psi	289	533	T	CCTGC	ok
chr19	12699956	12699957	-	0.9798	percent_modified/100	Psi	99	117	A	GCAAG	ok
chr19	15611718	15611719	+	0.9725	percent_modified/100	Psi	799	24	T	CTTTA	ok
chr19	18433955	18433956	+	0.9	percent_modified/100	Psi	30	39	T	CCTTT	ok
chr19	23827509	23827510	+	0.9907	percent_modified/100	Psi	7608	34768	T	TCTGG	ok
chr19	23827863	23827864	+	0.9053	percent_modified/100	Psi	4264	40293	T	CCTCT	ok
chr19	38632281	38632282	+	0.9	percent_modified/100	Psi	20	35	T	CTTTG	ok
chr19	39532267	39532268	-	0.9697	percent_modified/100	Psi	33	42	A	AAAAG	ok
chr19	45642253	45642254	+	0.9692	percent_modified/100	Psi	130	202	T	CTTTA	ok
chr19	58212379	58212380	+	0.9167	percent_modified/100	Psi	36	68	T	CTTTG	ok
chr19	58295720	58295721	+	0.9048	percent_modified/100	Psi	42	65	T	CTTTA	ok
chr2	26138498	26138499	+	0.9048	percent_modified/100	Psi	21	37	T	CTTTA	ok
chr2	37228258	37228259	-	0.9014	percent_modified/100	Psi	142	205	A	AAAAG	ok
chr2	43231302	43231303	-	1	percent_modified/100	Psi	29	36	A	AAAAG	ok
chr2	46762092	46762093	+	0.9375	percent_modified/100	Psi	32	44	T	CTTTT	ok
chr2	46762093	46762094	+	0.9259	percent_modified/100	Psi	27	44	T	TTTTA	ok
chr2	69940338	69940339	+	0.9062	percent_modified/100	Psi	32	115	T	CTTTT	ok
chr2	73609907	73609908	+	0.9545	percent_modified/100	Psi	22	50	T	CTTTA	ok
chr2	82609715	82609716	+	0.9201	percent_modified/100	Psi	2378	0	T	CTTTA	ok
chr2	105342996	105342997	+	0.9107	percent_modified/100	Psi	56	90	T	CTTTA	ok
chr2	113612186	113612187	-	0.9	percent_modified/100	Psi	70	112	A	TAAAG	ok
chr2	118833771	118833772	-	0.9	percent_modified/100	Psi	20	28	A	AAAGG	ok
chr2	121651505	121651506	+	0.9706	percent_modified/100	Psi	34	43	T	CTTTT	ok
chr2	128191239	128191240	+	0.92	percent_modified/100	Psi	25	46	T	CTTTT	ok
chr2	176201057	176201058	-	0.9764	percent_modified/100	Psi	4234	3045	A	CCAGC	ok
chr2	222943705	222943706	+	0.9444	percent_modified/100	Psi	54	77	T	CTTTT	ok
chr2	223598747	223598748	-	0.9091	percent_modified/100	Psi	33	44	A	AAAGG	ok
chr2	231256269	231256270	+	0.9104	percent_modified/100	Psi	201	90	T	CTTTT	ok
chr2	239402145	239402146	+	0.9091	percent_modified/100	Psi	22	36	T	CTTTG	ok
chr20	25834249	25834250	-	0.9216	percent_modified/100	Psi	51	64	A	CAAAG	ok
chr20	26021657	26021658	+	0.95	percent_modified/100	Psi	20	32	T	CTTTG	ok
chr20	33668485	33668486	+	0.931	percent_modified/100	Psi	29	34	T	CTTTA	ok
chr20	39039314	39039315	+	0.9412	percent_modified/100	Psi	68	91	T	CTTTA	ok
chr20	44618780	44618781	+	0.9167	percent_modified/100	Psi	60	87	T	TTTTA	ok
chr20	49035419	49035420	+	0.931	percent_modified/100	Psi	29	47	T	CTTTT	ok
chr20	50892036	50892037	-	0.96	percent_modified/100	Psi	25	48	A	AAAAG	ok
chr20	62879206	62879207	-	0.9211	percent_modified/100	Psi	38	53	A	AAAAA	ok
chr21	45071999	45072000	-	0.9048	percent_modified/100	Psi	21	27	A	CAAAG	ok
chr22	27803097	27803098	+	0.95	percent_modified/100	Psi	20	32	T	CCTTT	ok
chr22	42058923	42058924	-	0.9	percent_modified/100	Psi	20	25	A	AAAGG	ok
chr22	43645649	43645650	+	0.9211	percent_modified/100	Psi	38	70	T	CTTTT	ok
chr22	50798714	50798715	+	0.9155	percent_modified/100	Psi	142	226	T	CTTTA	ok
chr3	10151545	10151546	+	0.931	percent_modified/100	Psi	29	48	T	TTTTT	ok
chr3	49176191	49176192	+	0.9034	percent_modified/100	Psi	145	196	T	CTTTA	ok
chr3	49673160	49673161	-	0.9429	percent_modified/100	Psi	35	39	A	AAAGG	ok
chr3	55466580	55466581	-	0.9167	percent_modified/100	Psi	24	44	A	AAAAG	ok
chr3	74137142	74137143	+	0.9286	percent_modified/100	Psi	42	0	T	CTTTT	ok
chr3	87050939	87050940	-	0.9375	percent_modified/100	Psi	32	1	A	AAAAG	ok
chr3	97798182	97798183	+	0.9231	percent_modified/100	Psi	26	51	T	TTTTT	ok
chr3	100325108	100325109	+	0.9	percent_modified/100	Psi	70	102	T	CTTTA	ok
chr3	101566360	101566361	+	0.9167	percent_modified/100	Psi	24	34	T	CCTTC	ok
chr3	112583136	112583137	+	0.9022	percent_modified/100	Psi	92	114	T	CTTTT	ok
chr3	122414529	122414530	-	0.9545	percent_modified/100	Psi	22	36	A	CAAAG	ok
chr3	124967443	124967444	-	0.9677	percent_modified/100	Psi	31	46	A	AAAAG	ok
chr3	127621175	127621176	+	0.9016	percent_modified/100	Psi	193	728	T	CTTTG	ok
chr3	127690010	127690011	-	0.9706	percent_modified/100	Psi	34	54	A	TAAAG	ok
chr3	139359117	139359118	-	0.9	percent_modified/100	Psi	30	613	A	GCAAG	ok
chr3	161429533	161429534	-	0.9409	percent_modified/100	Psi	5165	2812	A	TAAAG	ok
chr3	195069124	195069125	-	0.9167	percent_modified/100	Psi	84	132	A	CAAAG	ok
chr4	7060670	7060671	-	0.9278	percent_modified/100	Psi	374	457	A	AAAAG	ok
chr4	15068794	15068795	+	0.9167	percent_modified/100	Psi	36	49	T	CTTTT	ok
chr4	15068795	15068796	+	0.9667	percent_modified/100	Psi	30	50	T	TTTTT	ok
chr4	76345553	76345554	+	0.9231	percent_modified/100	Psi	52	0	T	CTTTT	ok
chr4	82925318	82925319	-	0.913	percent_modified/100	Psi	23	38	A	CAAAG	ok
chr4	102261674	102261675	-	0.9028	percent_modified/100	Psi	391	577	A	AAAAG	ok
chr4	108812052	108812053	-	0.9149	percent_modified/100	Psi	47	70	A	GAAAG	ok
chr4	128061990	128061991	+	0.9024	percent_modified/100	Psi	41	74	T	CTTTC	ok
chr4	176328677	176328678	+	0.9014	percent_modified/100	Psi	71	120	T	CTTTC	ok
chr4	184023114	184023115	+	0.9091	percent_modified/100	Psi	44	60	T	TTTGC	ok
chr5	480248	480249	+	0.9032	percent_modified/100	Psi	31	40	T	CTTTG	ok
chr5	6755535	6755536	+	0.9143	percent_modified/100	Psi	35	44	T	CCTTT	ok
chr5	62776981	62776982	-	0.9225	percent_modified/100	Psi	142	3	A	AAAAG	ok
chr5	98855797	98855798	-	0.9024	percent_modified/100	Psi	41	72	A	AAAAA	ok
chr5	115208343	115208344	-	0.9286	percent_modified/100	Psi	28	42	A	AAAAG	ok
chr5	176507963	176507964	+	0.913	percent_modified/100	Psi	23	26	T	CCTTT	ok
chr6	7611474	7611475	+	0.9091	percent_modified/100	Psi	33	47	T	CTTTA	ok
chr6	20101167	20101168	-	0.9167	percent_modified/100	Psi	24	35	A	AAAAG	ok
chr6	34875872	34875873	+	0.9	percent_modified/100	Psi	20	31	T	CTTTT	ok
chr6	36680650	36680651	+	0.931	percent_modified/100	Psi	29	36	T	CTTTC	ok
chr6	36926096	36926097	+	0.9487	percent_modified/100	Psi	39	86	T	CTTTG	ok
chr6	52453495	52453496	+	1	percent_modified/100	Psi	24	31	T	TTTTA	ok
chr6	73425547	73425548	-	0.9333	percent_modified/100	Psi	30	99	A	AAAAG	ok
chr6	89643932	89643933	-	0.92	percent_modified/100	Psi	25	36	A	AAAAG	ok
chr6	125977738	125977739	+	0.9167	percent_modified/100	Psi	24	47	T	CTTTT	ok
chr7	1165600	1165601	+	0.9655	percent_modified/100	Psi	29	49	T	CCTTC	ok
chr7	29922935	29922936	-	0.95	percent_modified/100	Psi	20	34	A	TAAAG	ok
chr7	73570873	73570874	-	0.9353	percent_modified/100	Psi	139	170	A	CAAAG	ok
chr7	74883234	74883235	-	0.913	percent_modified/100	Psi	23	33	A	AAAGG	ok
chr7	100574364	100574365	-	0.9	percent_modified/100	Psi	30	36	A	GAAGG	ok
chr7	127591385	127591386	+	0.9012	percent_modified/100	Psi	516	665	T	CCTTT	ok
chr7	128506413	128506414	+	0.9412	percent_modified/100	Psi	34	49	T	CTTTT	ok
chr7	130165677	130165678	+	0.9167	percent_modified/100	Psi	24	103	T	CTTGC	ok
chr7	131504042	131504043	-	0.92	percent_modified/100	Psi	25	36	A	TAAAG	ok
chr7	143268833	143268834	+	0.9286	percent_modified/100	Psi	532	747	T	CTTTA	ok
chr7	143272171	143272172	+	0.9048	percent_modified/100	Psi	21	44	T	CTTTT	ok
chr7	152645128	152645129	-	0.9394	percent_modified/100	Psi	33	39	A	AAAGG	ok
chr8	79765764	79765765	-	0.931	percent_modified/100	Psi	29	40	A	CAAAG	ok
chr8	98455845	98455846	-	0.9375	percent_modified/100	Psi	32	48	A	AAAAG	ok
chr8	100521985	100521986	-	0.9	percent_modified/100	Psi	20	34	A	AAAAG	ok
chr8	109343812	109343813	+	0.96	percent_modified/100	Psi	25	35	T	TTTTC	ok
chr8	143991360	143991361	+	1	percent_modified/100	Psi	25	31	T	CCTTT	ok
chr9	33441250	33441251	-	0.921	percent_modified/100	Psi	5381	9589	A	TAAAG	ok
chr9	35104727	35104728	-	0.9273	percent_modified/100	Psi	55	61	A	GAAAG	ok
chr9	35906880	35906881	+	0.9213	percent_modified/100	Psi	89	122	T	CTTTC	ok
chr9	37775446	37775447	-	0.9048	percent_modified/100	Psi	21	30	A	TAAAG	ok
chr9	41373769	41373770	+	0.9048	percent_modified/100	Psi	21	29	T	CTTGC	ok
chr9	63818675	63818676	+	0.9091	percent_modified/100	Psi	22	25	T	CTTTG	ok
chr9	68781657	68781658	+	0.9524	percent_modified/100	Psi	21	29	T	CTTTT	ok
chr9	93451276	93451277	-	0.9545	percent_modified/100	Psi	22	120	A	CAAAG	ok
chr9	100307431	100307432	+	0.9524	percent_modified/100	Psi	21	26	T	TTTGC	ok
chr9	101389476	101389477	-	0.9048	percent_modified/100	Psi	21	28	A	CAAAG	ok
chr9	122909423	122909424	-	0.9643	percent_modified/100	Psi	28	36	A	AAAAG	ok
chr9	127908372	127908373	-	0.9608	percent_modified/100	Psi	51	535	A	CGACT	ok
chr9	132892411	132892412	-	1	percent_modified/100	Psi	20	28	A	TAAAG	ok
chr9	137008213	137008214	-	0.9655	percent_modified/100	Psi	29	33	A	CAAAG	ok
chrx	7900778	7900779	-	0.9014	percent_modified/100	Psi	71	632	A	AAAAG	ok
chrx	34628417	34628418	-	0.9091	percent_modified/100	Psi	22	29	A	TAAAG	ok
chrx	46473083	46473084	+	0.9189	percent_modified/100	Psi	74	96	T	TTTTG	ok
chrx	54447991	54447992	+	0.9	percent_modified/100	Psi	30	42	T	CTTTT	ok
chrx	101346481	101346482	-	0.9192	percent_modified/100	Psi	99	467	A	CAAAG	ok
chrx	104191377	104191378	+	0.9074	percent_modified/100	Psi	54	78	T	CTTTT	ok
chrx	134500633	134500634	+	0.9608	percent_modified/100	Psi	995	1298	T	CTTTT	ok
