Tool	Species_Name	Replicate	in_figure	N_Sites	N_universe_c10	KL_rrach_clip	KL_rrach_addeps	KL_emp_addeps
CHEUI_m6A	Arabidopsis	Arabidopsis_WT_rep1	True	17598	3586782	86.0071510868489	29.27384052732122	0.001842559802203355
CHEUI_m6A	Arabidopsis	Arabidopsis_WT_rep2	True	19019	2875231	84.99999473675419	28.882310114820385	0.0017028394753828792
CHEUI_m6A	Arabidopsis	Arabidopsis_WT_rep3	True	19197	3452338	85.3339398737417	29.00927695815073	0.0019330265711556115
DENA	Arabidopsis	Arabidopsis_WT_rep1	True	25131	3586782	0.9168649801161052	0.8850710193990654	7.102717160993174
DENA	Arabidopsis	Arabidopsis_WT_rep2	True	18688	2875231	0.8569747995674829	0.8162188053619626	7.0391015133702854
DENA	Arabidopsis	Arabidopsis_WT_rep3	True	22872	3452338	0.9097354860890374	0.8668113526474497	7.057932244431452
DRUMMER	Arabidopsis	Arabidopsis_WT_rep1	True	483	3586782	80.37891436627876	27.94991731175446	1.1298331116070124
DRUMMER	Arabidopsis	Arabidopsis_WT_rep2	True	627	2875231	75.12464733529006	26.03132518413946	1.2761606478311425
DRUMMER	Arabidopsis	Arabidopsis_WT_rep3	True	339	3452338	78.37521145325658	27.26504006421221	1.2471113820937119
ELIGOS2_diff	Arabidopsis	Arabidopsis_WT_rep1	True	1021	3586782	70.83421518329887	24.012939671482147	0.7140869543703263
ELIGOS2_diff	Arabidopsis	Arabidopsis_WT_rep2	True	1255	2875231	63.63008923887715	21.28855698708196	0.8209559542253524
ELIGOS2_diff	Arabidopsis	Arabidopsis_WT_rep3	True	745	3452338	68.0011242132599	22.92000693140588	0.7154021775081199
ELIGOS2_solo	Arabidopsis	Arabidopsis_WT_rep1	True	57933	3586782	74.09884174437174	25.525722641868867	1.1698192825837141
ELIGOS2_solo	Arabidopsis	Arabidopsis_WT_rep2	True	40414	2875231	74.8895169952687	25.836284275865676	1.1760420181157645
ELIGOS2_solo	Arabidopsis	Arabidopsis_WT_rep3	True	50357	3452338	74.19856315027441	25.56411773592799	1.138331919488099
EpiNano_Error	Arabidopsis	Arabidopsis_WT_rep1	True	9586	3586782	86.26997200000164	29.75444986401905	0.4378707932839442
EpiNano_Error	Arabidopsis	Arabidopsis_WT_rep2	True	15404	2875231	87.10950618171123	29.982058322242874	0.31094927132638805
EpiNano_Error	Arabidopsis	Arabidopsis_WT_rep3	True	5912	3452338	86.0781110357281	29.682214656677854	0.4224508192050358
MINES	Arabidopsis	Arabidopsis_WT_rep1	True	70690	3586782	0.23752736928004115	0.19545458469798385	6.469683739760282
MINES	Arabidopsis	Arabidopsis_WT_rep2	True	53146	2875231	0.21660303435666287	0.17508532288933298	6.452100317641194
MINES	Arabidopsis	Arabidopsis_WT_rep3	True	66253	3452338	0.22617126535504684	0.18237851486671683	6.4385838322012665
NanoSPA_m6A	Arabidopsis	Arabidopsis_WT_rep1	True	1391	3586782	23.63621580609714	8.02038054669756	4.543816176062175
NanoSPA_m6A	Arabidopsis	Arabidopsis_WT_rep2	True	1281	2875231	23.11891275385154	7.816833356927072	4.524775127435712
NanoSPA_m6A	Arabidopsis	Arabidopsis_WT_rep3	True	1455	3452338	21.20292649071823	7.16107009009246	4.680380244175529
Nanocompore	Arabidopsis	Arabidopsis_WT_rep1	True	462	3586782	31.39905009546027	9.827545815942068	2.5753924935830406
Nanocompore	Arabidopsis	Arabidopsis_WT_rep2	True	1070	2875231	70.08753689255785	23.44094228018927	0.3857161971625399
Nanocompore	Arabidopsis	Arabidopsis_WT_rep3	True	255	3452338	26.183697533786905	8.22981968577875	3.273716665882566
Nanom6A	Arabidopsis	Arabidopsis_WT_rep1	True	21756	3586782	8.776819514890867	2.8152563547588647	5.416328435069449
Nanom6A	Arabidopsis	Arabidopsis_WT_rep2	True	20025	2875231	8.463717280786465	2.68819168218155	5.409819771256445
Nanom6A	Arabidopsis	Arabidopsis_WT_rep3	True	19743	3452338	0.3295222582084705	0.2986142555927147	6.5729134857118785
m6Anet	Arabidopsis	Arabidopsis_WT_rep1	True	13200	3586782	6.335404788778509	2.6319105638831166	6.656623681853526
m6Anet	Arabidopsis	Arabidopsis_WT_rep2	True	11328	2875231	6.787698889930727	2.7660356294502364	6.587247839997083
m6Anet	Arabidopsis	Arabidopsis_WT_rep3	True	11073	3452338	5.914916648362849	2.4736892072080527	6.665874321309828
xPore	Arabidopsis	Arabidopsis_WT_rep1	True	27372	3586782	84.36782940411037	28.64799667646265	0.009275716076324984
xPore	Arabidopsis	Arabidopsis_WT_rep2	True	38273	2875231	87.18932870718763	29.764360986751527	0.0302752973547371
xPore	Arabidopsis	Arabidopsis_WT_rep3	True	21168	3452338	85.30105690997607	29.024311325936633	0.02388967234224225
yanocomp	Arabidopsis	Arabidopsis_WT_rep1	True	3583	3586782	69.1081762610139	22.938325114987187	0.2767141282665813
yanocomp	Arabidopsis	Arabidopsis_WT_rep2	True	13037	2875231	85.21981305124974	29.029711005904158	0.05933842332966334
yanocomp	Arabidopsis	Arabidopsis_WT_rep3	True	2058	3452338	64.13932052202244	21.145975159703447	0.4443117589874623
CHEUI_m6A	Mouse	mESCs_Mettl3_WT	False	14518	2363783	84.59553717834214	28.738563267201766	0.0029081079982535736
CHEUI_m6A	Mouse	mES_WT	True	37223	3760799	84.4408652042611	28.6828620137832	0.0007871908675641515
DENA	Mouse	mESCs_Mettl3_WT	False	36904	2363783	0.26821804988805054	0.15506071591817866	6.31155708899313
DENA	Mouse	mES_WT	True	38721	3760799	0.2636754834897243	0.13713796093745476	6.2505027571969904
DRUMMER	Mouse	mESCs_Mettl3_WT	False	564	2363783	40.78046356865918	13.38157626099562	2.386048264079513
DRUMMER	Mouse	mES_WT	True	1910	3760799	36.396096264787374	11.927357252285315	2.690717550464482
ELIGOS2_diff	Mouse	mESCs_Mettl3_WT	False	823	2363783	37.76859356699834	12.181626888058037	2.348293900145789
ELIGOS2_diff	Mouse	mES_WT	True	3919	3760799	39.40413258142327	12.624741724094715	1.977368497869671
ELIGOS2_solo	Mouse	mESCs_Mettl3_WT	False	74653	2363783	70.73057797238934	24.168727702117984	0.9245530066880017
ELIGOS2_solo	Mouse	mES_WT	True	87246	3760799	73.0881671526227	25.100122078453538	0.9565856842466347
EpiNano_Error	Mouse	mESCs_Mettl3_WT	False	17186	2363783	80.08886936277814	27.30068138697163	0.29938551995664464
EpiNano_Error	Mouse	mES_WT	True	33073	3760799	84.15248649968724	28.75996280959964	0.17834955357133442
MINES	Mouse	mESCs_Mettl3_WT	False	90744	2363783	0.16437309848821496	0.05696389501634384	6.230277356169646
MINES	Mouse	mES_WT	True	93221	3760799	0.18969877156336967	0.07055245539996284	6.150974560235886
NanoSPA_m6A	Mouse	mESCs_Mettl3_WT	False	4178	2363783	22.553349202246217	7.596510595928781	4.640038770859885
NanoSPA_m6A	Mouse	mES_WT	True	3267	3760799	15.25039100713488	5.602106399490849	5.869863022524303
Nanocompore	Mouse	mESCs_Mettl3_WT	False	920	2363783	70.24105364140804	23.675627408390596	0.6886104905097685
Nanocompore	Mouse	mES_WT	True	3114	3760799	23.107119781323473	7.423196159210936	3.9055090912786863
Nanom6A	Mouse	mESCs_Mettl3_WT	False	10963	2363783	5.758700117362082	1.7019535534065955	5.396046226544575
Nanom6A	Mouse	mES_WT	True	23942	3760799	0.11222059405088126	0.06338281688681734	6.247081284636879
m6Anet	Mouse	mESCs_Mettl3_WT	False	30952	2363783	7.369542367982497	3.198578505841606	6.921289849382171
m6Anet	Mouse	mES_WT	True	29225	3760799	6.843484930064307	2.98745664730503	6.840722497095124
xPore	Mouse	mESCs_Mettl3_WT	False	43367	2363783	87.8975435542715	30.080692442284725	0.051503630876867226
xPore	Mouse	mES_WT	True	60097	3760799	77.30459903947052	25.97505742242502	0.05248937138012698
yanocomp	Mouse	mESCs_Mettl3_WT	False	8749	2363783	77.78999122959434	26.230141422610636	0.24413376029988343
yanocomp	Mouse	mES_WT	True	7226	3760799	64.77140551214795	21.38965105198699	0.5742760330532896
CHEUI_m6A	Human (HeLa)	HeLa_WT1	True	20167	2053505	85.1297592515906	28.94390837266829	0.002713708316018074
CHEUI_m6A	Human (HeLa)	HeLa_WT2	True	31397	3478914	84.9166376227046	28.861167661005435	0.0038416260000371325
CHEUI_m6A	Human (HeLa)	HeLa_WT3	True	17033	1537920	84.93918304587213	28.873542659642254	0.004082784206768963
DENA	Human (HeLa)	HeLa_WT1	True	20224	2053505	0.1990159871053434	0.14825690493216265	6.356117435479984
DENA	Human (HeLa)	HeLa_WT2	True	20487	3478914	1.1444678971831077	1.0986384378724916	7.119683915072705
DENA	Human (HeLa)	HeLa_WT3	True	17166	1537920	0.15634488508175795	0.09175932737155887	6.289490472743819
DRUMMER	Human (HeLa)	HeLa_WT1	True	432	2053505	43.96638148742031	14.229685024839215	1.8330194896794338
DRUMMER	Human (HeLa)	HeLa_WT2	True	746	3478914	37.586625910486596	12.172886198125195	2.549434662343794
DRUMMER	Human (HeLa)	HeLa_WT3	True	293	1537920	51.813674777786815	16.89489007807335	1.1632462581485679
ELIGOS2_diff	Human (HeLa)	HeLa_WT1	True	1065	2053505	43.46024886654539	13.866852755225867	1.5246423991790519
ELIGOS2_diff	Human (HeLa)	HeLa_WT2	True	1816	3478914	42.531871062362	13.643015309102283	1.7160100824462583
ELIGOS2_diff	Human (HeLa)	HeLa_WT3	True	820	1537920	49.43949572740939	15.938730566099409	1.1196827994132594
ELIGOS2_solo	Human (HeLa)	HeLa_WT1	True	49814	2053505	76.18022916410428	26.243370722450692	0.9151252077710681
ELIGOS2_solo	Human (HeLa)	HeLa_WT2	True	58726	3478914	72.74207372466469	24.899192717654746	0.8616945504680454
ELIGOS2_solo	Human (HeLa)	HeLa_WT3	True	35520	1537920	75.04471007299799	25.851238350051972	0.9452715069526432
EpiNano_Error	Human (HeLa)	HeLa_WT1	True	24182	2053505	86.0905867243924	29.44030272678839	0.102375713686932
EpiNano_Error	Human (HeLa)	HeLa_WT2	True	46813	3478914	85.46812504183272	29.164089744818654	0.059044357816958826
EpiNano_Error	Human (HeLa)	HeLa_WT3	True	18904	1537920	85.29862725669516	29.143982060312812	0.0974249348055018
MINES	Human (HeLa)	HeLa_WT1	True	39154	2053505	0.09744866709344824	0.0397205099443951	6.269940452875874
MINES	Human (HeLa)	HeLa_WT2	True	77840	3478914	0.08154504632508336	0.035336956597338376	6.296164836545435
MINES	Human (HeLa)	HeLa_WT3	True	33160	1537920	0.09903523197410771	0.03189409648944643	6.237765429324343
NanoSPA_m6A	Human (HeLa)	HeLa_WT1	True	1375	2053505	21.02882141928544	7.0943438839871895	4.82058167621763
NanoSPA_m6A	Human (HeLa)	HeLa_WT2	True	2490	3478914	20.614479793880815	6.860329532398953	4.700794557772217
NanoSPA_m6A	Human (HeLa)	HeLa_WT3	True	941	1537920	21.77154000244019	7.27571590302569	4.575306129577241
Nanocompore	Human (HeLa)	HeLa_WT1	True	1237	2053505	55.85760721095513	18.1226947435224	0.7760294965044139
Nanocompore	Human (HeLa)	HeLa_WT2	True	1798	3478914	47.45907206751987	15.193263975390122	1.2947166502575922
Nanocompore	Human (HeLa)	HeLa_WT3	True	1261	1537920	78.76651213365355	26.57412466268877	0.114235769407808
Nanom6A	Human (HeLa)	HeLa_WT1	True	20900	2053505	0.10761352236636475	0.0449062343883835	6.28797379224659
Nanom6A	Human (HeLa)	HeLa_WT2	True	18297	3478914	0.11390694938115332	0.06871547525710679	6.34427779522607
Nanom6A	Human (HeLa)	HeLa_WT3	True	17057	1537920	0.10234335482130034	0.033339626308354235	6.259930681106038
m6Anet	Human (HeLa)	HeLa_WT1	True	8884	2053505	6.781364660114279	2.9941815311807547	6.983270480022899
m6Anet	Human (HeLa)	HeLa_WT2	True	16953	3478914	6.597627476928869	2.9216361319016872	7.02427864448881
m6Anet	Human (HeLa)	HeLa_WT3	True	6783	1537920	7.4740164002289955	3.271897335529917	6.95662952908243
xPore	Human (HeLa)	HeLa_WT1	True	25216	2053505	81.18978348760933	27.433367314718932	0.022103708227148907
xPore	Human (HeLa)	HeLa_WT2	True	41850	3478914	82.39738599953814	27.901270147086628	0.022613914541735256
xPore	Human (HeLa)	HeLa_WT3	True	21149	1537920	85.18613403900873	28.997006431549334	0.014476039089412168
yanocomp	Human (HeLa)	HeLa_WT1	True	4619	2053505	74.4545277562218	24.89670980771843	0.17405623276678184
yanocomp	Human (HeLa)	HeLa_WT2	True	6845	3478914	73.36539560362536	24.508695554097578	0.17139076446330673
yanocomp	Human (HeLa)	HeLa_WT3	True	4340	1537920	79.04133526613184	26.65840220128103	0.1436551006218317
