species	dataset_group	mod_type	tool	n_units	fp_per_1e6	fp_lo	fp_hi
Curlcake	Curlcake_IVT	Nm	NanoNm	2	3726.4399999999996	3550.1499999999996	3902.73
Curlcake	Curlcake_IVT	Psi	NanoMUD_psi	1	4271.456	4271.456	4271.456
Curlcake	Curlcake_IVT	Psi	NanoPsu	1	203.31400000000002	203.31400000000002	203.31400000000002
Curlcake	Curlcake_IVT	Psi	NanoSPA_psU	1	203.31400000000002	203.31400000000002	203.31400000000002
Curlcake	Curlcake_IVT	m1Psi	NanoMUD_m1psi	2	18707.775	18100.5	19315.05
Curlcake	Curlcake_IVT	m6A	DENA	2	3711.2299999999996	3354.9399999999996	4067.52
Curlcake	Curlcake_IVT	m6A	ELIGOS2_solo	2	8743.869999999999	8539.19	8948.55
Curlcake	Curlcake_IVT	m6A	EpiNano_Error	2	203.3965	203.376	203.417
Curlcake	Curlcake_IVT	m6A	MINES	2	14894.974999999999	14643.1	15146.849999999999
Curlcake	Curlcake_IVT	m6A	NanoSPA_m6A	2	6252.8949999999995	6201.129999999999	6304.66
Curlcake	Curlcake_IVT	m6A	Nanocompore	2	1880.775	1627.01	2134.54
Curlcake	Curlcake_IVT	m6A	Nanom6A	2	1982.2655	203.376	3761.1549999999997
Curlcake	Curlcake_IVT	m6A	m6Anet	2	2694.37	2541.48	2847.26
Curlcake	Curlcake_IVT	m6A	xPore	2	2948.5175	2846.395	3050.64
Curlcake	Curlcake_IVT	m6A	yanocomp	2	610.1485	203.417	1016.88
Curlcake	RNA004_Curlcake_IVT	Psi	Dorado_hac@v5.0.0_pseU_m6A_Psi	1	491477.0	491477.0	491477.0
Curlcake	RNA004_Curlcake_IVT	Psi	Dorado_hac@v5.1.0_all_Psi	1	487013.0	487013.0	487013.0
Curlcake	RNA004_Curlcake_IVT	Psi	Dorado_sup@v5.0.0_pseU_m6A_Psi	1	488231.0	488231.0	488231.0
Curlcake	RNA004_Curlcake_IVT	Psi	Dorado_sup@v5.1.0_all_Psi	1	480519.0	480519.0	480519.0
Curlcake	RNA004_Curlcake_IVT	Psi	NanoPsu	1	612419.0	612419.0	612419.0
Curlcake	RNA004_Curlcake_IVT	Psi	NanoSPA_psU	1	1826.3	1826.3	1826.3
Curlcake	RNA004_Curlcake_IVT	inosine	Dorado_hac@v5.1.0_inosine_m6A_inosine	1	502029.0	502029.0	502029.0
Curlcake	RNA004_Curlcake_IVT	inosine	Dorado_sup@v5.1.0_inosine_m6A_inosine	1	493304.0	493304.0	493304.0
Curlcake	RNA004_Curlcake_IVT	m5C	Dorado_hac@v5.1.0_all_m5C	1	627807.0	627807.0	627807.0
Curlcake	RNA004_Curlcake_IVT	m5C	Dorado_sup@v5.1.0_all_m5C	1	614434.0	614434.0	614434.0
Curlcake	RNA004_Curlcake_IVT	m6A	Dorado_hac@v5.0.0_m6A_DRACH	1	57629.9	57629.9	57629.9
Curlcake	RNA004_Curlcake_IVT	m6A	Dorado_hac@v5.0.0_pseU_m6A	1	514407.0	514407.0	514407.0
Curlcake	RNA004_Curlcake_IVT	m6A	Dorado_hac@v5.1.0_all	1	57021.1	57021.1	57021.1
Curlcake	RNA004_Curlcake_IVT	m6A	Dorado_hac@v5.1.0_inosine_m6A	1	511364.0	511364.0	511364.0
Curlcake	RNA004_Curlcake_IVT	m6A	Dorado_sup@v5.0.0_m6A_DRACH	1	45048.7	45048.7	45048.7
Curlcake	RNA004_Curlcake_IVT	m6A	Dorado_sup@v5.0.0_pseU_m6A	1	511769.0	511769.0	511769.0
Curlcake	RNA004_Curlcake_IVT	m6A	Dorado_sup@v5.1.0_all	1	45860.4	45860.4	45860.4
Curlcake	RNA004_Curlcake_IVT	m6A	Dorado_sup@v5.1.0_inosine_m6A	1	509334.0	509334.0	509334.0
Curlcake	RNA004_Curlcake_IVT	m6A	NanoSPA_m6A	1	3449.68	3449.68	3449.68
Curlcake	RNA004_Curlcake_IVT	m6A	m6Anet	1	1014.61	1014.61	1014.61
E.coli	E.coli_IVT	m6A	CHEUI_m6A	1	3594.71	3594.71	3594.71
E.coli	E.coli_IVT	m6A	ELIGOS2_solo	1	15339.6	15339.6	15339.6
E.coli	E.coli_IVT	m6A	EpiNano_Error	1	12917.3	12917.3	12917.3
E.coli	E.coli_IVT	m6A	NanoSPA_m6A	1	227.088	227.088	227.088
E.coli	E.coli_IVT	m6A	Nanocompore	1	12.6889	12.6889	12.6889
E.coli	E.coli_IVT	m6A	Nanom6A	1	5985.280000000001	5985.280000000001	5985.280000000001
E.coli	E.coli_IVT	m6A	m6Anet	1	1595.82	1595.82	1595.82
E.coli	E.coli_IVT	m6A	xPore	1	3958.94	3958.94	3958.94
E.coli	E.coli_IVT	m6A	yanocomp	1	250.606	250.606	250.606
Human	HeLa_IVT	Nm	NanoNm	3	418.304	293.905	537.23
Human	HeLa_IVT	Psi	NanoMUD_psi	3	1859.29	1756.3	2182.26
Human	HeLa_IVT	Psi	NanoPsu	3	58.3511	53.7735	62.5523
Human	HeLa_IVT	Psi	NanoSPA_psU	3	59.3051	54.3811	64.0995
Human	HeLa_IVT	m1Psi	NanoMUD_m1psi	3	6595.27	5939.09	6641.38
Human	HeLa_IVT	m5C	CHEUI_m5C	3	4432.95	2460.09	5194.45
Human	HeLa_IVT	m6A	CHEUI_m6A	3	5272.3	4127.8	6033.7
Human	HeLa_IVT	m6A	DENA	3	4448.36	3305.7	4551.95
Human	HeLa_IVT	m6A	DRUMMER	3	4.19963	1.43095	22.7854
Human	HeLa_IVT	m6A	ELIGOS2_diff	3	13.0376	5.96789	21.874
Human	HeLa_IVT	m6A	ELIGOS2_solo	3	9277.83	6986.0	10150.5
Human	HeLa_IVT	m6A	EpiNano_Error	3	6351.05	4660.46	7508.93
Human	HeLa_IVT	m6A	MINES	3	13192.1	12122.4	13769.7
Human	HeLa_IVT	m6A	NanoSPA_m6A	3	69.8752	36.0918	90.1814
Human	HeLa_IVT	m6A	Nanocompore	3	23.6505	10.0167	66.5333
Human	HeLa_IVT	m6A	Nanom6A	3	2796.07	2398.44	3474.32
Human	HeLa_IVT	m6A	m6Anet	3	1769.81	1740.8	2377.61
Human	HeLa_IVT	m6A	xPore	3	7917.18	4244.05	8532.98
Human	HeLa_IVT	m6A	yanocomp	3	788.866	296.843	1064.53
Human	RNA004_HeLa_IVT	Psi	Dorado_hac@v5.0.0_pseU@v1_otherMod	1	8.72443	8.72443	8.72443
Human	RNA004_HeLa_IVT	Psi	Dorado_hac@v5.1.0_pseU@v1_otherMod	1	4.42544	4.42544	4.42544
Human	RNA004_HeLa_IVT	Psi	Dorado_sup@v5.0.0_pseU@v1_otherMod	1	60.2491	60.2491	60.2491
Human	RNA004_HeLa_IVT	Psi	Dorado_sup@v5.1.0_pseU@v1_otherMod	1	14.7304	14.7304	14.7304
Human	RNA004_HeLa_IVT	Psi	NanoPsu	1	15.0465	15.0465	15.0465
Human	RNA004_HeLa_IVT	Psi	NanoSPA_psU	1	15.6155	15.6155	15.6155
Human	RNA004_HeLa_IVT	inosine	Dorado_sup@v5.1.0_inosine_m6A_otherMod	1	0.379323	0.379323	0.379323
Human	RNA004_HeLa_IVT	m5C	Dorado_hac@v5.1.0_m5C@v1_otherMod	1	18.438	18.438	18.438
Human	RNA004_HeLa_IVT	m5C	Dorado_sup@v5.1.0_m5C@v1_otherMod	1	6.85242	6.85242	6.85242
Human	RNA004_HeLa_IVT	m6A	Dorado_hac@v5.0.0_m6A@v1	1	823.637	823.637	823.637
Human	RNA004_HeLa_IVT	m6A	Dorado_hac@v5.0.0_m6A_DRACH@v1	1	0.568985	0.568985	0.568985
Human	RNA004_HeLa_IVT	m6A	Dorado_hac@v5.1.0_inosine_m6A	1	5.50018	5.50018	5.50018
Human	RNA004_HeLa_IVT	m6A	Dorado_hac@v5.1.0_m6A_DRACH@v1	1	0.632205	0.632205	0.632205
Human	RNA004_HeLa_IVT	m6A	Dorado_sup@v5.0.0_m6A@v1	1	2969.02	2969.02	2969.02
Human	RNA004_HeLa_IVT	m6A	Dorado_sup@v5.0.0_m6A_DRACH@v1	1	0.126441	0.126441	0.126441
Human	RNA004_HeLa_IVT	m6A	Dorado_sup@v5.1.0_inosine_m6A	1	6.38527	6.38527	6.38527
Human	RNA004_HeLa_IVT	m6A	Dorado_sup@v5.1.0_m6A_DRACH@v1	1	0.126441	0.126441	0.126441
Human	RNA004_HeLa_IVT	m6A	ELIGOS2_solo	1	163.235	163.235	163.235
Human	RNA004_HeLa_IVT	m6A	NanoSPA_m6A	1	18.65	18.65	18.65
Human	RNA004_HeLa_IVT	m6A	m6Anet	1	1355.45	1355.45	1355.45
