Species	Condition	Tool	Tool_display	Replicate	n_rows	N_Sites_centerA
E.coli	E.coli_IVT	CHEUI_m6A	CHEUI_m6A	E_IVT_neg1	2077	2077
E.coli	E.coli_IVT	CHEUI_m6A	CHEUI_m6A	E_IVT_neg2	1013	1013
E.coli	E.coli_IVT	DRUMMER	DRUMMER	E_IVT_neg1	0	0
E.coli	E.coli_IVT	ELIGOS2_solo	ELIGOS_solo	E_IVT_neg1	6430	6430
E.coli	E.coli_IVT	ELIGOS2_solo	ELIGOS_solo	E_IVT_neg2	5791	5791
E.coli	E.coli_IVT	EpiNano_Error	EpiNano_Error	E_IVT_neg2	4072	4072
E.coli	E.coli_IVT	NanoSPA_m6A	NanoSPA_m6A	E_IVT_neg1	108	108
E.coli	E.coli_IVT	NanoSPA_m6A	NanoSPA_m6A	E_IVT_neg2	78	78
E.coli	E.coli_IVT	Nanocompore	Nanocompore	E_IVT_neg2	4	4
E.coli	E.coli_IVT	Nanom6A	Nanom6A	E_IVT_neg1	2770	2770
E.coli	E.coli_IVT	Nanom6A	Nanom6A	E_IVT_neg2	2102	2102
E.coli	E.coli_IVT	m6Anet	m6Anet	E_IVT_neg1	731	731
E.coli	E.coli_IVT	m6Anet	m6Anet	E_IVT_neg2	565	565
E.coli	E.coli_IVT	xPore	xPore	E_IVT_neg2	1248	1248
E.coli	E.coli_IVT	yanocomp	Yanocomp	E_IVT_neg2	79	79
E.coli	E.coli_WT	CHEUI_m6A	CHEUI_m6A	E_ss_rd_RNA1	11732	11732
E.coli	E.coli_WT	CHEUI_m6A	CHEUI_m6A	E_ss_rd_RNA2	7332	7332
E.coli	E.coli_WT	DRUMMER	DRUMMER	E_ss_rd_RNA1	31	31
E.coli	E.coli_WT	DRUMMER	DRUMMER	E_ss_rd_RNA2	94	94
E.coli	E.coli_WT	ELIGOS2_diff	ELIGOS_diff	E_ss_rd_RNA1	177	177
E.coli	E.coli_WT	ELIGOS2_diff	ELIGOS_diff	E_ss_rd_RNA2	183	183
E.coli	E.coli_WT	ELIGOS2_solo	ELIGOS_solo	E_ss_rd_RNA1	15674	15674
E.coli	E.coli_WT	ELIGOS2_solo	ELIGOS_solo	E_ss_rd_RNA2	16067	16067
E.coli	E.coli_WT	EpiNano_Error	EpiNano_Error	E_ss_rd_RNA1	4694	4694
E.coli	E.coli_WT	EpiNano_Error	EpiNano_Error	E_ss_rd_RNA2	2671	2671
E.coli	E.coli_WT	NanoSPA_m6A	NanoSPA_m6A	E_ss_rd_RNA1	208	208
E.coli	E.coli_WT	NanoSPA_m6A	NanoSPA_m6A	E_ss_rd_RNA2	266	266
E.coli	E.coli_WT	Nanocompore	Nanocompore	E_ss_rd_RNA1	386	0
E.coli	E.coli_WT	Nanocompore	Nanocompore	E_ss_rd_RNA2	4085	4085
E.coli	E.coli_WT	Nanom6A	Nanom6A	E_ss_rd_RNA1	5795	5795
E.coli	E.coli_WT	Nanom6A	Nanom6A	E_ss_rd_RNA2	9394	9394
E.coli	E.coli_WT	m6Anet	m6Anet	E_ss_rd_RNA1	2648	2648
E.coli	E.coli_WT	m6Anet	m6Anet	E_ss_rd_RNA2	2779	2779
E.coli	E.coli_WT	xPore	xPore	E_ss_rd_RNA1	5714	5714
E.coli	E.coli_WT	xPore	xPore	E_ss_rd_RNA2	6641	6641
E.coli	E.coli_WT	yanocomp	Yanocomp	E_ss_rd_RNA1	3705	3705
E.coli	E.coli_WT	yanocomp	Yanocomp	E_ss_rd_RNA2	5182	5182
