chrom	start	end	strand	score	score_type	frac_diff	coverage	ref_base	five_mer_raw	center_status	drach
chr11	62888215	62888216	+	0.00249	Pvalue	0.124	4090	A	TGAAG	ok	False
chr19	38730130	38730131	+	3.19e-07	Pvalue	-0.216	521	A	CCAAA	ok	False
chr19	48923266	48923267	+	0.000368	Pvalue	0.101	725	A	GAACA	ok	True
chr12	56310431	56310432	-	1.21e-24	Pvalue	0.135	570	T	TGTAC	ok	False
chr17	5114378	5114379	+	0.00114	Pvalue	0.116	175	A	TTACA	ok	False
chr6	1612184	1612185	+	3.35e-13	Pvalue	-0.38	49	A	CTAAA	ok	False
chr16	85840	85841	+	1.44e-07	Pvalue	0.16	306	A	CTAGA	ok	False
chr5	138468585	138468586	+	0.00186	Pvalue	-0.144	562	A	GGAAA	ok	False
chr17	62451705	62451706	+	0.00218	Pvalue	0.442	30	A	CAACA	ok	False
chr19	4838596	4838597	-	0.000445	Pvalue	-0.158	194	T	TTTGA	ok	False
chr6	117707029	117707030	+	4.1e-08	Pvalue	0.337	170	A	GCATA	ok	False
chr6	117707061	117707062	+	1.24e-07	Pvalue	0.307	175	A	GAACC	ok	True
chr6	117707112	117707113	+	5.49e-08	Pvalue	0.311	178	A	CTAGT	ok	False
chr22	45843984	45843985	+	1.46e-07	Pvalue	0.168	758	A	TGACA	ok	True
chr2	1633183	1633184	-	0.000119	Pvalue	-0.215	169	T	TTTAA	ok	False
chr9	33253825	33253826	-	0.000356	Pvalue	-0.274	74	T	TTTCT	ok	False
chr19	281046	281047	-	0.000835	Pvalue	0.131	261	T	TGTGA	ok	False
chr12	15903472	15903473	+	9.27e-48	Pvalue	0.13	1242	A	AAACA	ok	True
chr2	47335443	47335444	+	2.4e-06	Pvalue	-0.202	30	A	GGAAA	ok	False
chr6	149724814	149724815	-	6.81e-09	Pvalue	0.374	98	T	TCTTG	ok	False
chr7	76328727	76328728	-	2.04e-10	Pvalue	0.312	144	T	TGTGG	ok	False
chr16	88809471	88809472	-	7.21e-05	Pvalue	0.102	809	T	TGTGG	ok	False
chr19	13773796	13773797	+	0.000776	Pvalue	0.394	83	A	TTACA	ok	False
chr1	32175932	32175933	+	0.00343	Pvalue	0.15	91	A	CTACA	ok	False
chr4	17801306	17801307	-	1.48e-06	Pvalue	0.542	58	T	TTTTA	ok	False
chr11	68755928	68755929	-	0.0322	Pvalue	0.469	85	T	AATAT	ok	False
chr2	99196379	99196380	+	7.6e-09	Pvalue	0.54	76	A	GCAGC	ok	False
chr21	44128068	44128069	+	1.55e-05	Pvalue	-0.432	39	A	TCACC	ok	False
chr3	156540483	156540484	-	0.00144	Pvalue	0.749	228	T	TGTAG	ok	False
chr14	23325349	23325350	+	1.82e-07	Pvalue	-0.349	103	A	TTAAA	ok	False
chr8	85214504	85214505	-	1.5e-05	Pvalue	0.141	618	T	TGTAT	ok	False
chr7	30634028	30634029	+	4.3e-08	Pvalue	0.131	797	A	GAACA	ok	True
chr14	49862574	49862575	-	0.000165	Pvalue	0.645	199	T	GCTCA	ok	False
chrx	16761210	16761211	+	0.00202	Pvalue	-0.24	70	A	TCAAA	ok	False
chr11	8687234	8687235	+	2.36e-11	Pvalue	0.526	96	A	CTACT	ok	False
chr1	184792177	184792178	-	3.48e-05	Pvalue	0.354	59	T	AGTGA	ok	False
chr6	42889882	42889883	+	0.00182	Pvalue	0.154	234	A	TTACA	ok	False
chr14	102084949	102084950	-	0.00016	Pvalue	-0.149	800	T	CTTTT	ok	False
chr6	149724781	149724782	-	1.8e-13	Pvalue	0.409	101	T	GGTTT	ok	True
chr3	156540493	156540494	-	6.57e-13	Pvalue	0.588	228	T	GCTAC	ok	False
chr14	35401516	35401517	-	0.000114	Pvalue	0.102	609	T	TGTAA	ok	False
chr4	56460891	56460892	+	0.000566	Pvalue	0.174	558	A	GAACC	ok	True
chr20	44908174	44908175	+	0.00363	Pvalue	-0.186	410	A	ACAAA	ok	False
chr6	42889284	42889285	+	1.95e-06	Pvalue	0.226	236	A	ATACA	ok	False
chr16	46956934	46956935	-	0.000461	Pvalue	-0.123	174	T	GTTCA	ok	False
chr1	31906754	31906755	-	6.73e-07	Pvalue	0.107	854	T	CATAC	ok	False
chr18	59903899	59903900	+	0.00103	Pvalue	0.11	239	A	TCATT	ok	False
chr9	134440091	134440092	+	0.00164	Pvalue	-0.365	83	A	GTAAA	ok	False
chr14	102084942	102084943	-	1.98e-73	Pvalue	0.251	805	T	TGTCT	ok	True
chr1	85583599	85583600	+	5.07e-06	Pvalue	0.112	1861	A	GGAGG	ok	False
chr3	40462275	40462276	+	3.97e-23	Pvalue	0.109	3848	A	TGACA	ok	True
chr12	92144140	92144141	-	9.34e-08	Pvalue	-0.125	311	T	GTTCC	ok	False
chr5	135028574	135028575	-	3.85e-39	Pvalue	0.166	797	T	TGTCT	ok	True
chr8	81759007	81759008	+	3.25e-10	Pvalue	-0.42	27	A	CTAAA	ok	False
chr5	17276633	17276634	+	2.21e-109	Pvalue	-0.191	4011	A	TGAAA	ok	False
chr6	149724721	149724722	-	2.13e-14	Pvalue	0.423	107	T	ATTAT	ok	False
chr22	45843984	45843985	+	4.24e-45	Pvalue	0.231	758	A	TGACA	ok	True
chrx	119538707	119538708	-	0.00059	Pvalue	0.429	92	T	GATTA	ok	False
chr1	114567562	114567563	-	7.87e-05	Pvalue	0.139	134	T	TGTGA	ok	False
chr6	24701710	24701711	+	6.96e-07	Pvalue	0.106	279	A	CCAGA	ok	False
chr12	56229741	56229742	+	5.83e-05	Pvalue	-0.35	151	A	AAAAA	ok	False
chr6	42889441	42889442	+	1.87e-05	Pvalue	-0.289	141	A	TCAAA	ok	False
chr3	45680554	45680555	+	0.00187	Pvalue	0.306	80	A	TGATC	ok	False
chr1	87329069	87329070	+	0.013	Pvalue	-0.206	77	A	TTAAA	ok	False
chr17	15628810	15628811	-	0.00173	Pvalue	-0.202	459	T	AGTCG	ok	False
chr2	206121634	206121635	-	3.3e-05	Pvalue	0.431	39	T	AGTAG	ok	False
chr4	17801243	17801244	-	0.00363	Pvalue	0.24	64	T	TCTTA	ok	False
chr10	73249196	73249197	-	0.000466	Pvalue	0.292	218	T	GGTGT	ok	False
chr5	159203631	159203632	-	1.99e-14	Pvalue	-0.4	99	T	TTTCT	ok	False
chr2	223755658	223755659	-	4.07e-15	Pvalue	0.372	144	T	AGTAG	ok	False
chr1	19259963	19259964	+	0.0263	Pvalue	0.216	156	A	CCATG	ok	False
chr3	40462275	40462276	+	3.12e-96	Pvalue	0.106	3848	A	TGACA	ok	True
chr5	80627491	80627492	-	2.69e-10	Pvalue	0.288	181	T	TGTGC	ok	False
chr16	89562355	89562356	+	0.000559	Pvalue	0.125	14256	A	CCACC	ok	False
chr6	31777522	31777523	-	4.31e-14	Pvalue	0.174	280	T	TGTGG	ok	False
chr18	9861103	9861104	+	8.16e-21	Pvalue	-0.384	133	A	GTAAA	ok	False
chr7	44832839	44832840	-	0.00172	Pvalue	0.407	55	T	TATTT	ok	False
chr16	10532785	10532786	-	1.25e-07	Pvalue	-0.307	97	T	TTTGG	ok	False
chr6	73518933	73518934	-	0.000199	Pvalue	-0.191	31548	T	GTTAG	ok	False
chr15	64365012	64365013	-	0.0265	Pvalue	-0.315	40	T	TTTGA	ok	False
chr3	45680888	45680889	+	1.14e-15	Pvalue	0.491	115	A	GTAAT	ok	False
chr17	36586138	36586139	+	2.63e-06	Pvalue	0.225	95	A	ACACA	ok	False
chr16	14668835	14668836	+	0.00325	Pvalue	-0.211	78	A	TTAAA	ok	False
chr3	42784424	42784425	-	3.65e-13	Pvalue	0.111	454	T	GGTAT	ok	False
chr4	77048024	77048025	-	2.08e-13	Pvalue	-0.264	508	T	TTTGG	ok	False
chr4	2938357	2938358	-	1.04e-12	Pvalue	0.42	149	T	ACTAA	ok	False
chrx	101655286	101655287	-	0.00213	Pvalue	0.152	315	T	TGTCA	ok	True
chr12	98549040	98549041	+	0.000396	Pvalue	0.194	145	A	TGAAC	ok	False
chr3	156541577	156541578	-	1.02e-08	Pvalue	0.164	234	T	GCTAA	ok	False
chr11	8687277	8687278	+	0.000159	Pvalue	0.666	99	A	GTAAT	ok	False
chr7	102637230	102637231	-	8.69e-05	Pvalue	0.385	130	T	TCTAC	ok	False
chr12	48938711	48938712	-	1.68e-07	Pvalue	0.121	268	T	TGTTT	ok	True
chrx	54564833	54564834	+	0.00191	Pvalue	0.345	64	A	CAAGC	ok	False
chr5	80627558	80627559	-	0.000586	Pvalue	0.13	171	T	GCTGG	ok	False
chr14	54420212	54420213	+	1.26e-10	Pvalue	0.217	169	A	TGACA	ok	True
chr12	123261005	123261006	-	6.51e-07	Pvalue	0.119	329	T	TGTTA	ok	True
chr3	45680959	45680960	+	0.00355	Pvalue	0.141	115	A	CGAGA	ok	False
chr12	98549107	98549108	+	7.44e-05	Pvalue	0.243	147	A	CAAGA	ok	False
chr15	82372565	82372566	-	7.71e-06	Pvalue	0.395	7950	T	CATTC	ok	False
chr14	74736363	74736364	+	0.000911	Pvalue	0.286	76	A	AGATT	ok	False
chr19	40447792	40447793	-	1.21e-05	Pvalue	0.111	224	T	TCTCT	ok	False
chr7	44832854	44832855	-	0.0023	Pvalue	0.407	53	T	GGTAA	ok	False
chr19	41872773	41872774	+	3.7e-15	Pvalue	0.293	161	A	GTAAT	ok	False
chr15	48342246	48342247	+	4.91e-07	Pvalue	-0.12	922	A	TTAAA	ok	False
chr1	155140491	155140492	-	1.23e-07	Pvalue	0.448	811	T	CCTCT	ok	False
chr1	225786911	225786912	+	7.03e-10	Pvalue	0.494	136	A	ATAGC	ok	False
chr8	54147896	54147897	+	2.54e-05	Pvalue	0.114	178	A	AGAGA	ok	False
chr4	48885387	48885388	-	1.56e-12	Pvalue	0.184	310	T	TGTTC	ok	True
chr7	56011648	56011649	-	1.52e-08	Pvalue	0.4	672	T	ATTTG	ok	False
chrx	77827543	77827544	-	3.04e-10	Pvalue	0.331	383	T	AGTGA	ok	False
chr14	52775759	52775760	-	5.72e-05	Pvalue	0.268	139	T	TGTAG	ok	False
chr3	45680903	45680904	+	0.0123	Pvalue	0.262	112	A	TGAGA	ok	False
chr17	8377526	8377527	-	0	Pvalue	0.14	18723	T	TGTTT	ok	True
chr9	35697339	35697340	-	0.000102	Pvalue	0.102	515	T	TGTAG	ok	False
chr11	74128945	74128946	-	2.23e-05	Pvalue	-0.348	15	T	TCTTT	ok	False
chr3	156541498	156541499	-	5.92e-23	Pvalue	0.383	244	T	TCTGC	ok	False
chr8	30678376	30678377	-	0.00161	Pvalue	-0.148	410	T	TTTGA	ok	False
chr7	128770576	128770577	+	0.000674	Pvalue	-0.406	220	A	CCAAA	ok	False
chr2	223755626	223755627	-	0.00136	Pvalue	0.111	145	T	GGTTC	ok	True
chr2	223755694	223755695	-	0.000299	Pvalue	0.176	141	T	GCTAA	ok	False
chr14	102348514	102348515	-	7.1e-07	Pvalue	-0.343	163	T	GGTGA	ok	False
chr22	39522450	39522451	+	5.94e-91	Pvalue	0.174	3550	A	GGAGC	ok	False
chr19	38730130	38730131	+	7.11e-07	Pvalue	-0.206	521	A	CCAAA	ok	False
chr4	17801200	17801201	-	7.35e-10	Pvalue	0.484	64	T	GCTCA	ok	False
chr17	16441727	16441728	+	0.0011	Pvalue	0.102	5294	A	AAATT	ok	False
chr22	39522450	39522451	+	2.8e-83	Pvalue	0.167	3550	A	GGAGC	ok	False
chr19	48923266	48923267	+	0.000797	Pvalue	0.105	725	A	GAACA	ok	True
chr1	32621210	32621211	-	6.71e-07	Pvalue	0.494	49	T	GCTAA	ok	False
chr6	52995856	52995857	+	0.000341	Pvalue	-0.124	381	A	TCAAG	ok	False
chr4	2938436	2938437	-	6.7e-05	Pvalue	0.243	147	T	GCTTG	ok	False
chr8	30678462	30678463	-	1.64e-18	Pvalue	0.202	394	T	AGTGA	ok	False
chr1	35184166	35184167	-	6.9e-07	Pvalue	0.142	734	T	AATTG	ok	False
chr14	102084942	102084943	-	0.000426	Pvalue	0.195	805	T	TGTCT	ok	True
chr5	80628023	80628024	-	0.0118	Pvalue	0.253	84	T	GGTGA	ok	False
chr9	129827806	129827807	-	1.2e-14	Pvalue	-0.343	256	T	TTTGA	ok	False
chr17	8377526	8377527	-	5.43e-102	Pvalue	0.114	18723	T	TGTTT	ok	True
chr7	44801889	44801890	+	0.000119	Pvalue	0.598	115	A	ATAGT	ok	False
chr7	102637284	102637285	-	7.43e-05	Pvalue	0.354	119	T	GCTAC	ok	False
chrx	81114980	81114981	-	2.98e-06	Pvalue	-0.199	69	T	TTTCT	ok	False
chr17	75778130	75778131	-	7.14e-07	Pvalue	-0.119	840	T	TTTAA	ok	False
chr1	225786878	225786879	+	1.31e-07	Pvalue	0.228	133	A	CTATT	ok	False
chr5	44815306	44815307	+	2.98e-21	Pvalue	0.168	371	A	AGACA	ok	True
chr17	48636552	48636553	-	0.00048	Pvalue	-0.423	41	T	TTTCC	ok	False
chr1	35602284	35602285	-	0.00542	Pvalue	0.592	179	T	GATTA	ok	False
chr1	19259264	19259265	+	0.000135	Pvalue	-0.19	108	A	CCAAA	ok	False
chr19	38730130	38730131	+	7.1e-06	Pvalue	-0.244	521	A	CCAAA	ok	False
chr1	17018732	17018733	-	4.23e-19	Pvalue	0.228	404	T	TGTTA	ok	True
chr3	169982857	169982858	+	1.49e-05	Pvalue	0.234	79	A	AGACA	ok	True
chr7	102637230	102637231	-	2.48e-05	Pvalue	0.375	130	T	TCTAC	ok	False
chr15	34230147	34230148	+	1.49e-40	Pvalue	0.189	855	A	GCATA	ok	False
chr17	1422164	1422165	-	9.88e-10	Pvalue	-0.351	143	T	TTTCC	ok	False
chr22	38684239	38684240	+	1.29e-07	Pvalue	-0.401	474	A	GCAGG	ok	False
chr9	129827786	129827787	-	2.1e-08	Pvalue	-0.268	237	T	TTTTT	ok	False
chr11	31431671	31431672	+	0.00213	Pvalue	0.512	34	A	TTAGC	ok	False
chr3	45681009	45681010	+	0.00012	Pvalue	-0.289	61	A	TCAAA	ok	False
chr2	216501817	216501818	+	2.09e-06	Pvalue	0.204	145	A	CAAGC	ok	False
chr20	37241398	37241399	+	1.22e-20	Pvalue	-0.302	825	A	GGAAA	ok	False
chr6	149724791	149724792	-	2.75e-08	Pvalue	0.295	101	T	TGTTG	ok	False
chr1	214350762	214350763	-	8.35e-06	Pvalue	0.529	43	T	GTTGG	ok	False
chr9	128695150	128695151	+	4.11e-18	Pvalue	-0.192	1830	A	AGAAA	ok	False
chr3	181231804	181231805	+	0.000874	Pvalue	-0.423	3	A	GCAAG	ok	False
chr3	156540518	156540519	-	8.07e-05	Pvalue	0.215	226	T	AATGG	ok	False
chr13	102766115	102766116	-	0.00116	Pvalue	0.201	104	T	TGTAA	ok	False
chr16	81030901	81030902	+	0.000107	Pvalue	0.39	53	A	TTAGC	ok	False
chr22	41576903	41576904	-	8.54e-05	Pvalue	0.133	157	T	TGTTC	ok	True
chr5	77114605	77114606	+	0.00132	Pvalue	-0.369	0	A	ATACC	ok	False
chr2	216502170	216502171	+	9.14e-07	Pvalue	0.218	196	A	ATACA	ok	False
chr5	137752884	137752885	-	2.49e-16	Pvalue	0.245	539	T	AGTAA	ok	False
chr3	155942975	155942976	+	0.000588	Pvalue	0.566	36	A	TAATC	ok	False
chr1	175007190	175007191	+	6.07e-12	Pvalue	0.102	821	A	TCAAA	ok	False
chr1	31908253	31908254	-	0.00147	Pvalue	0.153	367	T	TATCT	ok	False
chr15	89897336	89897337	-	1.1e-05	Pvalue	0.51	44	T	ACTAG	ok	False
chr8	30678388	30678389	-	1.18e-10	Pvalue	0.12	410	T	TCTTG	ok	False
chr12	56229741	56229742	+	5.38e-05	Pvalue	-0.306	151	A	AAAAA	ok	False
chr1	40072252	40072253	+	1.35e-07	Pvalue	-0.242	408	A	GGAAA	ok	False
chr16	10529818	10529819	-	0.000742	Pvalue	0.192	170	T	GCTAC	ok	False
chr11	68755611	68755612	-	0.00045	Pvalue	0.188	140	T	CGTGT	ok	False
chr10	119035791	119035792	-	3.14e-20	Pvalue	0.145	452	T	TGTCA	ok	True
chr11	68755547	68755548	-	0.00305	Pvalue	0.146	148	T	ACTAC	ok	False
chr1	20651963	20651964	-	5.16e-09	Pvalue	0.125	633	T	ACTAC	ok	False
chr12	47781439	47781440	+	0.000621	Pvalue	0.197	263	A	TCACC	ok	False
chr14	49862574	49862575	-	3.57e-06	Pvalue	0.579	199	T	GCTCA	ok	False
chr12	106237981	106237982	-	7.12e-05	Pvalue	-0.15	554	T	TTTAC	ok	False
chr1	35602158	35602159	-	4.33e-08	Pvalue	0.402	187	T	CCTGT	ok	False
chr1	35184166	35184167	-	6.53e-05	Pvalue	0.129	734	T	AATTG	ok	False
chr1	40072252	40072253	+	0.000114	Pvalue	-0.215	408	A	GGAAA	ok	False
chr2	216502187	216502188	+	0.000193	Pvalue	0.186	201	A	GTATG	ok	False
chr6	149724711	149724712	-	5.35e-20	Pvalue	0.547	108	T	AGTAG	ok	False
chr1	20651963	20651964	-	1.37e-09	Pvalue	0.117	633	T	ACTAC	ok	False
chr5	32124857	32124858	-	5.02e-22	Pvalue	0.105	1272	T	AATCT	ok	False
chr2	216502206	216502207	+	1.96e-13	Pvalue	0.28	205	A	TAATC	ok	False
chr2	216501846	216501847	+	2.63e-06	Pvalue	0.238	158	A	GTAGC	ok	False
chr16	54283678	54283679	-	0.000437	Pvalue	-0.177	266	T	TTTAA	ok	False
chr16	81030968	81030969	+	1.93e-05	Pvalue	0.426	53	A	TGAAC	ok	False
chr14	77717603	77717604	-	2.76e-08	Pvalue	0.128	239	T	TGTCT	ok	True
chr5	17276633	17276634	+	5.24e-67	Pvalue	-0.174	4011	A	TGAAA	ok	False
chr4	57031080	57031081	-	7.34e-74	Pvalue	0.105	2486	T	TGTGA	ok	False
chr7	44801624	44801625	+	1.36e-19	Pvalue	0.109	16030	A	TAACA	ok	True
chr4	2938643	2938644	-	0.000446	Pvalue	0.557	121	T	ACTAC	ok	False
chr9	134440091	134440092	+	0.000686	Pvalue	-0.311	83	A	GTAAA	ok	False
chr8	17230540	17230541	-	1.13e-16	Pvalue	-0.352	244	T	TTTCT	ok	False
chr16	50105832	50105833	+	2.03e-06	Pvalue	0.458	55	A	AAAGT	ok	False
chr7	128770576	128770577	+	4.16e-07	Pvalue	-0.506	220	A	CCAAA	ok	False
chr1	1014535	1014536	+	1.66e-29	Pvalue	0.131	683	A	AGAGA	ok	False
chr7	6402509	6402510	+	8.13e-21	Pvalue	-0.285	149	A	AAAAC	ok	False
chr6	42889244	42889245	+	1.73e-17	Pvalue	0.496	235	A	CCAGC	ok	False
chr8	63015082	63015083	-	2.35e-21	Pvalue	0.23	405	T	TGTAT	ok	False
chr19	41872641	41872642	+	0.000253	Pvalue	0.14	147	A	GTAAT	ok	False
chr9	37429816	37429817	+	6.04e-06	Pvalue	0.143	558	A	GCAGA	ok	False
chr1	225786942	225786943	+	1.06e-07	Pvalue	0.181	140	A	CAAGC	ok	False
chr6	42889441	42889442	+	0.0189	Pvalue	-0.229	141	A	TCAAA	ok	False
chr6	43521504	43521505	+	0.000545	Pvalue	0.167	128	A	AAACA	ok	True
chr3	181231788	181231789	+	0.00418	Pvalue	-0.357	3	A	TTAGC	ok	False
chr3	14944629	14944630	-	6.6e-05	Pvalue	0.414	135	T	ACTTG	ok	False
chr6	149724618	149724619	-	4.68e-13	Pvalue	0.359	108	T	TCTTT	ok	False
chr1	85583599	85583600	+	2.94e-11	Pvalue	0.154	1861	A	GGAGG	ok	False
chr2	130190610	130190611	+	3.15e-16	Pvalue	-0.236	2051	A	ACACG	ok	False
chr3	14944602	14944603	-	0.000377	Pvalue	0.272	134	T	ACTTT	ok	False
chrx	119538571	119538572	-	0.00129	Pvalue	0.333	100	T	ACTAC	ok	False
chr5	256677	256678	+	2.35e-35	Pvalue	0.133	1176	A	GAACA	ok	True
chr17	7578700	7578701	+	7.89e-13	Pvalue	-0.125	1027	A	CCAAA	ok	False
chr3	45680915	45680916	+	5.26e-11	Pvalue	0.386	115	A	GCAGG	ok	False
chr1	110022374	110022375	+	6.02e-06	Pvalue	-0.274	117	A	CCAAA	ok	False
chr4	17801159	17801160	-	0.00256	Pvalue	0.232	65	T	TCTCA	ok	False
chr1	31906754	31906755	-	2.14e-12	Pvalue	0.12	854	T	CATAC	ok	False
chr10	133312867	133312868	+	5.58e-05	Pvalue	-0.103	180	A	ATAGA	ok	False
chr17	81509970	81509971	-	1.36e-07	Pvalue	-0.104	4467	T	CATTG	ok	False
chr3	45680941	45680942	+	0.00128	Pvalue	0.586	115	A	GCAGA	ok	False
chr2	216501856	216501857	+	8.82e-18	Pvalue	0.642	160	A	TTACA	ok	False
chr9	73170389	73170390	+	3.01e-44	Pvalue	0.215	1151	A	AGACA	ok	True
chr15	65576354	65576355	+	4.61e-12	Pvalue	0.201	226	A	GGACA	ok	True
chr4	56460915	56460916	+	0.00114	Pvalue	0.142	559	A	TGAGC	ok	False
chr4	17801265	17801266	-	1.96e-07	Pvalue	0.602	64	T	GATTA	ok	False
chr1	85583599	85583600	+	1.2e-09	Pvalue	0.169	1861	A	GGAGG	ok	False
chr6	42889244	42889245	+	2.82e-12	Pvalue	0.502	235	A	CCAGC	ok	False
chr2	216502197	216502198	+	1.89e-16	Pvalue	0.402	205	A	ACATG	ok	False
chr12	11172270	11172271	+	0.000127	Pvalue	0.113	157	A	ATACA	ok	False
chr16	31123773	31123774	+	0.00184	Pvalue	0.342	37	A	AAAGT	ok	False
chr2	130190686	130190687	+	5.74e-13	Pvalue	-0.217	2021	A	CAATT	ok	False
chr9	73170389	73170390	+	8.6e-51	Pvalue	0.229	1151	A	AGACA	ok	True
chr13	21492697	21492698	-	0.0137	Pvalue	0.213	99	T	TGTAT	ok	False
chr5	80627509	80627510	-	1.14e-08	Pvalue	0.227	176	T	GCTAA	ok	False
chr8	38973016	38973017	+	0.00141	Pvalue	0.167	148	A	GCAGC	ok	False
chr15	66499041	66499042	-	0.0055	Pvalue	-0.153	87	T	TTTAC	ok	False
chr1	153618802	153618803	-	0.00218	Pvalue	0.147	170	T	TGTGT	ok	False
chr3	156540603	156540604	-	1.3e-05	Pvalue	0.451	215	T	TCTCA	ok	False
chr1	35602608	35602609	-	0.000787	Pvalue	0.39	104	T	CCTGT	ok	False
chr5	159285393	159285394	+	8.28e-09	Pvalue	-0.396	61	A	CCAAA	ok	False
chr19	3976399	3976400	-	0	Pvalue	0.187	8374	T	GTTAT	ok	False
chr2	65269097	65269098	+	0.00123	Pvalue	-0.444	37	A	ACAAA	ok	False
chr12	79590214	79590215	-	0.0015	Pvalue	-0.356	94	T	TTTGG	ok	False
chrx	12823862	12823863	+	2.68e-08	Pvalue	0.189	198	A	GGAGC	ok	False
chr15	74955310	74955311	-	2.11e-19	Pvalue	0.167	366	T	TGTGC	ok	False
chr9	127815503	127815504	-	0.00486	Pvalue	-0.526	402	T	GTTCC	ok	False
chr3	156540415	156540416	-	4.84e-19	Pvalue	0.415	239	T	GCTAA	ok	False
chr17	34257197	34257198	+	2.01e-22	Pvalue	0.167	458	A	GTACA	ok	False
chr11	61798267	61798268	-	0.0254	Pvalue	0.219	66	T	AGTGA	ok	False
chr6	89636697	89636698	-	0.000141	Pvalue	-0.343	78	T	TTTAG	ok	False
chr11	88326090	88326091	-	2.7e-06	Pvalue	0.122	307	T	TGTAT	ok	False
chr2	197391984	197391985	-	0.00471	Pvalue	0.104	563	T	TGTAC	ok	False
chr22	39522450	39522451	+	4.83e-46	Pvalue	0.193	3550	A	GGAGC	ok	False
chr1	156139303	156139304	+	1.62e-10	Pvalue	-0.245	396	A	GCAAA	ok	False
chr13	109270642	109270643	+	0.000334	Pvalue	0.341	175	A	ACAAT	ok	False
chr12	76047442	76047443	-	0.0429	Pvalue	-0.309	229	T	TTTAC	ok	False
chr2	238848556	238848557	+	0.0015	Pvalue	-0.216	66	A	ATAGA	ok	False
chr9	34635596	34635597	-	1.34e-05	Pvalue	-0.152	865	T	CCTGT	ok	False
chr16	10529847	10529848	-	1.76e-06	Pvalue	0.277	169	T	ACTTG	ok	False
chr17	8377526	8377527	-	6.16e-77	Pvalue	0.164	18723	T	TGTTT	ok	True
chrx	77827543	77827544	-	2.17e-07	Pvalue	0.293	383	T	AGTGA	ok	False
chr1	165662581	165662582	-	1.36e-09	Pvalue	-0.285	214	T	TTTCT	ok	False
chr20	16737321	16737322	+	2.32e-05	Pvalue	0.193	152	A	TGACA	ok	True
chr8	19966123	19966124	+	0.00279	Pvalue	-0.168	206	A	AGAAA	ok	False
chr6	42889292	42889293	+	4.33e-14	Pvalue	0.385	238	A	TTAGC	ok	False
chr2	216501791	216501792	+	9.38e-07	Pvalue	0.283	138	A	CCACT	ok	False
chr1	63660241	63660242	+	1.89e-10	Pvalue	0.103	375	A	CTACA	ok	False
chr6	42889292	42889293	+	7.21e-12	Pvalue	0.361	238	A	TTAGC	ok	False
chr11	61800209	61800210	-	1.25e-24	Pvalue	-0.207	772	T	TTTGA	ok	False
chr11	112095772	112095773	+	0.000719	Pvalue	0.171	134	A	ATAAA	ok	False
chr12	98549324	98549325	+	1.07e-06	Pvalue	0.173	219	A	CAAGC	ok	False
chr7	56011648	56011649	-	4.2e-07	Pvalue	0.541	672	T	ATTTG	ok	False
chr7	128770576	128770577	+	0.0433	Pvalue	-0.486	220	A	CCAAA	ok	False
chr14	102348514	102348515	-	2.89e-09	Pvalue	-0.319	163	T	GGTGA	ok	False
chr6	41789886	41789887	+	3.65e-09	Pvalue	0.142	1205	A	ACACA	ok	False
chr12	50100289	50100290	+	1.04e-08	Pvalue	-0.368	117	A	CTAAA	ok	False
chr17	8377526	8377527	-	3.49e-24	Pvalue	0.134	18723	T	TGTTT	ok	True
chr4	6707704	6707705	-	0.000157	Pvalue	0.134	173	T	TGTTT	ok	True
chr19	40765385	40765386	+	1.38e-06	Pvalue	0.103	245	A	TCACA	ok	False
chr12	92143943	92143944	-	6.99e-14	Pvalue	-0.279	368	T	TTTAC	ok	False
chr12	56731421	56731422	-	2.69e-05	Pvalue	0.504	18	T	ACTGA	ok	False
chr8	90051997	90051998	+	2.68e-06	Pvalue	0.149	186	A	TAACA	ok	True
chr12	64450353	64450354	+	0.0013	Pvalue	0.452	59	A	TTACC	ok	False
chr3	155943110	155943111	+	0.0016	Pvalue	0.656	38	A	TAATC	ok	False
chr8	100703279	100703280	-	3.15e-05	Pvalue	-0.201	2951	T	TTTCC	ok	False
chr1	244708727	244708728	+	0.000793	Pvalue	0.181	132	A	CTAGC	ok	False
chr1	156139303	156139304	+	0.00212	Pvalue	-0.237	396	A	GCAAA	ok	False
chr1	35602158	35602159	-	0.00209	Pvalue	0.268	187	T	CCTGT	ok	False
chr15	89897327	89897328	-	0.000197	Pvalue	0.486	44	T	AATAC	ok	False
chr9	21863622	21863623	+	0.00181	Pvalue	-0.518	18	A	TCAAA	ok	False
chr2	47335462	47335463	+	0.0116	Pvalue	-0.12	38	A	ACAAA	ok	False
chr1	85583599	85583600	+	1.57e-15	Pvalue	0.127	1861	A	GGAGG	ok	False
chr11	86811227	86811228	+	2.87e-05	Pvalue	0.189	117	A	TCACA	ok	False
chr9	73170389	73170390	+	0.00251	Pvalue	0.162	1151	A	AGACA	ok	True
chr1	153981654	153981655	-	1.13e-06	Pvalue	0.174	161	T	TGTGC	ok	False
chr8	30785621	30785622	-	5.28e-10	Pvalue	0.151	278	T	TGTTT	ok	True
chr11	114312417	114312418	+	0.00174	Pvalue	0.201	447	A	CCATG	ok	False
chr14	55145288	55145289	+	0.000187	Pvalue	-0.172	337	A	TTAAA	ok	False
chr4	17801224	17801225	-	1.66e-06	Pvalue	0.492	64	T	GGTTC	ok	True
chr2	20448491	20448492	+	3.77e-13	Pvalue	-0.161	818	A	ATAGA	ok	False
chr3	45680929	45680930	+	1.31e-14	Pvalue	0.591	115	A	TGAAC	ok	False
chr3	45680807	45680808	+	0.00649	Pvalue	0.273	113	A	TTAGA	ok	False
chrx	81115061	81115062	-	0.00304	Pvalue	-0.137	63	T	TTTTC	ok	False
chr3	194688528	194688529	+	0.0011	Pvalue	-0.101	308	A	TTAAA	ok	False
chr17	31851874	31851875	-	1.92e-05	Pvalue	0.102	300	T	TCTCT	ok	False
chr2	223755706	223755707	-	0.00598	Pvalue	0.204	139	T	ATTTT	ok	False
chr5	34906229	34906230	-	0.000154	Pvalue	0.524	61	T	ATTAC	ok	False
chr16	10532763	10532764	-	0.046	Pvalue	-0.286	90	T	TTTTT	ok	False
chr14	23325334	23325335	+	0.00439	Pvalue	-0.218	115	A	GGAAA	ok	False
chr3	156541616	156541617	-	3.15e-23	Pvalue	0.394	225	T	TGTTG	ok	False
chrx	119538707	119538708	-	0.000192	Pvalue	0.515	92	T	GATTA	ok	False
chr22	38483443	38483444	-	3.32e-06	Pvalue	0.109	931	T	TGTCA	ok	True
chr12	57748251	57748252	-	1.78e-26	Pvalue	0.121	760	T	TGTTT	ok	True
chr3	50258898	50258899	+	1.26e-05	Pvalue	-0.291	224	A	GGAAA	ok	False
chr18	59903116	59903117	+	1.12e-05	Pvalue	-0.101	170	A	TTAGA	ok	False
chr14	74736300	74736301	+	0.00036	Pvalue	0.379	71	A	CCACT	ok	False
chr8	30678361	30678362	-	2.42e-05	Pvalue	-0.13	241	T	TTTTT	ok	False
chr6	42889284	42889285	+	0.000234	Pvalue	0.193	236	A	ATACA	ok	False
chr1	205718235	205718236	-	3.38e-06	Pvalue	-0.286	236	T	TTTCT	ok	False
chr3	156541550	156541551	-	2.9e-31	Pvalue	0.431	242	T	GATTA	ok	False
chrx	54564913	54564914	+	0.00136	Pvalue	0.287	71	A	TTAGT	ok	False
chr8	85214504	85214505	-	1.6e-14	Pvalue	0.133	618	T	TGTAT	ok	False
chr6	149724650	149724651	-	1.37e-14	Pvalue	0.411	107	T	TCTTG	ok	False
chr6	42889178	42889179	+	0.0129	Pvalue	0.539	231	A	ACACC	ok	False
chr17	49055144	49055145	+	0.000572	Pvalue	-0.472	20	A	AAAAA	ok	False
chr10	100232556	100232557	-	3.01e-07	Pvalue	0.485	87	T	AGTGC	ok	False
